# This file is brought to you by Roblox Corporation
# Generated by Roblox Studio

mtllib goku hair.mtl

g MeshesgokuUltraInstinctHair1

v -333.166 16.8283 -117.921 
v -333.212 16.8767 -117.841 
v -333.146 16.8691 -117.917 
v -333.225 16.8349 -117.848 
v -333.225 16.7048 -117.852 
v -333.163 16.7069 -117.923 
v -333.141 16.5466 -117.927 
v -333.007 17.0361 -118.021 
v -333.034 16.9414 -117.987 
v -333.04 16.8974 -117.979 
v -333.108 16.9209 -117.903 
v -333.1 16.9711 -117.915 
v -333.062 17.0867 -117.941 
v -333.156 16.9304 -117.815 
v -333.89 16.178 -116.439 
v -333.869 16.105 -116.41 
v -334.118 16.2977 -116.211 
v -333.73 16.0371 -116.53 
v -333.757 16.1432 -116.578 
v -333.627 16.1178 -116.718 
v -333.603 15.9839 -116.657 
v -333.457 15.9673 -116.801 
v -333.484 16.1057 -116.869 
v -333.257 15.9746 -117.013 
v -333.262 16.1023 -117.09 
v -333.07 15.962 -117.213 
v -332.906 15.9502 -117.411 
v -333.072 16.0873 -117.291 
v -333.043 16.17 -117.34 
v -332.971 16.2016 -117.505 
v -333.198 16.5283 -117.75 
v -333.137 16.3857 -117.893 
v -333.124 16.3637 -117.791 
v -333.198 16.5325 -117.868 
v -333.238 16.7112 -117.717 
v -333.225 16.7048 -117.852 
v -333.225 16.8349 -117.848 
v -333.237 16.8305 -117.697 
v -333.212 16.8767 -117.841 
v -333.225 16.8683 -117.687 
v -333.197 16.9093 -117.676 
v -332.517 17.0088 -118.308 
v -332.517 16.8879 -118.287 
v -332.537 17.089 -118.277 
v -332.606 16.9739 -118.206 
v -332.579 16.8603 -118.187 
v -333.185 16.8231 -117.601 
v -333.216 16.9353 -117.55 
v -333.194 16.8739 -117.629 
v -333.2 16.784 -117.408 
v -333.166 16.748 -117.572 
v -333.067 16.556 -117.585 
v -333.094 16.5223 -117.453 
v -333.219 16.9618 -117.423 
v -333.207 17.0742 -117.578 
v -333.197 16.9093 -117.676 
v -333.211 17.1031 -117.445 
v -332.99 16.5735 -117.669 
v -333.016 16.5737 -117.635 
v -332.996 16.4662 -117.62 
v -333.021 16.448 -117.591 
v -333.067 16.556 -117.585 
v -332.991 16.4356 -117.669 
v -333.094 16.5223 -117.453 
v -333.012 16.4093 -117.592 
v -332.989 16.3807 -117.634 
v -332.993 16.2941 -117.589 
v -332.971 16.2016 -117.505 
v -332.634 18.1086 -117.335 
v -332.55 18.2306 -117.854 
v -332.681 18.0202 -117.692 
v -332.512 18.3389 -117.559 
v -332.703 17.9062 -117.202 
v -332.315 18.389 -118.032 
v -332.318 18.5053 -117.843 
v -332.753 17.8168 -117.583 
v -332.833 17.5503 -117.292 
v -332.836 17.5367 -117.495 
v -332.771 17.5299 -117.071 
v -332.714 17.4368 -117.851 
v -332.794 17.4972 -117.669 
v -332.648 17.7325 -117.921 
v -332.753 17.8168 -117.583 
v -332.836 17.5367 -117.495 
v -332.681 18.0202 -117.692 
v -332.575 17.9134 -118 
v -332.482 18.086 -118.095 
v -332.55 18.2306 -117.854 
v -332.323 18.2528 -118.225 
v -332.315 18.389 -118.032 
v -331.944 18.4347 -118.519 
v -331.952 18.5241 -118.423 
v -333.197 16.9093 -117.676 
v -333.194 16.8739 -117.629 
v -333.216 16.9353 -117.55 
v -333.207 17.0742 -117.578 
v -333.185 17.0399 -117.707 
v -333.156 16.9304 -117.815 
v -333.172 17.2097 -117.602 
v -333.211 17.1031 -117.445 
v -333.149 17.0038 -117.826 
v -333.1 16.9711 -117.915 
v -333.174 17.2344 -117.466 
v -333.147 17.1735 -117.733 
v -333.11 17.129 -117.85 
v -333.062 17.0867 -117.941 
v -333.083 17.2814 -117.753 
v -333.105 17.316 -117.621 
v -333.114 17.3426 -117.483 
v -333.017 17.4101 -117.639 
v -333.031 17.4305 -117.495 
v -333.05 17.2324 -117.872 
v -333.009 17.1815 -117.963 
v -332.962 17.1204 -118.045 
v -333.007 17.0361 -118.021 
v -332.981 16.9248 -118.225 
v -333.003 16.9028 -118.091 
v -332.974 16.9548 -118.211 
v -332.957 16.9945 -118.068 
v -332.978 16.8681 -118.002 
v -332.866 17.0116 -118.335 
v -332.872 16.9786 -118.352 
v -332.882 16.8514 -118.372 
v -333.01 16.8728 -118.099 
v -332.963 16.82 -117.991 
v -332.98 16.7975 -118.252 
v -332.885 16.7213 -118.385 
v -333.003 16.754 -118.117 
v -332.93 16.7211 -117.966 
v -332.969 16.6662 -118.267 
v -332.866 16.5427 -118.388 
v -332.974 16.6284 -118.134 
v -332.919 16.6053 -118.035 
v -332.933 16.4977 -118.284 
v -332.853 16.5017 -118.381 
v -332.915 16.4645 -118.167 
v -332.877 16.451 -118.105 
v -332.912 16.4571 -118.287 
v -332.897 16.4368 -118.175 
v -332.801 16.3261 -118.201 
v -333.793 16.8109 -116.961 
v -333.508 16.7396 -117.162 
v -333.501 16.5324 -117.026 
v -333.778 16.9268 -117.011 
v -333.233 16.605 -117.338 
v -333.094 16.5223 -117.453 
v -333.043 16.17 -117.34 
v -332.971 16.2016 -117.505 
v -333.243 16.3368 -117.179 
v -333.789 16.6855 -116.853 
v -333.972 16.7654 -116.679 
v -333.988 16.8367 -116.747 
v -333.038 16.9957 -116.601 
v -333.077 16.8445 -116.632 
v -333.126 16.9629 -116.744 
v -332.977 17.1218 -116.607 
v -333.029 17.3364 -116.965 
v -333.113 17.3463 -117.319 
v -333.114 17.3426 -117.483 
v -333.087 17.3215 -117.122 
v -333.086 17.2915 -117.038 
v -333.141 17.2498 -117.091 
v -333.17 17.2416 -117.313 
v -333.174 17.2344 -117.466 
v -333.168 17.0915 -117.103 
v -333.2 17.1167 -117.304 
v -333.211 17.1031 -117.445 
v -333.207 16.9895 -117.3 
v -333.219 16.9618 -117.423 
v -333.2 16.784 -117.408 
v -333.254 17.2735 -116.899 
v -333.168 17.0915 -117.103 
v -333.292 17.1925 -116.881 
v -333.141 17.2498 -117.091 
v -333.437 17.283 -116.617 
v -333.395 17.3346 -116.644 
v -333.523 17.4279 -116.433 
v -332.556 16.7478 -118.094 
v -332.579 16.8603 -118.187 
v -332.526 16.7981 -118.214 
v -332.517 16.8879 -118.287 
v -332.42 16.8236 -118.369 
v -332.448 16.7404 -118.278 
v -332.304 16.706 -118.421 
v -332.351 16.6549 -118.327 
v -332.243 16.5325 -118.352 
v -332.192 16.5535 -118.439 
v -332.181 16.5337 -118.438 
v -332.13 16.4334 -118.405 
v -332.164 16.4279 -118.353 
v -332.077 16.331 -118.341 
v -332.099 16.3297 -118.305 
v -332.022 16.1658 -118.25 
v -332.912 17.0499 -118.104 
v -332.92 17.0173 -118.184 
v -332.957 16.9945 -118.068 
v -332.237 16.0294 -116.351 
v -332.339 16.0582 -116.627 
v -332.356 15.699 -116.888 
v -332.127 15.8114 -116.332 
v -332.06 16.0046 -116.062 
v -331.99 15.8526 -116.1 
v -331.912 15.9918 -115.901 
v -331.877 15.8883 -115.946 
v -333.185 16.8231 -117.601 
v -333.237 16.8305 -117.697 
v -333.187 16.7369 -117.612 
v -333.225 16.8683 -117.687 
v -333.194 16.8739 -117.629 
v -333.197 16.9093 -117.676 
v -333.294 17.1164 -116.753 
v -333.168 17.0915 -117.103 
v -333.292 17.1925 -116.881 
v -333.446 17.2309 -116.527 
v -333.437 17.283 -116.617 
v -333.559 17.356 -116.368 
v -333.552 17.388 -116.421 
v -333.634 17.5849 -116.193 
v -333.523 17.4279 -116.433 
v -333.101 16.8317 -116.054 
v -333.051 16.7338 -116.239 
v -333.022 16.4886 -116.199 
v -333.032 16.936 -116.302 
v -333.1 16.9741 -116.098 
v -333.012 16.6058 -116.392 
v -333.001 16.7297 -116.626 
v -332.863 16.4835 -116.641 
v -332.765 16.2277 -116.631 
v -332.923 16.384 -116.367 
v -332.858 16.2838 -116.375 
v -333.02 16.6185 -115.931 
v -333.072 16.6781 -115.993 
v -333.152 16.7852 -115.813 
v -333.118 16.7456 -115.771 
v -333.181 16.8889 -115.857 
v -333.19 16.9894 -115.889 
v -333.213 16.8334 -115.618 
v -333.231 16.8586 -115.646 
v -333.34 16.9578 -115.368 
v -333.245 16.9221 -115.676 
v -333.254 16.9899 -115.704 
v -332.479 17.4475 -117.84 
v -332.356 17.6778 -118.173 
v -332.438 17.3675 -117.975 
v -332.219 17.4122 -118.383 
v -332.302 17.1522 -118.205 
v -332.221 17.7631 -118.391 
v -332.101 17.563 -118.548 
v -332.058 17.8013 -118.587 
v -331.997 17.8004 -118.654 
v -331.907 17.623 -118.784 
v -331.867 17.7763 -118.819 
v -331.741 17.6335 -119.005 
v -331.717 17.7192 -119.016 
v -333.124 16.1601 -115.736 
v -333.111 16.0892 -115.732 
v -333.189 16.263 -115.51 
v -333.061 15.9981 -115.875 
v -333.079 16.0981 -115.88 
v -333.022 15.959 -115.851 
v -333.032 16.051 -116.038 
v -333.014 15.9235 -116.034 
v -332.941 15.9154 -116.206 
v -332.971 16.0487 -116.21 
v -332.356 15.699 -116.888 
v -332.855 15.9255 -116.413 
v -332.881 16.1037 -116.406 
v -332.751 15.9364 -116.555 
v -332.765 16.2277 -116.631 
v -333.124 16.3637 -117.791 
v -333.078 16.3574 -117.714 
v -333.139 16.5371 -117.635 
v -333.198 16.5283 -117.75 
v -333.166 16.748 -117.572 
v -333.187 16.7369 -117.612 
v -333.185 16.8231 -117.601 
v -333.238 16.7112 -117.717 
v -333.237 16.8305 -117.697 
v -333.982 16.9923 -116.751 
v -334.137 16.899 -116.657 
v -333.995 16.9183 -116.797 
v -333.772 17.0264 -116.951 
v -333.559 17.356 -116.368 
v -333.547 17.3626 -116.302 
v -333.634 17.5849 -116.193 
v -333.377 16.4325 -116.85 
v -333.262 16.1023 -117.09 
v -333.214 16.2993 -117.094 
v -333.072 16.0873 -117.291 
v -333.043 16.17 -117.34 
v -332.185 16.5531 -116.338 
v -332.008 16.6833 -116.15 
v -332.276 16.6798 -116.466 
v -332.341 16.4402 -116.495 
v -331.989 16.9112 -116.217 
v -332.086 17.0921 -116.584 
v -331.904 17.1762 -116.33 
v -331.726 17.1704 -116.078 
v -331.8 16.9788 -115.992 
v -331.815 16.8251 -115.956 
v -333.155 17.0922 -115.873 
v -333.231 17.0497 -115.692 
v -333.34 16.9578 -115.368 
v -333.254 16.9899 -115.704 
v -333.19 16.9894 -115.889 
v -333.05 17.0994 -116.079 
v -333.1 16.9741 -116.098 
v -332.937 17.1177 -116.329 
v -333.032 16.936 -116.302 
v -333.001 16.7297 -116.626 
v -332.869 17.1049 -116.526 
v -332.746 17.9662 -116.841 
v -332.554 18.1129 -117.05 
v -332.636 17.927 -117.006 
v -332.652 18.2004 -116.91 
v -332.793 17.7732 -116.822 
v -332.442 18.3214 -117.17 
v -332.671 17.752 -116.996 
v -332.704 17.4992 -117.029 
v -332.812 17.4556 -116.854 
v -332.508 18.3906 -117.05 
v -332.341 18.5344 -117.254 
v -332.311 18.5103 -117.319 
v -332.142 18.6078 -117.52 
v -331.795 16.0374 -115.814 
v -331.631 16.211 -115.759 
v -331.67 16.1109 -115.731 
v -332.339 16.0582 -116.627 
v -332.237 16.0294 -116.351 
v -332.347 16.2675 -116.606 
v -331.972 16.2469 -116.145 
v -332.06 16.0046 -116.062 
v -331.912 15.9918 -115.901 
v -331.853 16.2065 -115.949 
v -332.906 15.9502 -117.411 
v -333.112 15.8946 -116.957 
v -333.077 15.9566 -116.977 
v -333.154 15.9617 -116.723 
v -333.299 15.8172 -116.637 
v -333.289 15.8855 -116.577 
v -333.397 15.7477 -116.42 
v -333.401 15.8004 -116.401 
v -333.492 15.686 -116.23 
v -333.079 16.0981 -115.88 
v -332.964 16.278 -115.985 
v -333.032 16.051 -116.038 
v -333.044 16.2623 -115.836 
v -332.876 16.3433 -116.2 
v -333.109 16.2562 -115.704 
v -333.124 16.1601 -115.736 
v -333.189 16.263 -115.51 
v -332.971 16.0487 -116.21 
v -332.881 16.1037 -116.406 
v -332.858 16.2838 -116.375 
v -332.765 16.2277 -116.631 
v -331.791 16.1508 -118.053 
v -331.795 16.3373 -118.049 
v -331.799 16.3309 -118.112 
v -331.815 16.4912 -118.023 
v -331.828 16.4604 -118.133 
v -331.856 16.5898 -118.002 
v -331.908 16.6335 -118.058 
v -331.904 16.6678 -117.976 
v -331.908 16.61 -118.128 
v -332.016 16.7297 -118.015 
v -332.033 16.7486 -118.054 
v -331.986 16.7311 -118.109 
v -331.704 16.5298 -117.752 
v -331.661 16.4669 -117.64 
v -331.723 16.5722 -117.662 
v -331.828 16.7168 -117.726 
v -331.686 16.5003 -117.596 
v -331.649 16.4604 -117.51 
v -331.611 16.3858 -117.547 
v -331.628 16.42 -117.761 
v -331.584 16.3311 -117.597 
v -331.609 16.3834 -117.683 
v -331.594 16.3159 -117.773 
v -331.577 16.2584 -117.676 
v -331.589 16.2913 -117.731 
v -331.593 16.1849 -117.785 
v -331.904 16.6678 -117.976 
v -331.828 16.7168 -117.726 
v -331.856 16.5898 -118.002 
v -331.815 16.4912 -118.023 
v -331.704 16.5298 -117.752 
v -331.795 16.3373 -118.049 
v -331.7 16.3722 -117.857 
v -331.791 16.1508 -118.053 
v -333.212 16.8767 -117.841 
v -333.146 16.8691 -117.917 
v -333.108 16.9209 -117.903 
v -333.156 16.9304 -117.815 
v -332.474 17.1301 -118.223 
v -332.337 17.1463 -118.303 
v -332.537 17.089 -118.277 
v -332.624 17.0495 -118.204 
v -332.448 17.0717 -118.352 
v -332.283 17.1272 -118.336 
v -333.212 16.8767 -117.841 
v -333.197 16.9093 -117.676 
v -333.156 16.9304 -117.815 
v -332.55 18.2306 -117.854 
v -332.512 18.3389 -117.559 
v -332.315 18.389 -118.032 
v -332.318 18.5053 -117.843 
v -331.939 18.5682 -118.308 
v -331.952 18.5241 -118.423 
v -331.521 18.4723 -118.812 
v -332.323 18.2528 -118.225 
v -332.315 18.389 -118.032 
v -331.944 18.4347 -118.519 
v -331.952 18.5241 -118.423 
v -331.521 18.4723 -118.812 
v -333.083 17.2814 -117.753 
v -333.017 17.4101 -117.639 
v -333.031 17.4305 -117.495 
v -333.05 17.2324 -117.872 
v -332.983 17.3715 -117.768 
v -332.948 17.3179 -117.886 
v -332.912 17.265 -117.977 
v -332.807 17.3894 -117.888 
v -332.852 17.4359 -117.77 
v -332.899 17.4737 -117.642 
v -332.922 17.4973 -117.497 
v -332.836 17.5367 -117.495 
v -332.794 17.4972 -117.669 
v -332.714 17.4368 -117.851 
v -332.744 17.2773 -118.059 
v -332.438 17.3675 -117.975 
v -332.479 17.4475 -117.84 
v -332.631 17.3135 -118.036 
v -332.302 17.1522 -118.205 
v -332.474 17.1301 -118.223 
v -332.873 17.2029 -118.062 
v -332.634 18.1086 -117.335 
v -332.317 18.0945 -117.191 
v -332.23 18.3076 -117.384 
v -332.512 18.3389 -117.559 
v -332.088 18.4308 -117.672 
v -332.318 18.5053 -117.843 
v -331.835 18.5482 -118.191 
v -331.939 18.5682 -118.308 
v -331.521 18.4723 -118.812 
v -332.836 17.3434 -116.718 
v -332.906 17.3243 -116.755 
v -332.918 17.2493 -116.671 
v -332.847 17.3827 -116.794 
v -332.847 17.3827 -116.794 
v -332.955 17.3429 -116.844 
v -332.906 17.3243 -116.755 
v -332.974 16.9548 -118.211 
v -332.957 16.9945 -118.068 
v -332.92 17.0173 -118.184 
v -332.866 17.0116 -118.335 
v -332.841 17.0634 -118.267 
v -332.166 17.7776 -118.096 
v -332.019 17.8523 -118.332 
v -332.221 17.7631 -118.391 
v -332.356 17.6778 -118.173 
v -332.245 17.7223 -117.946 
v -332.479 17.4475 -117.84 
v -332.058 17.8013 -118.587 
v -331.866 17.8823 -118.562 
v -331.997 17.8004 -118.654 
v -331.816 17.8802 -118.639 
v -331.726 17.8376 -118.799 
v -331.867 17.7763 -118.819 
v -331.717 17.7192 -119.016 
v -331.636 17.7609 -118.996 
v -331.46 17.5779 -119.264 
v -332.843 17.2169 -116.587 
v -332.918 17.2493 -116.671 
v -332.836 17.3434 -116.718 
v -332.713 17.1593 -116.476 
v -332.719 17.2662 -116.599 
v -332.734 17.3978 -116.742 
v -332.847 17.3827 -116.794 
v -332.56 17.2968 -116.612 
v -332.812 17.4556 -116.854 
v -332.576 17.4459 -116.764 
v -332.865 17.4231 -116.882 
v -332.955 17.3429 -116.844 
v -332.771 17.5299 -117.071 
v -332.947 17.4123 -116.979 
v -333.029 17.3364 -116.965 
v -332.896 17.4759 -117.091 
v -333.004 17.4063 -117.107 
v -332.929 17.5078 -117.316 
v -332.833 17.5503 -117.292 
v -332.836 17.5367 -117.495 
v -332.922 17.4973 -117.497 
v -333.031 17.4305 -117.495 
v -333.027 17.4333 -117.324 
v -333.113 17.3463 -117.319 
v -333.114 17.3426 -117.483 
v -333.087 17.3215 -117.122 
v -331.686 17.018 -117.947 
v -331.744 17.0151 -118.056 
v -331.794 17.0821 -118.019 
v -332.166 17.7776 -118.096 
v -331.725 17.8284 -118.172 
v -332.019 17.8523 -118.332 
v -331.819 17.7488 -117.917 
v -331.888 17.6784 -117.739 
v -332.245 17.7223 -117.946 
v -331.632 17.8586 -118.422 
v -331.866 17.8823 -118.562 
v -331.816 17.8802 -118.639 
v -331.603 17.8563 -118.506 
v -331.562 17.8283 -118.692 
v -331.726 17.8376 -118.799 
v -331.535 17.7513 -118.953 
v -331.636 17.7609 -118.996 
v -331.46 17.5779 -119.264 
v -332.515 18.1813 -116.856 
v -332.652 18.2004 -116.91 
v -332.403 18.3852 -117.03 
v -332.508 18.3906 -117.05 
v -332.284 18.5306 -117.243 
v -332.341 18.5344 -117.254 
v -332.142 18.6078 -117.52 
v -331.225 17.5299 -118.007 
v -331.133 17.4767 -117.862 
v -331.102 17.4596 -117.893 
v -331.402 17.5648 -117.933 
v -331.273 17.4902 -117.732 
v -331.182 17.5054 -118.025 
v -331.411 17.4566 -117.61 
v -331.308 17.4921 -118.162 
v -331.261 17.4716 -118.171 
v -331.491 17.5133 -118.102 
v -331.566 17.5396 -117.859 
v -331.682 17.5198 -117.802 
v -331.672 17.4842 -118.021 
v -331.761 17.4635 -117.98 
v -331.833 17.4857 -117.742 
v -331.039 17.3754 -118.093 
v -331.002 17.3545 -118.005 
v -331.094 17.3514 -118.166 
v -330.87 17.2097 -118.164 
v -332.734 17.3978 -116.742 
v -332.576 17.4459 -116.764 
v -332.812 17.4556 -116.854 
v -332.412 17.5459 -116.939 
v -332.576 17.4459 -116.764 
v -332.411 17.4557 -116.771 
v -332.841 17.0634 -118.267 
v -332.912 17.0499 -118.104 
v -332.805 17.1047 -118.162 
v -332.92 17.0173 -118.184 
v -330.738 17.8866 -117.51 
v -331.245 17.9517 -117.256 
v -331.101 17.8079 -117.17 
v -332.474 17.1301 -118.223 
v -332.302 17.1522 -118.205 
v -332.337 17.1463 -118.303 
v -332.199 17.1429 -118.206 
v -332.283 17.1272 -118.336 
v -332.217 17.0645 -118.367 
v -332.091 17.0592 -118.213 
v -332.115 16.9307 -118.41 
v -332.008 16.9404 -118.256 
v -331.789 18.0441 -117.323 
v -331.602 17.8509 -117.047 
v -331.386 18.2066 -117.432 
v -330.893 18.179 -117.634 
v -330.828 18.0455 -117.571 
v -330.344 17.9026 -117.951 
v -331.898 17.5876 -117.612 
v -332.077 17.7963 -117.252 
v -331.836 17.6319 -117.582 
v -332.397 17.3032 -116.628 
v -332.411 17.4557 -116.771 
v -332.258 17.4366 -116.788 
v -332.412 17.5459 -116.939 
v -332.276 17.5222 -116.956 
v -332.118 17.3919 -116.826 
v -332.141 17.4721 -117.001 
v -331.998 17.3439 -116.866 
v -332.098 17.2617 -116.7 
v -332.086 17.0921 -116.584 
v -332.377 16.9186 -116.469 
v -332.208 16.8991 -116.417 
v -332.693 17.007 -118.282 
v -332.624 17.0495 -118.204 
v -332.841 17.0634 -118.267 
v -332.805 17.1047 -118.162 
v -332.866 17.0116 -118.335 
v -332.704 17.4992 -117.029 
v -332.771 17.5299 -117.071 
v -332.812 17.4556 -116.854 
v -331.615 17.5395 -117.792 
v -331.836 17.6319 -117.582 
v -331.836 17.5247 -117.691 
v -331.898 17.5876 -117.612 
v -330.893 18.179 -117.634 
v -330.784 18.0464 -117.799 
v -330.344 17.9026 -117.951 
v -334.141 16.9833 -116.58 
v -333.982 16.9923 -116.751 
v -334.137 16.9438 -116.638 
v -334.353 16.8515 -116.456 
v -333.96 17.0727 -116.675 
v -333.748 17.1315 -116.788 
v -333.772 17.0264 -116.951 
v -333.483 17.0334 -117.141 
v -333.47 17.1159 -116.934 
v -333.207 16.9895 -117.3 
v -333.168 17.0915 -117.103 
v -333.17 17.3482 -116.783 
v -333.086 17.2915 -117.038 
v -333.254 17.2735 -116.899 
v -333.029 17.3364 -116.965 
v -333.141 17.2498 -117.091 
v -333.331 17.3819 -116.57 
v -333.395 17.3346 -116.644 
v -333.523 17.4279 -116.433 
v -333.483 17.4569 -116.386 
v -333.634 17.5849 -116.193 
v -330.717 17.084 -116.94 
v -330.659 16.9902 -116.889 
v -330.566 17.1766 -117.169 
v -330.519 17.1256 -117.13 
v -330.379 17.3937 -117.64 
v -331.989 16.9112 -116.217 
v -332.208 16.8991 -116.417 
v -332.086 17.0921 -116.584 
v -331.794 17.0821 -118.019 
v -331.829 17.1561 -117.806 
v -331.686 17.018 -117.947 
v -333.191 17.0877 -115.662 
v -333.155 17.0922 -115.873 
v -333.231 17.0497 -115.692 
v -333.34 16.9578 -115.368 
v -333.097 17.1509 -115.828 
v -332.976 17.2038 -116.008 
v -333.05 17.0994 -116.079 
v -332.937 17.1177 -116.329 
v -332.827 17.22 -116.291 
v -332.869 17.1049 -116.526 
v -332.713 17.1593 -116.476 
v -333.09 17.3534 -116.617 
v -332.906 17.3243 -116.755 
v -332.955 17.3429 -116.844 
v -333.17 17.3482 -116.783 
v -333.029 17.3364 -116.965 
v -333.285 17.3858 -116.46 
v -333.331 17.3819 -116.57 
v -333.458 17.454 -116.33 
v -333.483 17.4569 -116.386 
v -333.634 17.5849 -116.193 
v -332.091 17.0592 -118.213 
v -332.199 17.1429 -118.206 
v -332.069 17.037 -118.086 
v -333.077 16.8445 -116.632 
v -333.395 16.9713 -116.657 
v -333.126 16.9629 -116.744 
v -333.161 17.0288 -116.92 
v -333.47 17.1159 -116.934 
v -333.168 17.0915 -117.103 
v -333.748 17.1315 -116.788 
v -333.71 16.9812 -116.585 
v -333.96 17.0727 -116.675 
v -333.939 16.9859 -116.535 
v -334.141 16.9833 -116.58 
v -334.109 16.9545 -116.523 
v -334.353 16.8515 -116.456 
v -331.004 17.2235 -117.294 
v -331.273 17.1958 -117.274 
v -331.292 17.0914 -116.934 
v -331.57 16.9983 -116.915 
v -331.248 16.8923 -116.729 
v -331.846 16.7698 -116.704 
v -330.912 16.9946 -116.806 
v -331.004 17.1841 -117.001 
v -330.96 17.2283 -117.305 
v -330.863 17.0175 -116.833 
v -330.953 17.1956 -117.028 
v -330.717 17.084 -116.94 
v -330.801 17.2105 -117.119 
v -330.827 17.2363 -117.343 
v -330.566 17.1766 -117.169 
v -330.656 17.2689 -117.445 
v -330.626 17.2443 -117.303 
v -330.379 17.3937 -117.64 
v -331.65 16.3802 -116.656 
v -331.888 16.4516 -116.746 
v -331.604 16.4184 -116.721 
v -331.331 16.3033 -116.576 
v -330.923 16.2162 -116.624 
v -331.129 16.2365 -116.547 
v -331.043 16.3047 -116.679 
v -331.331 16.3033 -116.576 
v -331.212 16.3703 -116.748 
v -331.604 16.4184 -116.721 
v -331.281 16.3918 -116.784 
v -331.4 15.9052 -116.698 
v -331.399 15.9509 -116.644 
v -331.536 15.9232 -116.848 
v -331.538 15.9797 -116.725 
v -331.582 15.9283 -116.904 
v -331.477 17.0679 -115.76 
v -331.442 17.0306 -115.8 
v -331.541 17.0667 -115.97 
v -331.272 16.9382 -115.502 
v -331.594 17.1253 -115.912 
v -331.726 17.1704 -116.078 
v -331.657 17.0652 -116.162 
v -331.78 17.079 -116.4 
v -331.904 17.1762 -116.33 
v -331.956 16.974 -116.632 
v -332.086 17.0921 -116.584 
v -331.511 16.2222 -117.129 
v -331.44 16.3067 -116.978 
v -331.353 16.2133 -117.005 
v -331.312 16.2987 -116.903 
v -331.181 16.2841 -116.842 
v -331.281 16.3918 -116.784 
v -331.44 16.3067 -116.978 
v -331.212 16.3703 -116.748 
v -331.022 16.2362 -116.766 
v -331.043 16.3047 -116.679 
v -330.918 16.1736 -116.694 
v -330.923 16.2162 -116.624 
v -332.847 18.0751 -117.502 
v -332.874 18.0736 -117.53 
v -332.812 18.176 -117.602 
v -332.833 18.1763 -117.62 
v -332.746 18.3031 -117.769 
v -331.511 16.2222 -117.129 
v -331.522 16.2646 -117.091 
v -331.44 16.3067 -116.978 
v -331.511 16.2222 -117.129 
v -331.638 16.22 -117.222 
v -331.522 16.2646 -117.091 
v -333.882 16.2682 -116.342 
v -333.767 16.3068 -116.546 
v -333.909 16.2839 -116.413 
v -334.118 16.2977 -116.211 
v -333.72 16.2792 -116.423 
v -333.621 16.3549 -116.678 
v -333.564 16.3232 -116.503 
v -333.377 16.4325 -116.85 
v -333.373 16.3964 -116.581 
v -332.863 16.4835 -116.641 
v -332.069 17.037 -118.086 
v -332.199 17.1429 -118.206 
v -332.302 17.1522 -118.205 
v -331.631 16.211 -115.759 
v -331.59 16.238 -115.799 
v -331.664 16.2447 -115.918 
v -331.483 16.2388 -115.628 
v -331.738 16.2008 -115.849 
v -331.749 16.2561 -116.055 
v -331.853 16.2065 -115.949 
v -331.837 16.3114 -116.271 
v -331.972 16.2469 -116.145 
v -332.347 16.2675 -116.606 
v -333.069 16.2323 -115.672 
v -333.044 16.2623 -115.836 
v -333.109 16.2562 -115.704 
v -333.189 16.263 -115.51 
v -332.975 16.2232 -115.781 
v -332.964 16.278 -115.985 
v -332.868 16.2334 -115.897 
v -332.876 16.3433 -116.2 
v -332.748 16.2809 -116.093 
v -332.347 16.2675 -116.606 
v -331.714 15.9116 -116.575 
v -331.66 15.9711 -116.631 
v -332.17 15.9085 -116.78 
v -331.877 15.984 -116.727 
v -331.538 15.9797 -116.725 
v -331.449 15.9397 -116.545 
v -331.399 15.9509 -116.644 
v -331.308 15.8576 -116.462 
v -331.286 15.8659 -116.527 
v -331.16 15.7146 -116.347 
v -333.401 15.8004 -116.401 
v -333.344 15.7575 -116.35 
v -333.179 15.8444 -116.468 
v -333.492 15.686 -116.23 
v -333.289 15.8855 -116.577 
v -332.829 15.9226 -116.615 
v -333.154 15.9617 -116.723 
v -332.509 15.9502 -116.77 
v -333.198 16.5325 -117.868 
v -333.141 16.5466 -117.927 
v -333.098 16.4046 -117.933 
v -333.137 16.3857 -117.893 
v -332.925 16.2002 -117.94 
v -333.225 16.7048 -117.852 
v -333.141 16.5466 -117.927 
v -333.198 16.5325 -117.868 
v -333.007 17.0361 -118.021 
v -332.962 17.1204 -118.045 
v -332.912 17.0499 -118.104 
v -332.957 16.9945 -118.068 
v -333.034 16.9414 -117.987 
v -332.978 16.8681 -118.002 
v -333.04 16.8974 -117.979 
v -332.448 17.0717 -118.352 
v -332.283 17.1272 -118.336 
v -332.39 17.0274 -118.389 
v -332.217 17.0645 -118.367 
v -332.279 16.9125 -118.45 
v -332.115 16.9307 -118.41 
v -332.165 16.7464 -118.485 
v -332.024 16.7584 -118.44 
v -332.081 16.586 -118.496 
v -331.962 16.6013 -118.452 
v -331.954 16.5684 -118.448 
v -332.069 16.5532 -118.49 
v -332.036 16.4504 -118.438 
v -331.949 16.4559 -118.413 
v -332.016 16.3353 -118.362 
v -331.962 16.3316 -118.354 
v -332.022 16.1658 -118.25 
v -333.627 16.1178 -116.718 
v -333.603 15.9839 -116.657 
v -333.457 15.9673 -116.801 
v -333.484 16.1057 -116.869 
v -333.257 15.9746 -117.013 
v -333.262 16.1023 -117.09 
v -332.906 15.9502 -117.411 
v -333.072 16.0873 -117.291 
v -333.043 16.17 -117.34 
v -332.378 16.9088 -118.416 
v -332.239 16.7432 -118.465 
v -332.304 16.706 -118.421 
v -332.42 16.8236 -118.369 
v -332.192 16.5535 -118.439 
v -332.517 17.0088 -118.308 
v -332.517 16.8879 -118.287 
v -332.279 16.9125 -118.45 
v -332.39 17.0274 -118.389 
v -332.165 16.7464 -118.485 
v -332.448 17.0717 -118.352 
v -332.537 17.089 -118.277 
v -332.606 16.9739 -118.206 
v -332.624 17.0495 -118.204 
v -332.132 16.5731 -118.482 
v -332.081 16.586 -118.496 
v -332.181 16.5337 -118.438 
v -332.12 16.5459 -118.478 
v -332.069 16.5532 -118.49 
v -332.036 16.4504 -118.438 
v -332.08 16.4441 -118.431 
v -332.13 16.4334 -118.405 
v -332.077 16.331 -118.341 
v -332.045 16.3351 -118.356 
v -332.016 16.3353 -118.362 
v -332.022 16.1658 -118.25 
v -331.594 15.9121 -117.046 
v -331.272 15.9765 -116.835 
v -331.808 15.8522 -117.184 
v -331.708 15.9485 -117.18 
v -332.624 17.0495 -118.204 
v -332.665 17.1248 -118.193 
v -332.474 17.1301 -118.223 
v -333.166 16.8283 -117.921 
v -333.054 16.8589 -117.981 
v -333.063 16.8203 -117.982 
v -333.067 16.7104 -117.974 
v -333.146 16.8691 -117.917 
v -333.04 16.8974 -117.979 
v -333.108 16.9209 -117.903 
v -333.163 16.7069 -117.923 
v -333.141 16.5466 -117.927 
v -333.057 16.5602 -117.968 
v -333.098 16.4046 -117.933 
v -333.028 16.4199 -117.96 
v -332.925 16.2002 -117.94 
v -331.791 16.1508 -118.053 
v -331.707 16.3372 -118.125 
v -331.615 16.3542 -118.104 
v -331.682 16.468 -118.166 
v -331.554 16.4929 -118.126 
v -331.684 16.4987 -118.171 
v -331.553 16.5279 -118.128 
v -331.737 16.6591 -118.177 
v -331.601 16.6995 -118.123 
v -331.806 16.8346 -118.172 
v -331.669 16.8768 -118.101 
v -331.88 16.9708 -118.149 
v -331.744 17.0151 -118.056 
v -331.794 17.0821 -118.019 
v -331.946 17.0667 -118.084 
v -333.016 16.5737 -117.635 
v -332.996 16.4662 -117.62 
v -333.021 16.448 -117.591 
v -333.067 16.556 -117.585 
v -333.05 17.2324 -117.872 
v -333.009 17.1815 -117.963 
v -332.912 17.265 -117.977 
v -332.744 17.2773 -118.059 
v -332.631 17.3135 -118.036 
v -332.474 17.1301 -118.223 
v -332.665 17.1248 -118.193 
v -332.873 17.2029 -118.062 
v -332.805 17.1047 -118.162 
v -332.624 17.0495 -118.204 
v -332.962 17.1204 -118.045 
v -332.912 17.0499 -118.104 
v -332.853 16.5017 -118.381 
v -332.912 16.4571 -118.287 
v -332.77 16.3454 -118.308 
v -333.793 16.8109 -116.961 
v -333.508 16.7396 -117.162 
v -333.501 16.5324 -117.026 
v -333.502 16.8923 -117.217 
v -333.778 16.9268 -117.011 
v -333.233 16.605 -117.338 
v -333.2 16.784 -117.408 
v -333.094 16.5223 -117.453 
v -333.243 16.3368 -117.179 
v -333.972 16.7654 -116.679 
v -333.988 16.8367 -116.747 
v -333.995 16.9183 -116.797 
v -334.127 16.8085 -116.585 
v -334.353 16.8515 -116.456 
v -334.129 16.8499 -116.619 
v -334.137 16.899 -116.657 
v -332.048 16.7738 -118.08 
v -332.007 16.9291 -118.134 
v -331.984 16.8469 -118.131 
v -331.986 16.7311 -118.109 
v -331.88 16.9708 -118.149 
v -332.069 17.037 -118.086 
v -331.946 17.0667 -118.084 
v -331.806 16.8346 -118.172 
v -331.908 16.61 -118.128 
v -331.737 16.6591 -118.177 
v -331.828 16.4604 -118.133 
v -331.684 16.4987 -118.171 
v -331.682 16.468 -118.166 
v -331.799 16.3309 -118.112 
v -331.707 16.3372 -118.125 
v -331.791 16.1508 -118.053 
v -331.685 16.4447 -117.58 
v -331.686 16.5003 -117.596 
v -331.711 16.4608 -117.609 
v -331.723 16.5722 -117.662 
v -331.587 16.864 -117.682 
v -331.655 16.8292 -117.741 
v -331.716 16.9797 -117.754 
v -331.829 17.1561 -117.806 
v -332.925 16.2002 -117.94 
v -333.028 16.4199 -117.96 
v -332.947 16.4328 -117.952 
v -333.057 16.5602 -117.968 
v -332.947 16.565 -117.957 
v -333.067 16.7104 -117.974 
v -332.93 16.7211 -117.966 
v -332.963 16.82 -117.991 
v -333.063 16.8203 -117.982 
v -333.054 16.8589 -117.981 
v -332.978 16.8681 -118.002 
v -333.04 16.8974 -117.979 
v -331.672 17.4842 -118.021 
v -331.491 17.5133 -118.102 
v -331.523 17.2385 -118.134 
v -331.339 17.2797 -118.181 
v -331.308 17.4921 -118.162 
v -331.705 17.1504 -118.077 
v -331.297 17.2822 -118.184 
v -331.261 17.4716 -118.171 
v -331.094 17.3514 -118.166 
v -331.138 17.2597 -118.181 
v -330.87 17.2097 -118.164 
v -331.77 17.3817 -118.004 
v -331.761 17.4635 -117.98 
v -331.783 17.2621 -118.026 
v -331.805 17.077 -118.032 
v -331.305 16.3888 -117.143 
v -331.541 16.5489 -117.472 
v -331.606 16.2742 -117.27 
v -332.606 16.9739 -118.206 
v -332.693 17.007 -118.282 
v -332.624 17.0495 -118.204 
v -332.866 17.0116 -118.335 
v -332.646 16.8954 -118.254 
v -332.746 16.9543 -118.343 
v -332.579 16.8603 -118.187 
v -332.872 16.9786 -118.352 
v -332.623 16.7769 -118.187 
v -332.688 16.8572 -118.299 
v -332.761 16.9212 -118.359 
v -332.882 16.8514 -118.372 
v -332.701 16.8348 -118.312 
v -332.776 16.8221 -118.371 
v -332.785 16.7278 -118.374 
v -332.722 16.7304 -118.319 
v -332.885 16.7213 -118.385 
v -332.745 16.5484 -118.331 
v -332.792 16.5472 -118.371 
v -332.866 16.5427 -118.388 
v -332.742 16.5139 -118.326 
v -332.785 16.512 -118.365 
v -332.853 16.5017 -118.381 
v -332.77 16.3454 -118.308 
v -332.722 16.3704 -118.304 
v -332.663 16.1865 -118.225 
v -330.837 16.0684 -116.668 
v -330.706 15.9462 -116.605 
v -330.873 15.9981 -116.644 
v -330.986 15.9971 -116.688 
v -330.926 16.1221 -116.738 
v -331.104 15.9827 -116.739 
v -331.023 16.1636 -116.809 
v -331.272 15.9765 -116.835 
v -331.173 16.1965 -116.893 
v -331.353 16.2133 -117.005 
v -331.708 15.9485 -117.18 
v -331.511 16.2222 -117.129 
v -331.638 16.22 -117.222 
v -331.741 17.6335 -119.005 
v -331.717 17.7192 -119.016 
v -331.46 17.5779 -119.264 
v -331.579 16.555 -117.773 
v -331.704 16.5298 -117.752 
v -331.645 16.7296 -117.758 
v -331.628 16.42 -117.761 
v -331.454 16.5561 -117.742 
v -331.505 16.7273 -117.714 
v -331.655 16.8292 -117.741 
v -331.587 16.864 -117.682 
v -331.462 16.456 -117.753 
v -331.553 16.4507 -117.774 
v -331.553 16.3237 -117.777 
v -331.594 16.3159 -117.773 
v -331.505 16.3218 -117.765 
v -331.593 16.1849 -117.785 
v -331.348 17.7062 -117.795 
v -331.2 17.9651 -117.666 
v -330.992 17.8345 -117.846 
v -331.557 17.8366 -117.584 
v -330.784 18.0464 -117.799 
v -330.663 17.9085 -117.892 
v -330.344 17.9026 -117.951 
v -331.615 17.5395 -117.792 
v -331.836 17.6319 -117.582 
v -331.836 17.5247 -117.691 
v -331.862 17.314 -117.764 
v -332.356 15.699 -116.888 
v -332.751 15.9364 -116.555 
v -332.509 15.9502 -116.77 
v -332.765 16.2277 -116.631 
v -331.836 17.6319 -117.582 
v -331.789 18.0441 -117.323 
v -331.557 17.8366 -117.584 
v -332.077 17.7963 -117.252 
v -331.386 18.2066 -117.432 
v -331.2 17.9651 -117.666 
v -330.893 18.179 -117.634 
v -330.784 18.0464 -117.799 
v -333.982 16.9923 -116.751 
v -334.137 16.9438 -116.638 
v -334.353 16.8515 -116.456 
v -334.137 16.899 -116.657 
v -333.995 16.9183 -116.797 
v -333.772 17.0264 -116.951 
v -333.778 16.9268 -117.011 
v -333.483 17.0334 -117.141 
v -333.502 16.8923 -117.217 
v -333.2 16.784 -117.408 
v -333.207 16.9895 -117.3 
v -333.757 16.1432 -116.578 
v -333.621 16.3549 -116.678 
v -333.627 16.1178 -116.718 
v -333.767 16.3068 -116.546 
v -333.377 16.4325 -116.85 
v -333.909 16.2839 -116.413 
v -333.89 16.178 -116.439 
v -334.118 16.2977 -116.211 
v -333.484 16.1057 -116.869 
v -333.262 16.1023 -117.09 
v -333.214 16.2993 -117.094 
v -333.072 16.0873 -117.291 
v -331.103 17.4818 -117.68 
v -330.992 17.8345 -117.846 
v -330.859 17.6671 -117.746 
v -330.663 17.9085 -117.892 
v -331.348 17.7062 -117.795 
v -331.329 17.2441 -117.654 
v -331.615 17.5395 -117.792 
v -331.862 17.314 -117.764 
v -331.468 17.0462 -117.667 
v -331.829 17.1561 -117.806 
v -331.587 16.864 -117.682 
v -332.356 15.699 -116.888 
v -331.979 15.902 -116.619 
v -332.17 15.9085 -116.78 
v -332.062 16.1752 -116.706 
v -331.652 16.9045 -117.825 
v -331.704 17.013 -117.947 
v -331.587 17.0544 -117.934 
v -331.497 16.9755 -117.836 
v -331.357 17.0891 -117.912 
v -331.705 17.1504 -118.077 
v -331.805 17.077 -118.032 
v -331.542 16.793 -117.571 
v -331.404 16.8557 -117.524 
v -331.523 16.6752 -117.51 
v -331.39 17.0031 -117.443 
v -331.372 16.6136 -117.414 
v -331.541 16.5489 -117.472 
v -331.167 16.9395 -117.47 
v -331.113 16.7195 -117.358 
v -331.273 17.1958 -117.274 
v -330.885 16.8054 -117.335 
v -331.004 17.2235 -117.294 
v -330.937 17.0157 -117.456 
v -330.897 17.0326 -117.458 
v -330.96 17.2283 -117.305 
v -330.843 16.8325 -117.336 
v -330.827 17.2363 -117.343 
v -330.717 16.9385 -117.381 
v -330.776 17.0809 -117.468 
v -330.58 17.0934 -117.475 
v -330.627 17.1789 -117.52 
v -330.656 17.2689 -117.445 
v -330.379 17.3937 -117.64 
v -332.245 17.7223 -117.946 
v -332.714 17.4368 -117.851 
v -332.648 17.7325 -117.921 
v -332.479 17.4475 -117.84 
v -332.229 17.8434 -117.999 
v -332.575 17.9134 -118 
v -332.193 17.9916 -118.081 
v -332.482 18.086 -118.095 
v -332.089 18.1566 -118.249 
v -332.323 18.2528 -118.225 
v -331.944 18.4347 -118.519 
v -331.794 18.3591 -118.516 
v -331.973 17.3491 -118.279 
v -331.725 17.3145 -118.184 
v -331.794 17.0821 -118.019 
v -331.946 17.0667 -118.084 
v -332.069 17.037 -118.086 
v -332.302 17.1522 -118.205 
v -332.219 17.4122 -118.383 
v -332.895 17.9555 -117.468 
v -332.86 17.9462 -117.479 
v -332.857 17.7975 -117.437 
v -332.874 18.0736 -117.53 
v -332.895 17.8012 -117.426 
v -332.845 18.0634 -117.54 
v -332.884 17.61 -117.401 
v -332.833 18.1763 -117.62 
v -332.813 18.1663 -117.624 
v -332.746 18.3031 -117.769 
v -332.847 17.6117 -117.409 
v -332.866 17.4318 -117.381 
v -332.821 17.4397 -117.388 
v -331.78 17.079 -116.4 
v -331.846 16.7698 -116.704 
v -331.956 16.974 -116.632 
v -331.44 16.3067 -116.978 
v -331.353 16.2133 -117.005 
v -331.312 16.2987 -116.903 
v -331.181 16.2841 -116.842 
v -331.173 16.1965 -116.893 
v -331.023 16.1636 -116.809 
v -331.022 16.2362 -116.766 
v -330.926 16.1221 -116.738 
v -330.859 17.6671 -117.746 
v -330.663 17.9085 -117.892 
v -330.594 17.7958 -117.83 
v -330.344 17.9026 -117.951 
v -332.229 17.8434 -117.999 
v -331.894 17.9559 -117.888 
v -331.9 17.7976 -117.788 
v -332.245 17.7223 -117.946 
v -331.888 17.6784 -117.739 
v -332.193 17.9916 -118.081 
v -332.671 17.752 -116.996 
v -332.412 17.5459 -116.939 
v -332.704 17.4992 -117.029 
v -332.636 17.927 -117.006 
v -332.376 18.0831 -116.992 
v -332.414 17.855 -116.934 
v -332.671 17.752 -116.996 
v -332.412 17.5459 -116.939 
v -332.554 18.1129 -117.05 
v -332.311 18.3048 -117.125 
v -332.442 18.3214 -117.17 
v -332.442 18.3214 -117.17 
v -332.311 18.5103 -117.319 
v -332.219 18.4951 -117.311 
v -330.484 17.0569 -117.176 
v -330.608 16.8242 -117.033 
v -330.49 17.0322 -117.244 
v -330.379 17.3937 -117.64 
v -330.522 17.0315 -117.363 
v -330.59 16.852 -116.931 
v -330.643 16.8225 -117.178 
v -330.711 16.6673 -116.924 
v -330.747 16.6823 -117.092 
v -330.696 16.6847 -116.808 
v -330.782 16.6334 -117.073 
v -330.745 16.6364 -116.787 
v -330.752 16.6146 -116.904 
v -332.99 16.5735 -117.669 
v -332.996 16.5675 -117.719 
v -332.902 16.6896 -117.729 
v -330.519 17.1256 -117.13 
v -330.59 16.852 -116.931 
v -330.484 17.0569 -117.176 
v -330.379 17.3937 -117.64 
v -330.659 16.9902 -116.889 
v -332.467 16.053 -116.313 
v -332.356 15.699 -116.888 
v -332.339 16.0582 -116.627 
v -332.588 15.8492 -116.282 
v -332.681 16.0271 -116.032 
v -332.734 15.8798 -116.055 
v -332.818 16.0158 -115.862 
v -332.849 15.9078 -115.901 
v -331.601 16.6995 -118.123 
v -331.63 16.895 -117.985 
v -331.572 16.7136 -118.009 
v -331.669 16.8768 -118.101 
v -331.553 16.5279 -118.128 
v -331.686 17.018 -117.947 
v -331.744 17.0151 -118.056 
v -331.536 16.5338 -118.018 
v -331.539 16.4995 -118.02 
v -331.554 16.4929 -118.126 
v -331.615 16.3542 -118.104 
v -331.616 16.3587 -118.025 
v -331.791 16.1508 -118.053 
v -331.593 16.1849 -117.785 
v -331.505 16.3218 -117.765 
v -331.496 16.2982 -117.715 
v -331.462 16.456 -117.753 
v -331.446 16.4144 -117.672 
v -331.454 16.5561 -117.742 
v -331.428 16.5078 -117.644 
v -331.505 16.7273 -117.714 
v -331.472 16.6628 -117.602 
v -331.542 16.793 -117.571 
v -331.587 16.864 -117.682 
v -331.723 16.2165 -117.498 
v -331.649 16.4604 -117.51 
v -331.606 16.2742 -117.27 
v -331.638 16.22 -117.222 
v -331.541 16.5489 -117.472 
v -331.723 16.2165 -117.498 
v -331.638 16.22 -117.222 
v -331.79 15.9467 -117.418 
v -331.717 16.2848 -117.578 
v -331.693 16.4042 -117.578 
v -331.649 16.4604 -117.51 
v -331.723 16.2165 -117.498 
v -331.717 16.3698 -117.621 
v -331.717 16.4245 -117.657 
v -331.685 16.4447 -117.58 
v -331.686 16.5003 -117.596 
v -331.711 16.4608 -117.609 
v -330.985 17.6952 -117.268 
v -330.738 17.8866 -117.51 
v -330.67 17.8064 -117.592 
v -330.344 17.9026 -117.951 
v -330.738 17.8866 -117.51 
v -330.828 18.0455 -117.571 
v -330.344 17.9026 -117.951 
v -333.18 16.8875 -115.613 
v -333.151 16.9348 -115.605 
v -333.34 16.9578 -115.368 
v -333.213 16.8334 -115.618 
v -332.115 16.9307 -118.41 
v -332.008 16.9404 -118.256 
v -332.024 16.7584 -118.44 
v -331.934 16.7584 -118.3 
v -331.962 16.6013 -118.452 
v -331.894 16.6042 -118.328 
v -331.891 16.5682 -118.33 
v -331.954 16.5684 -118.448 
v -331.949 16.4559 -118.413 
v -331.903 16.4471 -118.327 
v -331.962 16.3316 -118.354 
v -331.935 16.3233 -118.296 
v -332.022 16.1658 -118.25 
v -331.616 16.3587 -118.025 
v -331.624 16.3668 -117.938 
v -331.791 16.1508 -118.053 
v -331.552 16.5059 -117.886 
v -331.539 16.4995 -118.02 
v -331.536 16.5338 -118.018 
v -331.549 16.5334 -117.882 
v -331.577 16.7251 -117.861 
v -331.572 16.7136 -118.009 
v -331.635 16.9098 -117.833 
v -331.63 16.895 -117.985 
v -331.686 17.018 -117.947 
v -332.646 16.8954 -118.254 
v -332.579 16.8603 -118.187 
v -332.623 16.7769 -118.187 
v -332.556 16.7478 -118.094 
v -332.688 16.8572 -118.299 
v -332.674 16.7314 -118.24 
v -332.701 16.8348 -118.312 
v -332.722 16.7304 -118.319 
v -332.745 16.5484 -118.331 
v -332.706 16.546 -118.274 
v -332.704 16.5162 -118.272 
v -332.742 16.5139 -118.326 
v -332.691 16.3757 -118.264 
v -332.722 16.3704 -118.304 
v -332.663 16.1865 -118.225 
v -331.089 17.4208 -117.345 
v -330.985 17.6952 -117.268 
v -331.235 17.5331 -117.094 
v -331.441 17.2479 -116.989 
v -331.273 17.1958 -117.274 
v -331.57 16.9983 -116.915 
v -330.89 17.6012 -117.479 
v -330.67 17.8064 -117.592 
v -330.62 17.7641 -117.692 
v -330.344 17.9026 -117.951 
v -331.708 15.9485 -117.18 
v -331.638 16.22 -117.222 
v -331.79 15.9467 -117.418 
v -331.985 18.1453 -117.504 
v -332.23 18.3076 -117.384 
v -332.088 18.4308 -117.672 
v -331.928 18.2726 -117.739 
v -331.746 18.4298 -118.2 
v -331.835 18.5482 -118.191 
v -331.521 18.4723 -118.812 
v -331.089 17.4208 -117.345 
v -331.329 17.2441 -117.654 
v -331.273 17.1958 -117.274 
v -331.39 17.0031 -117.443 
v -331.542 16.793 -117.571 
v -331.468 17.0462 -117.667 
v -331.587 16.864 -117.682 
v -331.888 17.6784 -117.739 
v -331.898 17.5876 -117.612 
v -331.836 17.5247 -117.691 
v -331.497 16.9755 -117.836 
v -331.6 16.8572 -117.662 
v -331.483 17.0512 -117.608 
v -331.428 16.5078 -117.644 
v -331.458 16.3812 -117.622 
v -331.446 16.4144 -117.672 
v -331.501 16.2807 -117.684 
v -331.496 16.2982 -117.715 
v -331.593 16.1849 -117.785 
v -331.49 16.3459 -117.584 
v -331.493 16.4103 -117.532 
v -331.447 16.4607 -117.579 
v -331.541 16.5489 -117.472 
v -331.49 16.6065 -117.527 
v -331.472 16.6628 -117.602 
v -331.523 16.6752 -117.51 
v -331.542 16.793 -117.571 
v -331.888 17.6784 -117.739 
v -331.9 17.7976 -117.788 
v -331.898 17.5876 -117.612 
v -331.829 17.1561 -117.806 
v -331.686 17.018 -117.947 
v -331.69 17.0037 -117.817 
v -331.635 16.9098 -117.833 
v -331.716 16.9797 -117.754 
v -331.655 16.8292 -117.741 
v -331.579 16.147 -115.826 
v -331.483 16.2388 -115.628 
v -331.592 16.077 -115.815 
v -331.648 15.9928 -115.947 
v -331.63 16.0908 -115.958 
v -331.69 15.9506 -115.917 
v -331.68 16.0467 -116.112 
v -331.697 15.9226 -116.106 
v -331.773 15.9072 -116.28 
v -331.743 16.0362 -116.287 
v -332.356 15.699 -116.888 
v -331.866 15.9029 -116.485 
v -331.84 16.0778 -116.454 
v -331.979 15.902 -116.619 
v -332.062 16.1752 -116.706 
v -331.669 17.4921 -118.195 
v -331.735 17.6145 -117.924 
v -331.752 17.4161 -117.98 
v -331.67 17.6705 -118.148 
v -331.621 17.5531 -118.362 
v -331.725 17.8284 -118.172 
v -331.819 17.7488 -117.917 
v -331.836 17.5247 -117.691 
v -331.888 17.6784 -117.739 
v -331.607 17.7077 -118.352 
v -331.632 17.8586 -118.422 
v -331.587 17.7196 -118.431 
v -331.603 17.8563 -118.506 
v -331.569 17.6073 -118.586 
v -331.562 17.8283 -118.692 
v -331.555 17.7379 -118.628 
v -331.527 17.6361 -118.881 
v -331.535 17.7513 -118.953 
v -331.522 17.7194 -118.902 
v -331.46 17.5779 -119.264 
v -331.603 16.8 -116.162 
v -331.684 16.4573 -116.287 
v -331.66 16.6963 -116.33 
v -331.684 16.8973 -116.386 
v -331.608 16.9401 -116.193 
v -331.728 16.6084 -116.483 
v -331.846 16.7698 -116.704 
v -331.888 16.4516 -116.746 
v -332.062 16.1752 -116.706 
v -331.788 16.3426 -116.453 
v -331.668 16.5905 -116.035 
v -331.622 16.649 -116.103 
v -331.533 16.7626 -115.94 
v -331.561 16.7233 -115.899 
v -331.512 16.8652 -115.977 
v -331.508 16.9643 -115.999 
v -331.446 16.8147 -115.749 
v -331.433 16.8402 -115.776 
v -331.272 16.9382 -115.502 
v -331.424 16.9038 -115.801 
v -331.421 16.9713 -115.823 
v -332.53 16.5814 -116.298 
v -332.418 16.6949 -116.448 
v -332.678 16.7128 -116.083 
v -332.341 16.4402 -116.495 
v -332.714 16.9498 -116.155 
v -332.507 16.8916 -116.477 
v -332.622 17.0405 -116.476 
v -332.827 17.22 -116.291 
v -332.713 17.1593 -116.476 
v -332.976 17.2038 -116.008 
v -332.894 17.0105 -115.916 
v -332.872 16.8556 -115.869 
v -333.097 17.1509 -115.828 
v -333.039 17.0171 -115.763 
v -333.014 16.9028 -115.735 
v -333.191 17.0877 -115.662 
v -333.161 17.0108 -115.621 
v -333.151 16.9348 -115.605 
v -333.34 16.9578 -115.368 
v -331.401 17.1131 -117.686 
v -331.483 17.0512 -117.608 
v -331.414 17.2731 -117.58 
v -331.284 17.1733 -117.79 
v -331.377 17.2917 -117.612 
v -331.259 17.3341 -117.727 
v -331.167 17.2156 -117.896 
v -331.127 17.3569 -117.851 
v -331.133 17.4767 -117.862 
v -331.101 17.354 -117.88 
v -331.102 17.4596 -117.893 
v -331.002 17.3545 -118.005 
v -331.017 17.2983 -117.983 
v -330.87 17.2097 -118.164 
v -332.077 17.7963 -117.252 
v -331.9 17.7976 -117.788 
v -332.032 17.9612 -117.365 
v -331.898 17.5876 -117.612 
v -331.894 17.9559 -117.888 
v -331.985 18.1453 -117.504 
v -331.928 18.2726 -117.739 
v -331.824 18.1424 -118.071 
v -331.661 18.34 -118.447 
v -331.746 18.4298 -118.2 
v -331.521 18.4723 -118.812 
v -331.621 17.5531 -118.362 
v -331.669 17.4921 -118.195 
v -331.686 17.4453 -118.341 
v -331.617 17.5308 -118.592 
v -331.725 17.3145 -118.184 
v -331.569 17.6073 -118.586 
v -331.752 17.4161 -117.98 
v -331.756 17.2587 -118.013 
v -331.794 17.0821 -118.019 
v -331.527 17.6361 -118.881 
v -331.564 17.5731 -118.905 
v -331.46 17.5779 -119.264 
v -332.376 18.0831 -116.992 
v -332.515 18.1813 -116.856 
v -332.403 18.3852 -117.03 
v -332.311 18.3048 -117.125 
v -332.219 18.4951 -117.311 
v -332.284 18.5306 -117.243 
v -332.142 18.6078 -117.52 
v -331.752 17.4161 -117.98 
v -331.862 17.314 -117.764 
v -331.756 17.2587 -118.013 
v -331.735 17.6145 -117.924 
v -331.829 17.1561 -117.806 
v -331.794 17.0821 -118.019 
v -333.473 17.4382 -116.307 
v -333.634 17.5849 -116.193 
v -333.458 17.454 -116.33 
v -331.549 16.5334 -117.882 
v -331.645 16.7296 -117.758 
v -331.577 16.7251 -117.861 
v -331.655 16.8292 -117.741 
v -331.635 16.9098 -117.833 
v -332.339 16.0582 -116.627 
v -332.347 16.2675 -116.606 
v -332.467 16.053 -116.313 
v -332.748 16.2809 -116.093 
v -332.681 16.0271 -116.032 
v -332.818 16.0158 -115.862 
v -332.868 16.2334 -115.897 
v -332.818 16.0158 -115.862 
v -332.975 16.2232 -115.781 
v -332.924 16.0596 -115.763 
v -333.069 16.2323 -115.672 
v -333.033 16.1331 -115.657 
v -333.189 16.263 -115.51 
v -331.836 17.5247 -117.691 
v -331.862 17.314 -117.764 
v -331.735 17.6145 -117.924 
v -331.16 15.7146 -116.347 
v -331.285 15.8309 -116.546 
v -331.286 15.8659 -116.527 
v -331.299 15.7878 -116.551 
v -331.4 15.9052 -116.698 
v -331.417 15.8262 -116.722 
v -331.399 15.9509 -116.644 
v -331.586 15.848 -116.925 
v -331.536 15.9232 -116.848 
v -331.582 15.9283 -116.904 
v -331.808 15.8522 -117.184 
v -331.442 17.0306 -115.8 
v -331.541 17.0667 -115.97 
v -331.272 16.9382 -115.502 
v -331.421 16.9713 -115.823 
v -331.508 16.9643 -115.999 
v -331.657 17.0652 -116.162 
v -331.608 16.9401 -116.193 
v -331.78 17.079 -116.4 
v -331.684 16.8973 -116.386 
v -331.846 16.7698 -116.704 
v -331.022 16.2362 -116.766 
v -330.926 16.1221 -116.738 
v -330.918 16.1736 -116.694 
v -330.837 16.0684 -116.668 
v -330.923 16.2162 -116.624 
v -330.824 16.0975 -116.635 
v -330.706 15.9462 -116.605 
v -330.82 16.1173 -116.58 
v -331.903 16.4471 -118.327 
v -331.911 16.4427 -118.291 
v -331.935 16.3233 -118.296 
v -331.949 16.3196 -118.243 
v -332.022 16.1658 -118.25 
v -331.934 16.4421 -118.24 
v -331.91 16.5618 -118.255 
v -331.891 16.5682 -118.33 
v -331.949 16.565 -118.185 
v -331.894 16.6042 -118.328 
v -331.913 16.5869 -118.247 
v -331.934 16.7584 -118.3 
v -331.95 16.7324 -118.201 
v -331.997 16.6966 -118.129 
v -331.985 16.8527 -118.16 
v -332.048 16.7738 -118.08 
v -332.008 16.9404 -118.256 
v -332.007 16.9291 -118.134 
v -332.069 17.037 -118.086 
v -332.091 17.0592 -118.213 
v -332.847 18.0751 -117.502 
v -332.812 18.176 -117.602 
v -332.746 18.3031 -117.769 
v -332.813 18.1663 -117.624 
v -332.845 18.0634 -117.54 
v -332.861 17.958 -117.439 
v -332.86 17.9462 -117.479 
v -332.857 17.7975 -117.437 
v -332.857 17.8054 -117.392 
v -332.843 17.615 -117.363 
v -332.847 17.6117 -117.409 
v -332.821 17.4397 -117.388 
v -332.822 17.4372 -117.342 
v -331.63 16.0908 -115.958 
v -331.68 16.0467 -116.112 
v -331.749 16.2561 -116.055 
v -331.664 16.2447 -115.918 
v -331.837 16.3114 -116.271 
v -331.59 16.238 -115.799 
v -331.579 16.147 -115.826 
v -331.483 16.2388 -115.628 
v -331.743 16.0362 -116.287 
v -331.84 16.0778 -116.454 
v -331.876 16.2499 -116.421 
v -332.062 16.1752 -116.706 
v -332.674 16.7314 -118.24 
v -332.724 16.6761 -118.171 
v -332.706 16.546 -118.274 
v -332.731 16.5169 -118.228 
v -332.726 16.4907 -118.23 
v -332.704 16.5162 -118.272 
v -332.691 16.3757 -118.264 
v -332.706 16.3662 -118.24 
v -332.663 16.1865 -118.225 
v -332.93 16.7211 -117.966 
v -332.996 16.5675 -117.719 
v -332.947 16.565 -117.957 
v -332.902 16.6896 -117.729 
v -332.947 16.4328 -117.952 
v -332.982 16.387 -117.778 
v -332.925 16.2002 -117.94 
v -332.996 16.5675 -117.719 
v -333.016 16.5737 -117.635 
v -332.982 16.387 -117.778 
v -332.982 16.387 -117.778 
v -333.016 16.5737 -117.635 
v -333.022 16.3621 -117.674 
v -332.925 16.2002 -117.94 
v -332.356 15.699 -116.888 
v -332.041 15.7888 -116.392 
v -332.127 15.8114 -116.332 
v -331.909 15.8247 -116.186 
v -331.99 15.8526 -116.1 
v -331.802 15.8629 -116.021 
v -331.877 15.8883 -115.946 
v -331.716 15.9474 -115.894 
v -331.773 15.9572 -115.84 
v -331.624 16.056 -115.78 
v -331.657 16.0696 -115.745 
v -331.483 16.2388 -115.628 
v -332.356 15.699 -116.888 
v -332.876 15.7643 -116.65 
v -332.911 15.6613 -116.774 
v -332.738 15.6175 -116.938 
v -333.212 15.6949 -116.555 
v -333.171 15.7443 -116.489 
v -333.336 15.7125 -116.356 
v -333.358 15.6949 -116.392 
v -333.492 15.686 -116.23 
v -333.869 16.105 -116.41 
v -334.118 16.2977 -116.211 
v -333.85 16.094 -116.353 
v -333.73 16.0371 -116.53 
v -333.688 15.9949 -116.461 
v -333.668 15.9965 -116.422 
v -333.555 15.9371 -116.566 
v -333.511 15.9253 -116.488 
v -333.603 15.9839 -116.657 
v -333.402 15.9269 -116.689 
v -333.359 15.925 -116.59 
v -333.457 15.9673 -116.801 
v -333.206 15.947 -116.858 
v -333.154 15.9617 -116.723 
v -333.077 15.9566 -116.977 
v -333.257 15.9746 -117.013 
v -333.07 15.962 -117.213 
v -332.906 15.9502 -117.411 
v -333.358 15.6949 -116.392 
v -333.299 15.8172 -116.637 
v -333.212 15.6949 -116.555 
v -333.397 15.7477 -116.42 
v -333.492 15.686 -116.23 
v -333.112 15.8946 -116.957 
v -332.911 15.6613 -116.774 
v -332.907 15.8413 -117.177 
v -332.738 15.6175 -116.938 
v -332.902 15.9336 -117.367 
v -332.906 15.9502 -117.411 
v -330.711 16.6673 -116.924 
v -330.696 16.6847 -116.808 
v -330.782 16.6334 -117.073 
v -330.745 16.6364 -116.787 
v -330.752 16.6146 -116.904 
v -331.063 16.4893 -117.089 
v -331.06 16.4475 -116.899 
v -331.068 16.4664 -116.777 
v -331.287 16.365 -116.921 
v -331.305 16.3888 -117.143 
v -331.281 16.3918 -116.784 
v -331.44 16.3067 -116.978 
v -333.137 16.3857 -117.893 
v -333.124 16.3637 -117.791 
v -332.925 16.2002 -117.94 
v -331.582 15.9283 -116.904 
v -331.594 15.9121 -117.046 
v -331.272 15.9765 -116.835 
v -331.377 16.0025 -116.663 
v -331.808 15.8522 -117.184 
v -331.169 15.9927 -116.59 
v -331.104 15.9827 -116.739 
v -331.708 15.9485 -117.18 
v -331.798 15.9316 -117.375 
v -331.79 15.9467 -117.418 
v -331.023 15.9917 -116.578 
v -330.986 15.9971 -116.688 
v -330.873 15.9981 -116.644 
v -330.887 15.9834 -116.583 
v -330.706 15.9462 -116.605 
v -331.582 15.9283 -116.904 
v -331.377 16.0025 -116.663 
v -331.538 15.9797 -116.725 
v -331.507 15.7308 -116.614 
v -331.586 15.848 -116.925 
v -331.417 15.8262 -116.722 
v -331.299 15.7878 -116.551 
v -331.345 15.7346 -116.483 
v -331.16 15.7146 -116.347 
v -331.719 15.6944 -116.757 
v -331.979 15.6272 -116.946 
v -331.808 15.8522 -117.184 
v -332.99 16.5735 -117.669 
v -333.016 16.5737 -117.635 
v -332.996 16.5675 -117.719 
v -331.756 15.7626 -116.617 
v -332.356 15.699 -116.888 
v -331.719 15.6944 -116.757 
v -331.979 15.6272 -116.946 
v -331.507 15.7308 -116.614 
v -331.525 15.7733 -116.524 
v -331.345 15.7346 -116.483 
v -331.351 15.753 -116.442 
v -331.16 15.7146 -116.347 
v -332.877 16.451 -118.105 
v -332.912 16.4571 -118.287 
v -332.77 16.3454 -118.308 
v -332.897 16.4368 -118.175 
v -332.862 16.4302 -118.117 
v -332.797 16.3317 -118.259 
v -332.663 16.1865 -118.225 
v -332.801 16.3261 -118.201 
v -332.788 16.3279 -118.172 
v -333.501 16.5324 -117.026 
v -333.043 16.17 -117.34 
v -333.243 16.3368 -117.179 
v -333.214 16.2993 -117.094 
v -333.377 16.4325 -116.85 
v -333.759 16.6275 -116.723 
v -333.789 16.6855 -116.853 
v -333.972 16.7654 -116.679 
v -333.974 16.7275 -116.63 
v -333.988 16.8367 -116.747 
v -334.126 16.7938 -116.55 
v -334.127 16.8085 -116.585 
v -334.353 16.8515 -116.456 
v -334.129 16.8499 -116.619 
v -332.356 15.699 -116.888 
v -332.588 15.8492 -116.282 
v -332.675 15.8238 -116.334 
v -332.81 15.8455 -116.129 
v -332.734 15.8798 -116.055 
v -332.918 15.8743 -115.964 
v -332.849 15.9078 -115.901 
v -332.998 15.9588 -115.832 
v -332.944 15.9753 -115.786 
v -333.079 16.0716 -115.702 
v -333.046 16.0896 -115.671 
v -333.189 16.263 -115.51 
v -331.606 16.2742 -117.27 
v -331.522 16.2646 -117.091 
v -331.638 16.22 -117.222 
v -331.023 15.9917 -116.578 
v -330.877 16.0356 -116.508 
v -330.887 15.9834 -116.583 
v -330.706 15.9462 -116.605 
v -332.509 15.9502 -116.77 
v -333.078 15.9827 -116.567 
v -333.154 15.9617 -116.723 
v -333.359 15.925 -116.59 
v -333.31 15.9713 -116.461 
v -333.511 15.9253 -116.488 
v -333.473 15.9775 -116.389 
v -333.668 15.9965 -116.422 
v -333.635 16.0256 -116.345 
v -333.85 16.094 -116.353 
v -333.836 16.1217 -116.303 
v -334.118 16.2977 -116.211 
v -331.44 16.3067 -116.978 
v -331.522 16.2646 -117.091 
v -331.305 16.3888 -117.143 
v -331.606 16.2742 -117.27 
v -332.13 16.4334 -118.405 
v -332.164 16.4279 -118.353 
v -332.077 16.331 -118.341 
v -332.099 16.3297 -118.305 
v -331.063 16.4893 -117.089 
v -331.372 16.6136 -117.414 
v -331.113 16.7195 -117.358 
v -330.885 16.8054 -117.335 
v -331.305 16.3888 -117.143 
v -331.541 16.5489 -117.472 
v -330.782 16.6334 -117.073 
v -330.843 16.8325 -117.336 
v -330.747 16.6823 -117.092 
v -330.717 16.9385 -117.381 
v -330.643 16.8225 -117.178 
v -330.58 17.0934 -117.475 
v -330.522 17.0315 -117.363 
v -330.379 17.3937 -117.64 
v -333.294 17.1164 -116.753 
v -333.168 17.0915 -117.103 
v -333.161 17.0288 -116.92 
v -334.1 16.8456 -116.513 
v -333.933 16.8184 -116.53 
v -333.913 16.8934 -116.478 
v -334.087 16.8858 -116.465 
v -334.353 16.8515 -116.456 
v -334.126 16.7938 -116.55 
v -333.691 16.8893 -116.507 
v -333.974 16.7275 -116.63 
v -333.73 16.7748 -116.636 
v -333.377 16.8363 -116.582 
v -333.022 16.4886 -116.199 
v -332.858 16.2838 -116.375 
v -332.876 16.3433 -116.2 
v -333.02 16.6185 -115.931 
v -333.152 16.7852 -115.813 
v -333.118 16.7456 -115.771 
v -333.213 16.8334 -115.618 
v -333.111 16.0892 -115.732 
v -333.189 16.263 -115.51 
v -333.079 16.0716 -115.702 
v -333.061 15.9981 -115.875 
v -333.022 15.959 -115.851 
v -332.998 15.9588 -115.832 
v -332.964 15.8857 -116.001 
v -332.918 15.8743 -115.964 
v -333.014 15.9235 -116.034 
v -332.872 15.8683 -116.172 
v -332.81 15.8455 -116.129 
v -332.941 15.9154 -116.206 
v -332.772 15.8709 -116.379 
v -332.675 15.8238 -116.334 
v -332.356 15.699 -116.888 
v -332.855 15.9255 -116.413 
v -333.124 16.3637 -117.791 
v -332.925 16.2002 -117.94 
v -333.078 16.3574 -117.714 
v -333.022 16.3621 -117.674 
v -330.859 17.6671 -117.746 
v -330.594 17.7958 -117.83 
v -330.62 17.7641 -117.692 
v -330.344 17.9026 -117.951 
v -330.89 17.6012 -117.479 
v -331.103 17.4818 -117.68 
v -331.089 17.4208 -117.345 
v -331.329 17.2441 -117.654 
v -333.126 16.9629 -116.744 
v -333.269 17.0865 -116.591 
v -333.294 17.1164 -116.753 
v -333.161 17.0288 -116.92 
v -333.446 17.2309 -116.527 
v -333.428 17.2223 -116.419 
v -333.559 17.356 -116.368 
v -333.547 17.3626 -116.302 
v -331.678 16.8193 -117.744 
v -331.497 16.9755 -117.836 
v -331.6 16.8572 -117.662 
v -331.501 16.2807 -117.684 
v -331.593 16.1849 -117.785 
v -331.49 16.3459 -117.584 
v -331.53 16.2622 -117.667 
v -331.577 16.2584 -117.676 
v -331.584 16.3311 -117.597 
v -331.483 16.2388 -115.628 
v -331.592 16.077 -115.815 
v -331.624 16.056 -115.78 
v -331.648 15.9928 -115.947 
v -331.69 15.9506 -115.917 
v -331.716 15.9474 -115.894 
v -331.751 15.8797 -116.065 
v -331.802 15.8629 -116.021 
v -331.697 15.9226 -116.106 
v -331.844 15.8535 -116.238 
v -331.909 15.8247 -116.186 
v -331.773 15.9072 -116.28 
v -331.947 15.842 -116.444 
v -332.041 15.7888 -116.392 
v -332.356 15.699 -116.888 
v -331.866 15.9029 -116.485 
v -331.652 16.9045 -117.825 
v -331.587 17.0544 -117.934 
v -331.678 16.8193 -117.744 
v -331.497 16.9755 -117.836 
v -331.357 17.0891 -117.912 
v -331.705 17.1504 -118.077 
v -331.433 17.1511 -118.014 
v -331.523 17.2385 -118.134 
v -331.286 17.2067 -118.077 
v -331.339 17.2797 -118.181 
v -331.232 17.149 -117.98 
v -331.297 17.2822 -118.184 
v -331.248 17.2135 -118.086 
v -331.2 17.1607 -117.997 
v -331.11 17.2172 -118.115 
v -331.138 17.2597 -118.181 
v -331.083 17.1812 -118.055 
v -330.87 17.2097 -118.164 
v -331.684 16.4573 -116.287 
v -332.062 16.1752 -116.706 
v -331.788 16.3426 -116.453 
v -331.876 16.2499 -116.421 
v -331.837 16.3114 -116.271 
v -331.668 16.5905 -116.035 
v -331.497 16.9755 -117.836 
v -331.357 17.0891 -117.912 
v -331.401 17.1131 -117.686 
v -331.483 17.0512 -117.608 
v -331.284 17.1733 -117.79 
v -331.232 17.149 -117.98 
v -331.167 17.2156 -117.896 
v -331.2 17.1607 -117.997 
v -331.139 17.222 -117.92 
v -330.87 17.2097 -118.164 
v -331.044 17.2245 -118.006 
v -331.083 17.1812 -118.055 
v -331.944 18.4347 -118.519 
v -331.794 18.3591 -118.516 
v -331.521 18.4723 -118.812 
v -333.148 17.2065 -116.493 
v -333.126 16.9629 -116.744 
v -332.977 17.1218 -116.607 
v -333.269 17.0865 -116.591 
v -333.428 17.2223 -116.419 
v -331.686 17.4453 -118.341 
v -331.973 17.3491 -118.279 
v -331.894 17.4984 -118.445 
v -331.725 17.3145 -118.184 
v -332.219 17.4122 -118.383 
v -332.101 17.563 -118.548 
v -331.761 17.5735 -118.704 
v -331.617 17.5308 -118.592 
v -331.907 17.623 -118.784 
v -331.652 17.6003 -118.962 
v -331.564 17.5731 -118.905 
v -331.741 17.6335 -119.005 
v -331.46 17.5779 -119.264 
v -331.791 16.1508 -118.053 
v -331.624 16.3668 -117.938 
v -331.7 16.3722 -117.857 
v -331.908 16.6335 -118.058 
v -331.904 16.6678 -117.976 
v -331.908 16.61 -118.128 
v -332.016 16.7297 -118.015 
v -332.046 16.7575 -117.927 
v -332.136 16.7696 -117.965 
v -332.033 16.7486 -118.054 
v -331.986 16.7311 -118.109 
v -332.088 16.77 -118.04 
v -332.048 16.7738 -118.08 
v -331.894 17.9559 -117.888 
v -332.193 17.9916 -118.081 
v -331.824 18.1424 -118.071 
v -332.089 18.1566 -118.249 
v -331.661 18.34 -118.447 
v -331.794 18.3591 -118.516 
v -331.521 18.4723 -118.812 
v -332.556 16.7478 -118.094 
v -332.466 16.7589 -118.102 
v -332.555 16.7402 -117.985 
v -332.5 16.7626 -117.998 
v -332.526 16.7981 -118.214 
v -332.425 16.7637 -118.182 
v -332.448 16.7404 -118.278 
v -332.361 16.7249 -118.229 
v -332.351 16.6549 -118.327 
v -332.292 16.6703 -118.26 
v -332.555 16.7402 -117.985 
v -332.668 16.7253 -118.07 
v -332.556 16.7478 -118.094 
v -332.613 16.7638 -117.97 
v -332.623 16.7769 -118.187 
v -332.674 16.7314 -118.24 
v -332.724 16.6761 -118.171 
v -332.466 16.7589 -118.102 
v -332.425 16.7637 -118.182 
v -332.088 16.77 -118.04 
v -332.136 16.7696 -117.965 
v -332.5 16.7626 -117.998 
v -332.048 16.7738 -118.08 
v -332.361 16.7249 -118.229 
v -331.904 16.6678 -117.976 
v -331.828 16.7168 -117.726 
v -332.046 16.7575 -117.927 
v -332.902 16.6896 -117.729 
v -332.93 16.7211 -117.966 
v -332.707 16.7327 -117.93 
v -332.668 16.7253 -118.07 
v -332.613 16.7638 -117.97 
v -332.724 16.6761 -118.171 
v -332.311 18.3048 -117.125 
v -332.442 18.3214 -117.17 
v -332.219 18.4951 -117.311 
v -332.311 18.5103 -117.319 
v -332.219 18.4951 -117.311 
v -332.142 18.6078 -117.52 
v -331.657 16.0696 -115.745 
v -331.483 16.2388 -115.628 
v -331.67 16.1109 -115.731 
v -330.59 16.852 -116.931 
v -330.659 16.9902 -116.889 
v -330.696 16.6847 -116.808 
v -330.793 16.8788 -116.772 
v -330.845 16.85 -116.737 
v -330.745 16.6364 -116.787 
v -331.187 16.6994 -116.658 
v -331.068 16.4664 -116.777 
v -331.604 16.4184 -116.721 
v -331.677 16.5163 -116.668 
v -331.888 16.4516 -116.746 
v -331.756 15.7626 -116.617 
v -331.714 15.9116 -116.575 
v -332.356 15.699 -116.888 
v -332.17 15.9085 -116.78 
v -331.525 15.7733 -116.524 
v -331.493 15.8735 -116.5 
v -331.351 15.753 -116.442 
v -331.33 15.8131 -116.432 
v -331.16 15.7146 -116.347 
v -332.703 17.9062 -117.202 
v -332.704 17.4992 -117.029 
v -332.361 17.9042 -117.068 
v -332.771 17.5299 -117.071 
v -332.412 17.5459 -116.939 
v -332.634 18.1086 -117.335 
v -332.317 18.0945 -117.191 
v -332.869 17.1049 -116.526 
v -333.038 16.9957 -116.601 
v -333.001 16.7297 -116.626 
v -333.077 16.8445 -116.632 
v -332.977 17.1218 -116.607 
v -332.843 17.2169 -116.587 
v -332.918 17.2493 -116.671 
v -332.713 17.1593 -116.476 
v -332.56 17.2968 -116.612 
v -332.576 17.4459 -116.764 
v -332.818 16.0158 -115.862 
v -332.849 15.9078 -115.901 
v -332.924 16.0596 -115.763 
v -332.944 15.9753 -115.786 
v -333.033 16.1331 -115.657 
v -333.046 16.0896 -115.671 
v -333.189 16.263 -115.51 
v -331.538 15.9797 -116.725 
v -331.738 16.1822 -116.615 
v -331.877 15.984 -116.727 
v -332.17 15.9085 -116.78 
v -331.389 16.1916 -116.512 
v -331.377 16.0025 -116.663 
v -331.169 15.9927 -116.59 
v -331.177 16.1511 -116.489 
v -331.011 16.0868 -116.492 
v -331.023 15.9917 -116.578 
v -330.877 16.0356 -116.508 
v -333.012 16.1804 -116.529 
v -332.509 15.9502 -116.77 
v -332.765 16.2277 -116.631 
v -333.078 15.9827 -116.567 
v -333.296 16.1299 -116.427 
v -333.31 15.9713 -116.461 
v -333.492 16.1044 -116.368 
v -333.473 15.9775 -116.389 
v -333.65 16.1194 -116.33 
v -333.635 16.0256 -116.345 
v -333.837 16.1716 -116.29 
v -333.836 16.1217 -116.303 
v -334.118 16.2977 -116.211 
v -332.793 17.7732 -116.822 
v -332.812 17.4556 -116.854 
v -332.621 17.7387 -116.738 
v -332.576 17.4459 -116.764 
v -332.746 17.9662 -116.841 
v -332.593 17.9521 -116.773 
v -332.515 18.1813 -116.856 
v -332.652 18.2004 -116.91 
v -332.403 18.3852 -117.03 
v -332.508 18.3906 -117.05 
v -331.477 16.868 -115.733 
v -331.661 16.8781 -115.832 
v -331.615 16.8078 -115.861 
v -331.504 16.9146 -115.714 
v -331.272 16.9382 -115.502 
v -331.446 16.8147 -115.749 
v -331.815 16.8251 -115.956 
v -331.561 16.7233 -115.899 
v -331.753 16.719 -115.991 
v -332.008 16.6833 -116.15 
v -331.668 16.5905 -116.035 
v -331.932 16.5418 -116.191 
v -331.837 16.3114 -116.271 
v -332.185 16.5531 -116.338 
v -332.347 16.2675 -116.606 
v -332.341 16.4402 -116.495 
v -332.341 16.4402 -116.495 
v -332.276 16.6798 -116.466 
v -332.346 16.6704 -116.452 
v -332.377 16.9186 -116.469 
v -331.068 16.4664 -116.777 
v -331.604 16.4184 -116.721 
v -331.281 16.3918 -116.784 
v -331.618 17.3275 -116.873 
v -331.235 17.5331 -117.094 
v -331.379 17.636 -116.985 
v -331.441 17.2479 -116.989 
v -330.985 17.6952 -117.268 
v -331.57 16.9983 -116.915 
v -331.836 16.9784 -116.727 
v -331.846 16.7698 -116.704 
v -331.101 17.8079 -117.17 
v -330.738 17.8866 -117.51 
v -330.738 17.8866 -117.51 
v -331.245 17.9517 -117.256 
v -331.101 17.8079 -117.17 
v -330.828 18.0455 -117.571 
v -331.602 17.8509 -117.047 
v -331.379 17.636 -116.985 
v -331.866 17.5937 -116.958 
v -331.618 17.3275 -116.873 
v -331.886 17.1559 -116.789 
v -331.998 17.3439 -116.866 
v -331.836 16.9784 -116.727 
v -331.912 15.9918 -115.901 
v -331.877 15.8883 -115.946 
v -331.795 16.0374 -115.814 
v -331.773 15.9572 -115.84 
v -331.67 16.1109 -115.731 
v -331.657 16.0696 -115.745 
v -333.18 16.8875 -115.613 
v -333.061 16.8313 -115.749 
v -333.014 16.9028 -115.735 
v -333.151 16.9348 -115.605 
v -333.213 16.8334 -115.618 
v -332.872 16.8556 -115.869 
v -333.118 16.7456 -115.771 
v -332.933 16.748 -115.893 
v -332.678 16.7128 -116.083 
v -333.02 16.6185 -115.931 
v -332.767 16.5797 -116.123 
v -332.876 16.3433 -116.2 
v -332.53 16.5814 -116.298 
v -332.347 16.2675 -116.606 
v -332.341 16.4402 -116.495 
v -332.141 17.4721 -117.001 
v -331.866 17.5937 -116.958 
v -332.077 17.7963 -117.252 
v -331.998 17.3439 -116.866 
v -331.789 18.0441 -117.323 
v -331.602 17.8509 -117.047 
v -331.386 18.2066 -117.432 
v -331.245 17.9517 -117.256 
v -330.893 18.179 -117.634 
v -330.828 18.0455 -117.571 
v -332.231 17.1192 -116.537 
v -332.397 17.3032 -116.628 
v -332.384 17.1227 -116.509 
v -332.377 16.9186 -116.469 
v -332.244 17.2899 -116.656 
v -332.411 17.4557 -116.771 
v -332.54 17.1186 -116.498 
v -332.622 17.0405 -116.476 
v -332.377 16.9186 -116.469 
v -332.507 16.8916 -116.477 
v -332.418 16.6949 -116.448 
v -332.346 16.6704 -116.452 
v -332.341 16.4402 -116.495 
v -332.258 17.4366 -116.788 
v -332.244 17.2899 -116.656 
v -331.998 17.3439 -116.866 
v -332.098 17.2617 -116.7 
v -332.231 17.1192 -116.537 
v -332.086 17.0921 -116.584 
v -332.377 16.9186 -116.469 
v -332.208 16.8991 -116.417 
v -332.276 16.6798 -116.466 
v -331.956 16.974 -116.632 
v -331.973 17.2033 -116.755 
v -331.886 17.1559 -116.789 
v -331.836 16.9784 -116.727 
v -331.846 16.7698 -116.704 
v -334.1 16.8456 -116.513 
v -333.933 16.8184 -116.53 
v -333.913 16.8934 -116.478 
v -334.353 16.8515 -116.456 
v -334.126 16.7938 -116.55 
v -333.691 16.8893 -116.507 
v -333.974 16.7275 -116.63 
v -333.73 16.7748 -116.636 
v -333.377 16.8363 -116.582 
v -333.759 16.6275 -116.723 
v -333.385 16.6837 -116.689 
v -333.377 16.4325 -116.85 
v -333.134 16.7995 -116.625 
v -332.863 16.4835 -116.641 
v -333.001 16.7297 -116.626 
v -332.17 15.9085 -116.78 
v -331.738 16.1822 -116.615 
v -332.062 16.1752 -116.706 
v -332.141 17.4721 -117.001 
v -332.077 17.7963 -117.252 
v -332.276 17.5222 -116.956 
v -332.361 17.9042 -117.068 
v -332.412 17.5459 -116.939 
v -332.317 18.0945 -117.191 
v -332.032 17.9612 -117.365 
v -331.985 18.1453 -117.504 
v -332.23 18.3076 -117.384 
v -333.078 16.3574 -117.714 
v -333.022 16.3621 -117.674 
v -333.067 16.556 -117.585 
v -333.139 16.5371 -117.635 
v -333.166 16.748 -117.572 
v -333.344 15.7575 -116.35 
v -333.171 15.7443 -116.489 
v -333.179 15.8444 -116.468 
v -333.336 15.7125 -116.356 
v -333.492 15.686 -116.23 
v -332.876 15.7643 -116.65 
v -332.829 15.9226 -116.615 
v -332.509 15.9502 -116.77 
v -332.356 15.699 -116.888 
v -331.49 16.3459 -117.584 
v -331.584 16.3311 -117.597 
v -331.611 16.3858 -117.547 
v -331.493 16.4103 -117.532 
v -331.541 16.5489 -117.472 
v -331.649 16.4604 -117.51 
v -331.49 16.6065 -117.527 
v -331.523 16.6752 -117.51 
v -330.912 16.9946 -116.806 
v -330.793 16.8788 -116.772 
v -330.863 17.0175 -116.833 
v -330.717 17.084 -116.94 
v -330.845 16.85 -116.737 
v -330.659 16.9902 -116.889 
v -331.187 16.6994 -116.658 
v -331.248 16.8923 -116.729 
v -331.677 16.5163 -116.668 
v -331.846 16.7698 -116.704 
v -331.888 16.4516 -116.746 
v -332.276 16.6798 -116.466 
v -331.989 16.9112 -116.217 
v -332.208 16.8991 -116.417 
v -331.726 17.1704 -116.078 
v -331.8 16.9788 -115.992 
v -331.815 16.8251 -115.956 
v -331.594 17.1253 -115.912 
v -331.642 16.992 -115.852 
v -331.661 16.8781 -115.832 
v -331.477 17.0679 -115.76 
v -331.498 16.9908 -115.723 
v -331.504 16.9146 -115.714 
v -331.272 16.9382 -115.502 
v -331.912 15.9918 -115.901 
v -331.795 16.0374 -115.814 
v -331.738 16.2008 -115.849 
v -331.631 16.211 -115.759 
v -331.67 16.1109 -115.731 
v -331.483 16.2388 -115.628 
v -333.014 16.9028 -115.735 
v -333.161 17.0108 -115.621 
v -333.151 16.9348 -115.605 
v -333.134 16.7995 -116.625 
v -333.077 16.8445 -116.632 
v -333.377 16.8363 -116.582 
v -333.001 16.7297 -116.626 
v -333.395 16.9713 -116.657 
v -333.71 16.9812 -116.585 
v -333.691 16.8893 -116.507 
v -333.939 16.9859 -116.535 
v -333.913 16.8934 -116.478 
v -334.109 16.9545 -116.523 
v -334.087 16.8858 -116.465 
v -334.353 16.8515 -116.456 
v -331.414 17.2731 -117.58 
v -331.377 17.2917 -117.612 
v -331.411 17.4566 -117.61 
v -331.259 17.3341 -117.727 
v -331.273 17.4902 -117.732 
v -331.167 17.2156 -117.896 
v -331.127 17.3569 -117.851 
v -331.133 17.4767 -117.862 
v -331.139 17.222 -117.92 
v -331.101 17.354 -117.88 
v -331.102 17.4596 -117.893 
v -331.017 17.2983 -117.983 
v -330.87 17.2097 -118.164 
v -331.044 17.2245 -118.006 
v -331.292 17.0914 -116.934 
v -331.57 16.9983 -116.915 
v -331.248 16.8923 -116.729 
v -330.912 16.9946 -116.806 
v -331.004 17.1841 -117.001 
v -331.389 16.1916 -116.512 
v -331.65 16.3802 -116.656 
v -331.738 16.1822 -116.615 
v -331.888 16.4516 -116.746 
v -332.062 16.1752 -116.706 
v -331.331 16.3033 -116.576 
v -331.177 16.1511 -116.489 
v -331.129 16.2365 -116.547 
v -331.011 16.0868 -116.492 
v -330.975 16.1522 -116.538 
v -330.851 16.078 -116.53 
v -330.877 16.0356 -116.508 
v -330.706 15.9462 -116.605 
v -331.972 16.2469 -116.145 
v -332.06 16.0046 -116.062 
v -331.912 15.9918 -115.901 
v -331.853 16.2065 -115.949 
v -331.738 16.2008 -115.849 
v -333.148 17.2065 -116.493 
v -333.428 17.2223 -116.419 
v -333.345 17.3001 -116.367 
v -333.547 17.3626 -116.302 
v -333.493 17.4094 -116.282 
v -333.634 17.5849 -116.193 
v -332.621 17.7387 -116.738 
v -332.576 17.4459 -116.764 
v -332.412 17.5459 -116.939 
v -332.414 17.855 -116.934 
v -332.593 17.9521 -116.773 
v -332.376 18.0831 -116.992 
v -332.515 18.1813 -116.856 
v -332.765 16.2277 -116.631 
v -332.863 16.4835 -116.641 
v -333.012 16.1804 -116.529 
v -333.373 16.3964 -116.581 
v -333.296 16.1299 -116.427 
v -333.492 16.1044 -116.368 
v -333.564 16.3232 -116.503 
v -333.72 16.2792 -116.423 
v -333.65 16.1194 -116.33 
v -333.882 16.2682 -116.342 
v -333.837 16.1716 -116.29 
v -334.118 16.2977 -116.211 
v -332.918 17.2493 -116.671 
v -333.111 17.2897 -116.549 
v -333.148 17.2065 -116.493 
v -332.977 17.1218 -116.607 
v -332.906 17.3243 -116.755 
v -333.345 17.3001 -116.367 
v -333.09 17.3534 -116.617 
v -333.31 17.3525 -116.409 
v -333.493 17.4094 -116.282 
v -333.285 17.3858 -116.46 
v -333.473 17.4382 -116.307 
v -333.634 17.5849 -116.193 
v -333.458 17.454 -116.33 
v -331.624 16.3668 -117.938 
v -331.7 16.3722 -117.857 
v -331.552 16.5059 -117.886 
v -331.704 16.5298 -117.752 
v -331.549 16.5334 -117.882 
v -331.645 16.7296 -117.758 
v -332.818 16.0158 -115.862 
v -332.868 16.2334 -115.897 
v -332.975 16.2232 -115.781 
v -330.975 16.1522 -116.538 
v -330.851 16.078 -116.53 
v -330.82 16.1173 -116.58 
v -330.706 15.9462 -116.605 
v -330.923 16.2162 -116.624 
v -331.129 16.2365 -116.547 
v -332.895 17.9555 -117.468 
v -332.847 18.0751 -117.502 
v -332.874 18.0736 -117.53 
v -332.861 17.958 -117.439 
v -332.857 17.8054 -117.392 
v -332.895 17.8012 -117.426 
v -332.843 17.615 -117.363 
v -332.884 17.61 -117.401 
v -332.822 17.4372 -117.342 
v -332.866 17.4318 -117.381 
v -331.611 16.3858 -117.547 
v -331.493 16.4103 -117.532 
v -331.649 16.4604 -117.51 
v -332.351 16.6549 -118.327 
v -332.292 16.6703 -118.26 
v -332.243 16.5325 -118.352 
v -332.189 16.5666 -118.293 
v -332.109 16.4616 -118.307 
v -332.164 16.4279 -118.353 
v -332.044 16.3467 -118.271 
v -332.099 16.3297 -118.305 
v -332.022 16.1658 -118.25 
v -332.048 16.7738 -118.08 
v -332.361 16.7249 -118.229 
v -332.292 16.6703 -118.26 
v -331.997 16.6966 -118.129 
v -332.189 16.5666 -118.293 
v -332.109 16.4616 -118.307 
v -331.949 16.565 -118.185 
v -331.934 16.4421 -118.24 
v -332.044 16.3467 -118.271 
v -331.949 16.3196 -118.243 
v -332.022 16.1658 -118.25 
v -331.714 15.9116 -116.575 
v -331.66 15.9711 -116.631 
v -332.17 15.9085 -116.78 
v -331.877 15.984 -116.727 
v -331.449 15.9397 -116.545 
v -331.493 15.8735 -116.5 
v -331.33 15.8131 -116.432 
v -331.308 15.8576 -116.462 
v -331.16 15.7146 -116.347 
v -332.93 16.7211 -117.966 
v -332.724 16.6761 -118.171 
v -332.919 16.6053 -118.035 
v -332.731 16.5169 -118.228 
v -332.877 16.451 -118.105 
v -332.726 16.4907 -118.23 
v -332.862 16.4302 -118.117 
v -332.788 16.3279 -118.172 
v -332.706 16.3662 -118.24 
v -332.663 16.1865 -118.225 
v -333.016 16.5737 -117.635 
v -333.022 16.3621 -117.674 
v -333.067 16.556 -117.585 

vn -0.629921 0.149606 -0.76378 
vn -0.645669 0.527559 -0.559055 
vn -0.574803 0.433071 -0.692913 
vn -0.755906 0.173228 -0.629921 
vn -0.748031 -0.0314961 -0.661417 
vn -0.622047 -0.0314961 -0.787402 
vn -0.590551 -0.0866142 -0.80315 
vn -0.716535 0.0708661 -0.692913 
vn -0.661417 -0.0944882 -0.740157 
vn -0.590551 -0.0708661 -0.80315 
vn -0.795276 -0.015748 -0.606299 
vn -0.818898 0.0551181 -0.566929 
vn -0.779528 0.212598 -0.590551 
vn -0.92126 0.023622 -0.385827 
vn -0.724409 -0.433071 -0.543307 
vn -0.653543 -0.708661 -0.251969 
vn -0.716535 -0.637795 -0.283465 
vn -0.661417 -0.622047 -0.417323 
vn -0.700787 -0.433071 -0.566929 
vn -0.692913 -0.417323 -0.590551 
vn -0.543307 -0.740157 -0.401575 
vn -0.472441 -0.755906 -0.456693 
vn -0.661417 -0.417323 -0.629921 
vn -0.433071 -0.795276 -0.417323 
vn -0.669291 -0.401575 -0.622047 
vn -0.543307 -0.716535 -0.433071 
vn -0.669291 -0.551181 -0.503937 
vn -0.740157 -0.173228 -0.645669 
vn -0.787402 -0.204724 -0.574803 
vn -0.818898 -0.377953 -0.433071 
vn -0.913386 -0.338583 0.23622 
vn -0.850394 -0.519685 -0.023622 
vn -0.76378 -0.606299 0.220472 
vn -0.968504 -0.251969 -0.0393701 
vn -0.984252 -0.11811 0.11811 
vn -0.992126 -0.0708661 -0.0866142 
vn -0.992126 0.110236 -0.0787402 
vn -0.968504 0.125984 0.212598 
vn -0.866142 0.488189 -0.0629921 
vn -0.905512 0.338583 0.259843 
vn -0.795276 0.606299 0.0944882 
vn -0.653543 0 -0.755906 
vn -0.740157 -0.259843 -0.622047 
vn -0.598425 0.503937 -0.622047 
vn -0.724409 -0.11811 -0.677165 
vn -0.76378 -0.385827 -0.511811 
vn -0.96063 -0.244094 -0.11811 
vn -0.992126 -0.11811 -0.0866142 
vn -0.968504 -0.220472 -0.102362 
vn -0.968504 -0.251969 -0.0787402 
vn -0.92126 -0.370079 -0.110236 
vn -0.866142 -0.354331 -0.354331 
vn -0.913386 -0.275591 -0.291339 
vn -1 0.00787402 0.0314961 
vn -0.984252 0.102362 -0.11811 
vn -0.984252 -0.0314961 -0.181102 
vn -0.984252 0.181102 -0.00787402 
vn 0.0787402 -0.96063 -0.283465 
vn 0.346457 -0.88189 -0.322835 
vn -0.795276 0.00787402 -0.606299 
vn -0.858268 -0.141732 -0.496063 
vn -0.866142 -0.354331 -0.354331 
vn -0.929134 0 -0.370079 
vn -0.913386 -0.275591 -0.291339 
vn -0.913386 -0.19685 -0.362205 
vn -0.905512 -0.204724 -0.362205 
vn -0.929134 -0.220472 -0.307087 
vn -0.929134 -0.338583 -0.125984 
vn -0.905512 0.425197 -0.00787402 
vn -0.826772 0.496063 -0.259843 
vn -0.929134 0.299213 -0.212598 
vn -0.811024 0.559055 -0.181102 
vn -0.937008 0.322835 0.110236 
vn -0.685039 0.637795 -0.362205 
vn -0.732283 0.574803 -0.362205 
vn -0.952756 0.259843 -0.141732 
vn -0.952756 0.291339 0.102362 
vn -0.96063 0.23622 -0.133858 
vn -0.92126 0.267717 0.283465 
vn -0.897638 0.102362 -0.425197 
vn -0.92126 0.173228 -0.346457 
vn -0.913386 0.165354 -0.370079 
vn -0.952756 0.259843 -0.141732 
vn -0.96063 0.23622 -0.133858 
vn -0.929134 0.299213 -0.212598 
vn -0.889764 0.228346 -0.385827 
vn -0.850394 0.314961 -0.417323 
vn -0.826772 0.496063 -0.259843 
vn -0.724409 0.551181 -0.425197 
vn -0.685039 0.637795 -0.362205 
vn -0.622047 0.582677 -0.527559 
vn -0.503937 0.740157 -0.440945 
vn -0.984252 -0.0314961 -0.181102 
vn -0.968504 -0.220472 -0.102362 
vn -0.992126 -0.11811 -0.0866142 
vn -0.984252 0.102362 -0.11811 
vn -0.96063 0.125984 -0.259843 
vn -0.92126 0.023622 -0.385827 
vn -0.92126 0.346457 -0.181102 
vn -0.984252 0.181102 -0.00787402 
vn -0.905512 0.125984 -0.401575 
vn -0.818898 0.0551181 -0.566929 
vn -0.929134 0.377953 -0.0393701 
vn -0.88189 0.314961 -0.338583 
vn -0.834646 0.259843 -0.488189 
vn -0.779528 0.212598 -0.590551 
vn -0.740157 0.559055 -0.362205 
vn -0.811024 0.551181 -0.19685 
vn -0.811024 0.574803 -0.0866142 
vn -0.606299 0.740157 -0.283465 
vn -0.622047 0.779528 -0.0866142 
vn -0.708661 0.503937 -0.496063 
vn -0.669291 0.417323 -0.606299 
vn -0.637795 0.299213 -0.708661 
vn -0.716535 0.0708661 -0.692913 
vn -0.889764 0.244094 -0.385827 
vn -0.952756 0.299213 0.0944882 
vn -0.826772 0.519685 -0.19685 
vn -0.850394 0.527559 0.0314961 
vn -0.937008 0.0866142 0.338583 
vn -0.732283 0.559055 -0.385827 
vn -0.779528 0.283465 -0.559055 
vn -0.787402 0.11811 -0.598425 
vn -1 0.00787402 0.0787402 
vn -0.92126 -0.173228 0.346457 
vn -0.913386 0.023622 -0.401575 
vn -0.80315 0 -0.598425 
vn -0.984252 -0.149606 0.110236 
vn -0.88189 -0.259843 0.385827 
vn -0.92126 -0.11811 -0.362205 
vn -0.779528 -0.173228 -0.598425 
vn -0.937008 -0.291339 0.173228 
vn -0.84252 -0.370079 0.393701 
vn -0.889764 -0.314961 -0.322835 
vn -0.669291 -0.417323 -0.614173 
vn -0.866142 -0.464567 0.204724 
vn -0.748031 -0.559055 0.362205 
vn -0.76378 -0.582677 -0.275591 
vn -0.748031 -0.629921 0.204724 
vn -0.708661 -0.692913 0.133858 
vn -0.637795 -0.370079 -0.677165 
vn -0.622047 -0.354331 -0.700787 
vn -0.629921 -0.685039 -0.354331 
vn -0.669291 -0.299213 -0.685039 
vn -0.661417 -0.267717 -0.700787 
vn -0.76378 -0.244094 -0.598425 
vn -0.779528 -0.425197 -0.456693 
vn -0.866142 -0.259843 -0.425197 
vn -0.708661 -0.551181 -0.440945 
vn -0.637795 -0.645669 -0.417323 
vn -0.566929 -0.677165 -0.472441 
vn -0.653543 -0.472441 -0.590551 
vn -0.622047 0.125984 0.771654 
vn -0.614173 0 0.787402 
vn -0.850394 0.275591 0.456693 
vn -0.598425 0.456693 0.653543 
vn -0.685039 0.685039 0.251969 
vn -0.771654 0.629921 0.0866142 
vn -0.811024 0.574803 -0.0866142 
vn -0.732283 0.645669 0.204724 
vn -0.740157 0.629921 0.23622 
vn -0.850394 0.496063 0.165354 
vn -0.937008 0.346457 0.0708661 
vn -0.929134 0.377953 -0.0393701 
vn -0.976378 0.15748 0.15748 
vn -0.984252 0.15748 0.0944882 
vn -0.984252 0.181102 -0.00787402 
vn -0.992126 0.00787402 0.11811 
vn -1 0.00787402 0.0314961 
vn -0.968504 -0.251969 -0.0787402 
vn -0.811024 0.259843 -0.527559 
vn -0.88189 -0.19685 -0.425197 
vn -0.889764 -0.181102 -0.425197 
vn -0.834646 0.181102 -0.511811 
vn -0.874016 0.015748 -0.488189 
vn -0.771654 0.330709 -0.551181 
vn -0.740157 0.330709 -0.590551 
vn -0.771654 -0.488189 -0.401575 
vn -0.76378 -0.385827 -0.511811 
vn -0.748031 -0.409449 -0.527559 
vn -0.740157 -0.259843 -0.622047 
vn -0.685039 -0.267717 -0.677165 
vn -0.700787 -0.409449 -0.582677 
vn -0.622047 -0.346457 -0.700787 
vn -0.677165 -0.448819 -0.582677 
vn -0.700787 -0.480315 -0.527559 
vn -0.590551 -0.346457 -0.724409 
vn -0.535433 -0.440945 -0.724409 
vn -0.543307 -0.559055 -0.629921 
vn -0.661417 -0.590551 -0.464567 
vn -0.496063 -0.606299 -0.629921 
vn -0.692913 -0.566929 -0.440945 
vn -0.299213 -0.559055 -0.771654 
vn -0.677165 0.716535 -0.181102 
vn -0.716535 0.669291 -0.204724 
vn -0.850394 0.527559 0.0314961 
vn -0.84252 -0.338583 0.417323 
vn -0.929134 -0.188976 0.322835 
vn -0.724409 -0.590551 0.370079 
vn -0.511811 -0.76378 0.393701 
vn -0.732283 -0.425197 0.527559 
vn -0.409449 -0.795276 0.448819 
vn -0.606299 -0.448819 0.661417 
vn -0.244094 -0.755906 0.606299 
vn -0.88189 0.0472441 0.472441 
vn -0.968504 0.125984 0.212598 
vn -0.866142 -0.15748 0.472441 
vn -0.905512 0.338583 0.259843 
vn -0.858268 0.275591 0.425197 
vn -0.795276 0.606299 0.0944882 
vn -0.732283 -0.653543 -0.173228 
vn -0.88189 -0.19685 -0.425197 
vn -0.889764 -0.181102 -0.425197 
vn -0.779528 -0.606299 -0.15748 
vn -0.874016 0.015748 -0.488189 
vn -0.874016 -0.480315 -0.0708661 
vn -0.889764 0.0472441 -0.456693 
vn -0.968504 -0.0866142 -0.228346 
vn -0.740157 0.330709 -0.590551 
vn -0.96063 -0.141732 -0.251969 
vn -0.968504 -0.133858 -0.212598 
vn -0.897638 -0.440945 -0.015748 
vn -0.976378 -0.0314961 -0.220472 
vn -0.937008 -0.133858 -0.330709 
vn -0.944882 -0.275591 -0.19685 
vn -0.952756 -0.244094 -0.173228 
vn -0.858268 -0.401575 -0.314961 
vn -0.866142 -0.425197 -0.275591 
vn -0.889764 -0.401575 -0.204724 
vn -0.80315 -0.590551 -0.0629921 
vn -0.771654 -0.606299 0.173228 
vn -0.913386 -0.401575 -0.0472441 
vn -0.84252 -0.527559 -0.11811 
vn -0.755906 -0.653543 -0.015748 
vn -0.92126 -0.244094 -0.299213 
vn -0.92126 -0.212598 -0.330709 
vn -0.755906 -0.653543 -0.0708661 
vn -0.858268 -0.488189 -0.173228 
vn -0.897638 -0.401575 -0.204724 
vn -0.92126 -0.275591 -0.275591 
vn -0.929134 -0.23622 -0.291339 
vn -0.944882 0.0472441 -0.322835 
vn -0.897638 -0.015748 -0.440945 
vn -0.905512 -0.015748 -0.417323 
vn -0.850394 -0.0393701 -0.519685 
vn -0.88189 -0.0472441 -0.472441 
vn -0.811024 0 -0.582677 
vn -0.771654 0.015748 -0.637795 
vn -0.755906 0.0314961 -0.653543 
vn -0.76378 0.0472441 -0.645669 
vn -0.787402 0.0629921 -0.614173 
vn -0.787402 0.0866142 -0.606299 
vn -0.748031 0.102362 -0.653543 
vn -0.716535 0.11811 -0.685039 
vn -0.96063 -0.181102 -0.19685 
vn -0.858268 -0.511811 0.0629921 
vn -0.889764 -0.448819 0.0393701 
vn -0.905512 -0.417323 -0.0787402 
vn -0.96063 -0.181102 -0.228346 
vn -0.574803 -0.779528 0.259843 
vn -0.944882 -0.173228 -0.291339 
vn -0.787402 -0.590551 -0.165354 
vn -0.76378 -0.559055 -0.314961 
vn -0.905512 -0.181102 -0.385827 
vn -0.661417 -0.622047 -0.417323 
vn -0.779528 -0.472441 -0.417323 
vn -0.84252 -0.125984 -0.527559 
vn -0.748031 -0.173228 -0.645669 
vn -0.858268 -0.417323 -0.291339 
vn -0.76378 -0.606299 0.220472 
vn -0.519685 -0.653543 0.551181 
vn -0.716535 -0.377953 0.582677 
vn -0.913386 -0.338583 0.23622 
vn -0.76378 -0.204724 0.606299 
vn -0.866142 -0.15748 0.472441 
vn -0.88189 0.0472441 0.472441 
vn -0.984252 -0.11811 0.11811 
vn -0.968504 0.125984 0.212598 
vn -0.590551 0.574803 -0.566929 
vn -0.661417 0.346457 -0.669291 
vn -0.645669 0.464567 -0.606299 
vn -0.535433 0.606299 -0.582677 
vn -0.874016 -0.480315 -0.0708661 
vn -0.787402 -0.590551 0.19685 
vn -0.968504 -0.0866142 -0.228346 
vn -0.692913 0.212598 -0.692913 
vn -0.724409 0.19685 -0.661417 
vn -0.779528 0.102362 -0.622047 
vn -0.740157 -0.173228 -0.645669 
vn -0.787402 -0.204724 -0.574803 
vn -0.755906 0.11811 0.645669 
vn -0.755906 0.220472 0.614173 
vn -0.732283 0.110236 0.669291 
vn -0.748031 0.125984 0.653543 
vn -0.732283 0.377953 0.566929 
vn -0.653543 0.598425 0.464567 
vn -0.76378 0.440945 0.472441 
vn -0.685039 0.488189 0.543307 
vn -0.700787 0.370079 0.606299 
vn -0.700787 0.23622 0.677165 
vn -0.76378 0.590551 -0.251969 
vn -0.80315 0.574803 -0.15748 
vn -0.811024 0.566929 -0.110236 
vn -0.889764 0.377953 -0.251969 
vn -0.858268 0.362205 -0.370079 
vn -0.787402 0.503937 -0.346457 
vn -0.84252 0.393701 -0.370079 
vn -0.779528 0.543307 -0.314961 
vn -0.850394 0.393701 -0.346457 
vn -0.858268 0.393701 -0.330709 
vn -0.598425 0.724409 -0.346457 
vn -0.795276 0.15748 -0.590551 
vn -0.787402 0.141732 -0.598425 
vn -0.80315 0.15748 -0.574803 
vn -0.795276 0.141732 -0.590551 
vn -0.818898 0.133858 -0.559055 
vn -0.818898 0.165354 -0.543307 
vn -0.795276 0.15748 -0.582677 
vn -0.826772 0.141732 -0.543307 
vn -0.858268 0.102362 -0.503937 
vn -0.811024 0.188976 -0.551181 
vn -0.818898 0.267717 -0.503937 
vn -0.834646 0.283465 -0.480315 
vn -0.787402 0.370079 -0.488189 
vn -0.645669 0.385827 0.653543 
vn -0.299213 0.787402 0.535433 
vn -0.645669 0.425197 0.629921 
vn -0.937008 -0.0708661 0.338583 
vn -0.818898 0.267717 0.503937 
vn -0.76378 0.472441 0.440945 
vn -0.622047 0.598425 0.511811 
vn -0.692913 0.448819 0.559055 
vn -0.669291 0.377953 0.645669 
vn -0.425197 0.771654 0.472441 
vn -0.858268 0.377953 -0.346457 
vn -0.826772 0.464567 -0.307087 
vn -0.866142 0.393701 -0.314961 
vn -0.80315 0.496063 -0.338583 
vn -0.811024 0.480315 -0.338583 
vn -0.84252 0.362205 -0.409449 
vn -0.897638 0.181102 -0.409449 
vn -0.88189 0.102362 -0.456693 
vn -0.905512 0.0866142 -0.417323 
vn -0.874016 0.299213 -0.393701 
vn -0.874016 0.322835 -0.354331 
vn -0.889764 0.322835 -0.322835 
vn -0.858268 0.299213 -0.417323 
vn -0.929134 0.267717 -0.267717 
vn -0.889764 0.275591 -0.377953 
vn -0.874016 0.267717 -0.401575 
vn -0.889764 0.259843 -0.377953 
vn -0.897638 0.299213 -0.322835 
vn -0.937008 0.212598 -0.283465 
vn -0.944882 0.165354 -0.267717 
vn -0.913386 0.181102 -0.370079 
vn -0.96063 -0.023622 0.267717 
vn -0.944882 -0.141732 0.299213 
vn -0.984252 -0.11811 0.102362 
vn -0.913386 -0.322835 0.259843 
vn -0.889764 -0.401575 0.220472 
vn -0.818898 -0.496063 0.291339 
vn -0.724409 -0.622047 0.283465 
vn -0.614173 -0.732283 0.275591 
vn -0.787402 -0.614173 -0.023622 
vn -0.519685 -0.84252 0.11811 
vn -0.590551 -0.740157 -0.322835 
vn -0.708661 -0.559055 -0.425197 
vn -0.84252 -0.543307 0.0472441 
vn -0.850394 -0.527559 0.00787402 
vn -0.850394 -0.527559 0.023622 
vn -0.826772 -0.559055 0.0944882 
vn -0.818898 -0.574803 -0.023622 
vn -0.826772 -0.559055 0.0472441 
vn -0.874016 -0.480315 0.0551181 
vn -0.88189 -0.472441 0.015748 
vn -0.905512 -0.409449 0.0472441 
vn -0.937008 -0.346457 0.0314961 
vn -0.976378 -0.188976 0.0708661 
vn -0.976378 -0.181102 0.125984 
vn -0.984252 -0.133858 0.0866142 
vn -0.992126 -0.0314961 0.149606 
vn -0.614173 -0.732283 0.275591 
vn -0.716535 -0.614173 0.338583 
vn -0.818898 -0.496063 0.291339 
vn -0.913386 -0.322835 0.259843 
vn -0.834646 -0.362205 0.417323 
vn -0.944882 -0.141732 0.299213 
vn -0.866142 -0.188976 0.464567 
vn -0.96063 -0.023622 0.267717 
vn -0.645669 0.527559 -0.559055 
vn -0.574803 0.433071 -0.692913 
vn -0.559055 0.637795 -0.535433 
vn -0.543307 0.748031 -0.377953 
vn -0.393701 0.889764 -0.220472 
vn -0.259843 0.811024 -0.527559 
vn -0.598425 0.503937 -0.622047 
vn -0.685039 0.456693 -0.566929 
vn -0.377953 0.472441 -0.795276 
vn -0.0944882 0.582677 -0.811024 
vn -0.866142 0.488189 -0.0629921 
vn -0.795276 0.606299 0.0944882 
vn -0.669291 0.740157 -0.0866142 
vn -0.826772 0.496063 -0.259843 
vn -0.811024 0.559055 -0.181102 
vn -0.685039 0.637795 -0.362205 
vn -0.732283 0.574803 -0.362205 
vn -0.480315 0.818898 -0.330709 
vn -0.503937 0.740157 -0.440945 
vn -0.354331 0.795276 -0.496063 
vn -0.724409 0.551181 -0.425197 
vn -0.685039 0.637795 -0.362205 
vn -0.622047 0.582677 -0.527559 
vn -0.503937 0.740157 -0.440945 
vn -0.354331 0.795276 -0.496063 
vn -0.740157 0.559055 -0.362205 
vn -0.606299 0.740157 -0.283465 
vn -0.622047 0.779528 -0.0866142 
vn -0.708661 0.503937 -0.496063 
vn -0.511811 0.740157 -0.433071 
vn -0.519685 0.685039 -0.503937 
vn -0.472441 0.637795 -0.606299 
vn -0.330709 0.787402 -0.519685 
vn -0.346457 0.84252 -0.401575 
vn -0.401575 0.874016 -0.275591 
vn -0.464567 0.874016 -0.141732 
vn -0.370079 0.913386 -0.149606 
vn -0.267717 0.897638 -0.346457 
vn -0.141732 0.84252 -0.519685 
vn -0.228346 0.685039 -0.692913 
vn -0.015748 0.80315 -0.590551 
vn -0.015748 0.858268 -0.511811 
vn -0.0472441 0.755906 -0.653543 
vn -0.00787402 0.716535 -0.692913 
vn -0.102362 0.543307 -0.834646 
vn -0.464567 0.535433 -0.708661 
vn -0.291339 0.653543 0.700787 
vn 0.338583 0.503937 0.795276 
vn 0.141732 0.748031 0.645669 
vn -0.15748 0.858268 0.480315 
vn 0.440945 0.76378 0.480315 
vn 0.0314961 0.952756 0.291339 
vn 0.417323 0.866142 0.275591 
vn 0.11811 0.992126 0.0629921 
vn 0.535433 0.826772 0.165354 
vn -0.354331 0.732283 0.582677 
vn -0.472441 0.740157 0.480315 
vn -0.464567 0.637795 0.614173 
vn -0.464567 0.748031 0.472441 
vn -0.464567 0.748031 0.472441 
vn -0.527559 0.755906 0.393701 
vn -0.472441 0.740157 0.480315 
vn -0.826772 0.519685 -0.19685 
vn -0.850394 0.527559 0.0314961 
vn -0.716535 0.669291 -0.204724 
vn -0.732283 0.559055 -0.385827 
vn -0.622047 0.748031 -0.220472 
vn -0.244094 0.952756 0.19685 
vn -0.19685 0.976378 0.0472441 
vn -0.425197 0.905512 -0.015748 
vn -0.559055 0.818898 0.102362 
vn -0.456693 0.866142 0.204724 
vn -0.700787 0.677165 0.212598 
vn -0.362205 0.913386 -0.181102 
vn -0.204724 0.968504 -0.11811 
vn -0.338583 0.874016 -0.346457 
vn -0.015748 0.992126 -0.149606 
vn -0.110236 0.929134 -0.362205 
vn -0.314961 0.850394 -0.417323 
vn -0.275591 0.80315 -0.527559 
vn -0.015748 0.88189 -0.472441 
vn 0.015748 0.826772 -0.559055 
vn -0.377953 0.622047 0.685039 
vn -0.464567 0.637795 0.614173 
vn -0.354331 0.732283 0.582677 
vn -0.0787402 0.566929 0.818898 
vn -0.165354 0.724409 0.669291 
vn -0.220472 0.755906 0.622047 
vn -0.464567 0.748031 0.472441 
vn 0.015748 0.653543 0.755906 
vn -0.338583 0.826772 0.448819 
vn -0.0551181 0.771654 0.637795 
vn -0.519685 0.787402 0.330709 
vn -0.527559 0.755906 0.393701 
vn -0.346457 0.905512 0.251969 
vn -0.559055 0.779528 0.283465 
vn -0.685039 0.685039 0.251969 
vn -0.472441 0.850394 0.228346 
vn -0.645669 0.740157 0.19685 
vn -0.496063 0.866142 0.0708661 
vn -0.417323 0.905512 0.0708661 
vn -0.370079 0.913386 -0.149606 
vn -0.464567 0.874016 -0.141732 
vn -0.622047 0.779528 -0.0866142 
vn -0.661417 0.748031 0.0787402 
vn -0.771654 0.629921 0.0866142 
vn -0.811024 0.574803 -0.0866142 
vn -0.732283 0.645669 0.204724 
vn 0.787402 0.598425 -0.165354 
vn 0.692913 0.606299 -0.385827 
vn 0.622047 0.740157 -0.267717 
vn -0.244094 0.952756 0.19685 
vn -0.0393701 0.976378 0.228346 
vn -0.19685 0.976378 0.0472441 
vn -0.0787402 0.952756 0.299213 
vn -0.0787402 0.944882 0.322835 
vn -0.456693 0.866142 0.204724 
vn 0.0551181 0.992126 0.0708661 
vn -0.204724 0.968504 -0.125984 
vn -0.015748 0.992126 -0.149606 
vn 0.141732 0.992126 -0.0472441 
vn 0.188976 0.968504 -0.181102 
vn -0.110236 0.929134 -0.362205 
vn 0.23622 0.92126 -0.307087 
vn -0.015748 0.88189 -0.472441 
vn 0.015748 0.826772 -0.559055 
vn 0.15748 0.409449 0.897638 
vn -0.19685 0.559055 0.80315 
vn 0.456693 0.488189 0.740157 
vn -0.0629921 0.76378 0.645669 
vn 0.346457 0.748031 0.566929 
vn -0.015748 0.905512 0.425197 
vn 0.472441 0.755906 0.448819 
vn 0.291339 0.944882 -0.125984 
vn 0.385827 0.92126 0.0944882 
vn 0.574803 0.818898 -0.0551181 
vn 0.023622 1 0.00787402 
vn 0.149606 0.96063 0.251969 
vn 0.503937 0.826772 -0.251969 
vn 0.00787402 0.944882 0.322835 
vn -0.015748 0.614173 -0.787402 
vn 0.212598 0.511811 -0.834646 
vn -0.259843 0.661417 -0.700787 
vn -0.125984 0.992126 0.0708661 
vn -0.188976 0.984252 -0.00787402 
vn -0.393701 0.590551 -0.700787 
vn -0.377953 0.811024 -0.448819 
vn -0.283465 0.944882 -0.173228 
vn 0.582677 0.748031 -0.322835 
vn 0.661417 0.740157 -0.110236 
vn 0.299213 0.448819 -0.84252 
vn 0.472441 0.606299 -0.645669 
vn -0.220472 0.755906 0.622047 
vn -0.0551181 0.771654 0.637795 
vn -0.338583 0.826772 0.448819 
vn 0.11811 0.88189 0.456693 
vn -0.0551181 0.771654 0.637795 
vn 0.0708661 0.795276 0.606299 
vn -0.622047 0.748031 -0.220472 
vn -0.677165 0.716535 -0.181102 
vn -0.511811 0.84252 -0.15748 
vn -0.716535 0.669291 -0.204724 
vn 0.488189 0.559055 0.669291 
vn 0.354331 0.653543 0.669291 
vn 0.275591 0.645669 0.716535 
vn -0.125984 0.992126 -0.015748 
vn -0.015748 1 -0.0551181 
vn 0.0472441 0.992126 -0.11811 
vn 0.409449 0.88189 -0.23622 
vn 0.362205 0.874016 -0.338583 
vn 0.559055 0.700787 -0.440945 
vn 0.661417 0.692913 -0.283465 
vn 0.653543 0.574803 -0.496063 
vn 0.850394 0.480315 -0.204724 
vn -0.314961 0.661417 0.677165 
vn 0.0551181 0.590551 0.80315 
vn 0.15748 0.692913 0.708661 
vn 0.464567 0.590551 0.661417 
vn 0.519685 0.559055 0.645669 
vn 0.606299 0.559055 0.566929 
vn -0.228346 0.740157 -0.629921 
vn -0.456693 0.614173 -0.645669 
vn -0.362205 0.629921 -0.685039 
vn 0.11811 0.637795 0.76378 
vn 0.0708661 0.795276 0.606299 
vn 0.259843 0.76378 0.582677 
vn 0.11811 0.88189 0.456693 
vn 0.338583 0.858268 0.377953 
vn 0.425197 0.779528 0.464567 
vn 0.433071 0.84252 0.322835 
vn 0.503937 0.669291 0.543307 
vn 0.448819 0.574803 0.685039 
vn 0.283465 0.535433 0.795276 
vn -0.102362 0.110236 0.992126 
vn -0.149606 0.433071 0.889764 
vn 0.496063 0.448819 -0.740157 
vn 0.401575 0.661417 -0.637795 
vn 0.212598 0.80315 -0.559055 
vn 0.173228 0.897638 -0.409449 
vn 0.204724 0.606299 -0.771654 
vn 0.19685 0.913386 0.346457 
vn -0.346457 0.905512 0.251969 
vn -0.338583 0.826772 0.448819 
vn -0.393701 0.543307 -0.740157 
vn -0.362205 0.629921 -0.685039 
vn -0.322835 0.535433 -0.779528 
vn -0.228346 0.740157 -0.629921 
vn -0.19685 0.653543 -0.724409 
vn -0.212598 0.559055 -0.80315 
vn -0.0629921 0.637795 -0.771654 
vn -0.598425 0.637795 -0.488189 
vn -0.590551 0.574803 -0.566929 
vn -0.645669 0.472441 -0.606299 
vn -0.677165 0.448819 -0.582677 
vn -0.535433 0.653543 -0.535433 
vn -0.377953 0.80315 -0.456693 
vn -0.535433 0.606299 -0.582677 
vn -0.338583 0.685039 -0.653543 
vn -0.133858 0.913386 -0.385827 
vn -0.244094 0.779528 -0.574803 
vn -0.165354 0.889764 -0.425197 
vn -0.110236 0.976378 -0.181102 
vn -0.346457 0.889764 -0.314961 
vn -0.314961 0.889764 -0.338583 
vn -0.165354 0.968504 -0.188976 
vn -0.354331 0.88189 -0.314961 
vn 0 0.96063 -0.291339 
vn -0.181102 0.889764 -0.409449 
vn -0.0629921 0.874016 -0.488189 
vn 0.19685 0.92126 -0.330709 
vn 0.275591 0.88189 -0.377953 
vn 0.346457 0.574803 0.740157 
vn 0.543307 0.425197 0.724409 
vn 0.362205 0.700787 0.614173 
vn 0.732283 0.425197 0.535433 
vn 0.716535 0.511811 0.472441 
vn -0.732283 0.377953 0.566929 
vn -0.629921 0.401575 0.669291 
vn -0.653543 0.598425 0.464567 
vn 0.622047 0.740157 -0.267717 
vn 0.692913 0.708661 0.141732 
vn 0.787402 0.598425 -0.165354 
vn -0.669291 0.740157 -0.0708661 
vn -0.76378 0.590551 -0.251969 
vn -0.80315 0.574803 -0.15748 
vn -0.811024 0.566929 -0.110236 
vn -0.645669 0.748031 -0.149606 
vn -0.645669 0.716535 -0.259843 
vn -0.787402 0.503937 -0.346457 
vn -0.779528 0.543307 -0.314961 
vn -0.472441 0.818898 -0.322835 
vn -0.598425 0.724409 -0.346457 
vn -0.181102 0.897638 -0.409449 
vn 0.110236 0.992126 -0.00787402 
vn 0.220472 0.976378 0.0866142 
vn 0.0787402 1 -0.00787402 
vn -0.110236 0.976378 -0.181102 
vn -0.165354 0.968504 -0.188976 
vn 0.15748 0.984252 -0.102362 
vn 0 0.96063 -0.291339 
vn 0.362205 0.92126 -0.141732 
vn 0.19685 0.92126 -0.330709 
vn 0.275591 0.88189 -0.377953 
vn 0.661417 0.692913 -0.283465 
vn 0.409449 0.88189 -0.23622 
vn 0.779528 0.629921 0.00787402 
vn 0.15748 0.330709 0.929134 
vn 0.19685 0.771654 0.598425 
vn 0.188976 0.84252 0.503937 
vn 0.204724 0.913386 0.346457 
vn 0.244094 0.897638 0.370079 
vn 0.244094 0.92126 0.307087 
vn 0.165354 0.84252 0.519685 
vn 0.173228 0.724409 0.669291 
vn 0.0314961 0.834646 0.543307 
vn 0.023622 0.732283 0.677165 
vn -0.149606 0.834646 0.527559 
vn -0.0787402 0.708661 0.700787 
vn -0.125984 0.740157 0.661417 
vn -0.133858 0.976378 0.181102 
vn -0.173228 0.944882 0.275591 
vn -0.173228 0.858268 0.488189 
vn -0.204724 0.80315 0.559055 
vn -0.110236 0.716535 0.685039 
vn -0.125984 0.748031 0.645669 
vn -0.00787402 0.716535 0.700787 
vn -0.0866142 0.897638 0.433071 
vn -0.0629921 0.992126 0.125984 
vn 0.125984 0.755906 0.645669 
vn 0.0472441 0.905512 0.417323 
vn 0.181102 0.818898 0.551181 
vn 0.0708661 0.96063 0.267717 
vn -0.0708661 0.992126 0.125984 
vn 0.181102 0.889764 0.425197 
vn -0.188976 0.96063 0.19685 
vn 0 0.952756 0.299213 
vn -0.110236 0.937008 0.338583 
vn -0.102362 0.598425 0.795276 
vn -0.165354 0.511811 0.84252 
vn 0.102362 0.88189 0.464567 
vn 0.0787402 0.740157 0.669291 
vn 0.314961 0.692913 0.645669 
vn 0.220472 0.629921 0.740157 
vn 0.212598 0.818898 0.527559 
vn 0.0787402 0.740157 0.669291 
vn 0.141732 0.905512 0.401575 
vn 0.102362 0.88189 0.464567 
vn 0.133858 0.944882 0.307087 
vn 0.787402 0.19685 -0.574803 
vn 0.614173 0.653543 -0.440945 
vn 0.653543 0.535433 -0.535433 
vn 0.448819 0.811024 -0.362205 
vn 0.732283 0.362205 -0.582677 
vn 0.629921 0.755906 -0.173228 
vn 0.748031 0.606299 -0.275591 
vn 0.708661 0.614173 -0.338583 
vn 0.755906 0.606299 -0.244094 
vn 0.606299 0.76378 -0.228346 
vn 0.590551 0.748031 -0.314961 
vn 0.748031 0.527559 -0.409449 
vn 0.637795 0.606299 -0.472441 
vn 0.377953 0.787402 -0.488189 
vn 0.448819 0.661417 -0.606299 
vn 0.440945 0.708661 -0.551181 
vn 0.472441 0.645669 -0.598425 
vn 0.456693 0.637795 -0.622047 
vn 0.456693 0.582677 -0.669291 
vn 0.401575 0.645669 -0.653543 
vn 0.464567 0.598425 -0.653543 
vn 0.417323 0.692913 -0.590551 
vn 0.456693 0.637795 -0.622047 
vn 0.472441 0.724409 -0.496063 
vn 0.582677 0.574803 -0.574803 
vn 0.606299 0.692913 -0.393701 
vn 0.692913 0.527559 -0.488189 
vn 0.692913 0.645669 -0.322835 
vn 0.464567 0.385827 0.795276 
vn -0.566929 0.606299 0.559055 
vn 0.220472 0.653543 0.724409 
vn -0.433071 0.748031 0.503937 
vn 0.637795 0.472441 0.606299 
vn 0.472441 0.645669 -0.598425 
vn 0.456693 0.653543 -0.598425 
vn 0.456693 0.637795 -0.622047 
vn 0.472441 0.645669 -0.598425 
vn 0.440945 0.661417 -0.614173 
vn 0.456693 0.653543 -0.598425 
vn 0.251969 0.834646 0.496063 
vn -0.015748 0.976378 0.228346 
vn 0.110236 0.976378 0.173228 
vn 0.354331 0.818898 0.456693 
vn 0.11811 0.834646 0.543307 
vn -0.11811 0.968504 0.228346 
vn -0.0472441 0.866142 0.488189 
vn -0.212598 0.968504 0.15748 
vn 0.00787402 0.724409 0.692913 
vn 0.102362 0.590551 0.80315 
vn 0.0708661 0.787402 0.614173 
vn 0.0708661 0.787402 0.614173 
vn 0.0708661 0.787402 0.614173 
vn -0.299213 0.787402 0.535433 
vn -0.354331 0.897638 0.244094 
vn -0.314961 0.913386 0.259843 
vn -0.543307 0.708661 0.456693 
vn -0.480315 0.692913 0.527559 
vn -0.212598 0.937008 0.275591 
vn -0.425197 0.771654 0.472441 
vn -0.181102 0.944882 0.275591 
vn -0.622047 0.598425 0.511811 
vn -0.76378 0.472441 0.440945 
vn 0.622047 0.669291 0.401575 
vn 0.338583 0.913386 0.244094 
vn 0.385827 0.905512 0.181102 
vn 0.661417 0.661417 0.370079 
vn 0.559055 0.661417 0.496063 
vn 0.204724 0.929134 0.299213 
vn 0.456693 0.748031 0.480315 
vn 0.204724 0.937008 0.283465 
vn 0.637795 0.566929 0.527559 
vn 0.76378 0.480315 0.433071 
vn -0.188976 0.724409 0.661417 
vn -0.133858 0.874016 0.472441 
vn -0.275591 0.700787 0.653543 
vn -0.15748 0.866142 0.480315 
vn 0.0629921 0.984252 0.149606 
vn 0 0.834646 0.551181 
vn 0.299213 0.929134 0.23622 
vn 0.244094 0.818898 0.527559 
vn 0.480315 0.834646 0.267717 
vn 0.251969 0.755906 0.606299 
vn 0.023622 0.834646 0.551181 
vn 0.0551181 0.795276 0.598425 
vn -0.0472441 0.889764 0.448819 
vn 0.0787402 0.811024 0.582677 
vn -0.0393701 0.913386 0.401575 
vn 0.00787402 0.952756 0.307087 
vn -0.015748 0.92126 0.385827 
vn 0.0314961 0.968504 0.244094 
vn -0.692913 -0.125984 -0.708661 
vn -0.590551 -0.0866142 -0.80315 
vn -0.503937 -0.204724 -0.84252 
vn -0.606299 -0.291339 -0.740157 
vn -0.259843 -0.244094 -0.937008 
vn -0.748031 -0.0314961 -0.661417 
vn -0.590551 -0.0866142 -0.80315 
vn -0.692913 -0.125984 -0.708661 
vn -0.716535 0.0708661 -0.692913 
vn -0.637795 0.299213 -0.708661 
vn -0.629921 0.149606 -0.76378 
vn -0.661417 -0.102362 -0.748031 
vn -0.661417 -0.0944882 -0.740157 
vn -0.496063 -0.212598 -0.84252 
vn -0.590551 -0.0708661 -0.80315 
vn -0.377953 0.472441 -0.795276 
vn -0.0944882 0.582677 -0.811024 
vn -0.267717 0.314961 -0.913386 
vn 0.0629921 0.448819 -0.889764 
vn -0.0944882 0.244094 -0.96063 
vn 0.204724 0.346457 -0.913386 
vn -0.00787402 0.125984 -0.992126 
vn 0.283465 0.23622 -0.929134 
vn 0.0944882 -0.0314961 -0.992126 
vn 0.338583 0.0866142 -0.937008 
vn 0.338583 -0.173228 -0.92126 
vn 0.102362 -0.291339 -0.952756 
vn 0.0787402 -0.464567 -0.88189 
vn 0.220472 -0.409449 -0.889764 
vn 0.0314961 -0.527559 -0.850394 
vn 0.110236 -0.275591 -0.952756 
vn -0.299213 -0.559055 -0.771654 
vn -0.692913 -0.417323 -0.590551 
vn -0.543307 -0.740157 -0.401575 
vn -0.472441 -0.755906 -0.456693 
vn -0.661417 -0.417323 -0.629921 
vn -0.433071 -0.795276 -0.417323 
vn -0.669291 -0.401575 -0.622047 
vn -0.669291 -0.551181 -0.503937 
vn -0.740157 -0.173228 -0.645669 
vn -0.787402 -0.204724 -0.574803 
vn -0.488189 -0.015748 -0.874016 
vn -0.385827 -0.110236 -0.913386 
vn -0.622047 -0.346457 -0.700787 
vn -0.685039 -0.267717 -0.677165 
vn -0.590551 -0.346457 -0.724409 
vn -0.653543 0 -0.755906 
vn -0.740157 -0.259843 -0.622047 
vn -0.0944882 0.244094 -0.96063 
vn -0.267717 0.314961 -0.913386 
vn -0.00787402 0.125984 -0.992126 
vn -0.377953 0.472441 -0.795276 
vn -0.598425 0.503937 -0.622047 
vn -0.724409 -0.11811 -0.677165 
vn -0.685039 0.456693 -0.566929 
vn -0.370079 -0.212598 -0.905512 
vn 0.0944882 -0.0314961 -0.992126 
vn -0.535433 -0.440945 -0.724409 
vn -0.251969 -0.377953 -0.889764 
vn 0.102362 -0.291339 -0.952756 
vn 0.0787402 -0.464567 -0.88189 
vn -0.23622 -0.535433 -0.811024 
vn -0.543307 -0.559055 -0.629921 
vn -0.496063 -0.606299 -0.629921 
vn -0.188976 -0.566929 -0.80315 
vn 0.0314961 -0.527559 -0.850394 
vn -0.299213 -0.559055 -0.771654 
vn 0.401575 -0.866142 -0.299213 
vn 0.346457 -0.826772 -0.440945 
vn 0.527559 -0.80315 -0.283465 
vn 0.661417 -0.503937 -0.559055 
vn -0.188976 0.0393701 -0.984252 
vn -0.204724 0.322835 -0.92126 
vn -0.102362 0.543307 -0.834646 
vn -0.629921 0.149606 -0.76378 
vn -0.370079 0.110236 -0.92126 
vn -0.307087 0.015748 -0.952756 
vn -0.228346 -0.0708661 -0.968504 
vn -0.574803 0.433071 -0.692913 
vn -0.464567 0.330709 -0.826772 
vn -0.559055 0.637795 -0.535433 
vn -0.622047 -0.0314961 -0.787402 
vn -0.590551 -0.0866142 -0.80315 
vn -0.149606 -0.0629921 -0.984252 
vn -0.503937 -0.204724 -0.84252 
vn -0.110236 -0.102362 -0.992126 
vn -0.259843 -0.244094 -0.937008 
vn 0.0866142 -0.393701 -0.913386 
vn 0.0787402 -0.354331 -0.929134 
vn 0.299213 -0.362205 -0.88189 
vn 0.0708661 -0.23622 -0.968504 
vn 0.330709 -0.165354 -0.929134 
vn 0.102362 -0.0866142 -0.992126 
vn 0.314961 0.0314961 -0.944882 
vn 0.0393701 0.00787402 -1 
vn 0.346457 0.181102 -0.92126 
vn 0.00787402 0.0708661 -1 
vn 0.377953 0.354331 -0.858268 
vn 0.0866142 0.377953 -0.92126 
vn 0.346457 0.551181 -0.76378 
vn 0.267717 0.637795 -0.724409 
vn 0.0708661 0.590551 -0.80315 
vn 0.346457 -0.88189 -0.322835 
vn -0.795276 0.00787402 -0.606299 
vn -0.858268 -0.141732 -0.496063 
vn -0.866142 -0.354331 -0.354331 
vn -0.708661 0.503937 -0.496063 
vn -0.669291 0.417323 -0.606299 
vn -0.472441 0.637795 -0.606299 
vn -0.228346 0.685039 -0.692913 
vn -0.0472441 0.755906 -0.653543 
vn -0.102362 0.543307 -0.834646 
vn -0.204724 0.322835 -0.92126 
vn -0.464567 0.535433 -0.708661 
vn -0.385827 0.377953 -0.84252 
vn -0.188976 0.0393701 -0.984252 
vn -0.637795 0.299213 -0.708661 
vn -0.629921 0.149606 -0.76378 
vn -0.669291 -0.417323 -0.614173 
vn -0.76378 -0.582677 -0.275591 
vn -0.566929 -0.622047 -0.535433 
vn -0.637795 -0.370079 -0.677165 
vn -0.622047 -0.354331 -0.700787 
vn -0.629921 -0.685039 -0.354331 
vn -0.590551 -0.244094 -0.76378 
vn -0.669291 -0.299213 -0.685039 
vn -0.661417 -0.267717 -0.700787 
vn -0.629921 -0.181102 -0.755906 
vn -0.76378 -0.244094 -0.598425 
vn -0.708661 -0.551181 -0.440945 
vn -0.566929 -0.677165 -0.472441 
vn -0.653543 -0.472441 -0.590551 
vn -0.606299 -0.480315 -0.629921 
vn -0.472441 -0.716535 -0.511811 
vn -0.456693 -0.685039 -0.566929 
vn -0.543307 -0.559055 -0.629921 
vn -0.511811 -0.574803 -0.637795 
vn -0.496063 -0.15748 -0.850394 
vn -0.275591 0.023622 -0.96063 
vn -0.314961 -0.102362 -0.944882 
vn -0.346457 -0.125984 -0.929134 
vn 0.0866142 0.377953 -0.92126 
vn -0.15748 0.401575 -0.905512 
vn 0.0708661 0.590551 -0.80315 
vn 0.00787402 0.0708661 -1 
vn -0.267717 -0.0708661 -0.96063 
vn 0.0393701 0.00787402 -1 
vn -0.220472 -0.141732 -0.968504 
vn 0.102362 -0.0866142 -0.992126 
vn 0.0708661 -0.23622 -0.968504 
vn -0.141732 -0.267717 -0.952756 
vn 0.0787402 -0.354331 -0.929134 
vn 0.0866142 -0.393701 -0.913386 
vn 0.874016 -0.0472441 -0.488189 
vn 0.771654 -0.181102 -0.614173 
vn 0.76378 0.00787402 -0.645669 
vn 0.708661 -0.23622 -0.661417 
vn 0.472441 0.023622 -0.88189 
vn 0.590551 0.173228 -0.787402 
vn 0.566929 0.125984 -0.818898 
vn 0.464567 0.19685 -0.866142 
vn -0.259843 -0.244094 -0.937008 
vn -0.110236 -0.102362 -0.992126 
vn 0.110236 -0.0314961 -0.992126 
vn -0.149606 -0.0629921 -0.984252 
vn 0.0866142 -0.0472441 -0.992126 
vn -0.228346 -0.0708661 -0.968504 
vn 0.0708661 -0.149606 -0.984252 
vn -0.0866142 -0.133858 -0.984252 
vn -0.307087 0.015748 -0.952756 
vn -0.370079 0.110236 -0.92126 
vn -0.251969 -0.0629921 -0.968504 
vn -0.464567 0.330709 -0.826772 
vn -0.393701 0.598425 -0.700787 
vn -0.259843 0.669291 -0.692913 
vn -0.346457 0.149606 -0.929134 
vn -0.19685 0.11811 -0.976378 
vn 0 0.622047 -0.779528 
vn -0.393701 0.15748 -0.905512 
vn -0.0314961 0.0866142 -0.992126 
vn 0.228346 0.519685 -0.826772 
vn 0.307087 0.456693 -0.834646 
vn 0.0708661 0.102362 -0.992126 
vn 0.472441 0.606299 -0.637795 
vn -0.377953 0.228346 -0.897638 
vn -0.370079 0.818898 -0.440945 
vn -0.385827 0.149606 -0.913386 
vn -0.464567 0.0866142 -0.88189 
vn 0.456693 -0.811024 -0.370079 
vn 0.535433 -0.590551 -0.606299 
vn 0.669291 -0.622047 -0.409449 
vn 0.692913 0.11811 -0.708661 
vn 0.496063 0.448819 -0.740157 
vn 0.401575 0.661417 -0.637795 
vn 0.204724 0.606299 -0.771654 
vn 0.708661 -0.015748 -0.708661 
vn 0.464567 0.299213 -0.834646 
vn 0.685039 -0.212598 -0.700787 
vn 0.102362 0.322835 -0.937008 
vn 0.724409 -0.259843 -0.637795 
vn 0.740157 -0.0551181 -0.669291 
vn 0.385827 0.133858 -0.913386 
vn 0.0472441 0.0944882 -0.992126 
vn 0.724409 -0.0708661 -0.692913 
vn 0.417323 0.00787402 -0.905512 
vn 0.385827 0 -0.92126 
vn 0.732283 -0.0708661 -0.677165 
vn 0.141732 0.0393701 -0.992126 
vn 0.76378 -0.0314961 -0.645669 
vn 0.440945 -0.0314961 -0.897638 
vn 0.228346 -0.0629921 -0.968504 
vn 0.740157 0 -0.669291 
vn 0.401575 -0.141732 -0.905512 
vn 0.251969 -0.19685 -0.944882 
vn 0.244094 -0.299213 -0.92126 
vn 0.582677 -0.125984 -0.80315 
vn 0.559055 -0.173228 -0.811024 
vn 0.251969 -0.433071 -0.866142 
vn -0.0629921 -0.724409 -0.685039 
vn 0.0393701 -0.84252 -0.535433 
vn 0.275591 -0.771654 -0.566929 
vn 0.370079 -0.488189 -0.787402 
vn 0.251969 -0.866142 -0.433071 
vn 0.409449 -0.456693 -0.787402 
vn 0.346457 -0.826772 -0.440945 
vn 0.417323 -0.401575 -0.818898 
vn 0.551181 -0.338583 -0.76378 
vn 0.661417 -0.503937 -0.559055 
vn 0.582677 -0.275591 -0.771654 
vn 0.795276 -0.448819 -0.401575 
vn -0.748031 0.102362 -0.653543 
vn -0.716535 0.11811 -0.685039 
vn -0.661417 0.0944882 -0.740157 
vn 0.0314961 0.0472441 -1 
vn -0.173228 0 -0.984252 
vn 0.165354 0.15748 -0.976378 
vn -0.15748 0.00787402 -0.984252 
vn 0.724409 0.125984 -0.677165 
vn 0.787402 0.409449 -0.464567 
vn 0.377953 0.330709 -0.866142 
vn 0.724409 0.535433 -0.440945 
vn 0.629921 -0.0708661 -0.771654 
vn 0.023622 0.023622 -1 
vn 0.0551181 0.0314961 -1 
vn -0.110236 0.0787402 -0.992126 
vn 0.645669 -0.220472 -0.732283 
vn 0.385827 -0.165354 -0.905512 
vn -0.354331 0.574803 -0.740157 
vn -0.346457 0.535433 -0.771654 
vn -0.314961 0.511811 -0.80315 
vn -0.385827 0.535433 -0.748031 
vn -0.212598 0.559055 -0.80315 
vn -0.228346 0.401575 -0.889764 
vn -0.0629921 0.637795 -0.771654 
vn -0.393701 0.543307 -0.740157 
vn -0.362205 0.629921 -0.685039 
vn -0.322835 0.535433 -0.779528 
vn -0.409449 0.346457 -0.84252 
vn -0.661417 -0.622047 -0.417323 
vn -0.748031 -0.173228 -0.645669 
vn -0.362205 -0.905512 0.228346 
vn -0.858268 -0.417323 -0.291339 
vn -0.362205 0.629921 -0.685039 
vn -0.464567 0.503937 -0.724409 
vn -0.385827 0.535433 -0.748031 
vn -0.456693 0.614173 -0.645669 
vn -0.330709 0.535433 -0.779528 
vn -0.346457 0.535433 -0.771654 
vn -0.19685 0.653543 -0.724409 
vn -0.212598 0.559055 -0.80315 
vn -0.590551 0.574803 -0.566929 
vn -0.645669 0.472441 -0.606299 
vn -0.677165 0.448819 -0.582677 
vn -0.661417 0.346457 -0.669291 
vn -0.645669 0.464567 -0.606299 
vn -0.535433 0.606299 -0.582677 
vn -0.543307 0.456693 -0.700787 
vn -0.338583 0.685039 -0.653543 
vn -0.409449 0.480315 -0.779528 
vn -0.370079 0.448819 -0.811024 
vn -0.244094 0.779528 -0.574803 
vn -0.700787 0.0944882 -0.708661 
vn -0.669291 0.125984 -0.732283 
vn -0.669291 0.181102 -0.716535 
vn -0.685039 0.0944882 -0.724409 
vn -0.692913 0.212598 -0.692913 
vn -0.700787 0.0629921 -0.708661 
vn -0.700787 0.0472441 -0.708661 
vn -0.692913 0.0551181 -0.716535 
vn -0.685039 0.267717 -0.677165 
vn -0.724409 0.19685 -0.661417 
vn -0.779528 0.102362 -0.622047 
vn -0.740157 -0.173228 -0.645669 
vn 0.102362 -0.393701 -0.913386 
vn 0.0472441 -0.464567 -0.88189 
vn 0 -0.275591 -0.96063 
vn -0.0787402 -0.519685 -0.850394 
vn 0.133858 -0.322835 -0.937008 
vn 0.149606 -0.267717 -0.952756 
vn 0.173228 -0.275591 -0.944882 
vn 0.291339 0.0393701 -0.952756 
vn 0.291339 -0.0314961 -0.952756 
vn 0.464567 0.19685 -0.866142 
vn 0.472441 0.023622 -0.88189 
vn 0.614173 -0.653543 -0.440945 
vn 0.708661 -0.125984 -0.692913 
vn 0.637795 -0.110236 -0.76378 
vn 0.700787 -0.015748 -0.708661 
vn 0.275591 -0.661417 -0.700787 
vn 0.267717 -0.661417 -0.700787 
vn 0.228346 -0.692913 -0.685039 
vn 0.228346 -0.677165 -0.700787 
vn 0.141732 -0.76378 -0.622047 
vn 0.19685 -0.708661 -0.677165 
vn 0.173228 -0.677165 -0.716535 
vn 0.283465 0.0708661 -0.952756 
vn 0.283465 -0.015748 -0.96063 
vn 0.417323 -0.338583 -0.84252 
vn 0.0708661 0.527559 -0.84252 
vn 0.370079 -0.338583 -0.866142 
vn 0.417323 -0.314961 -0.850394 
vn 0.141732 0.102362 -0.984252 
vn 0.283465 -0.377953 -0.88189 
vn -0.015748 0.606299 -0.795276 
vn 0.228346 -0.433071 -0.874016 
vn -0.188976 0.559055 -0.80315 
vn -0.00787402 0.0629921 -1 
vn -0.0629921 0.0472441 -1 
vn -0.259843 0.543307 -0.80315 
vn 0.204724 -0.472441 -0.858268 
vn -0.393701 0.496063 -0.771654 
vn 0.0787402 -0.503937 -0.866142 
vn -0.15748 -0.125984 -0.976378 
vn 0 -0.480315 -0.874016 
vn -0.385827 0.0708661 -0.92126 
vn -0.582677 0.409449 -0.708661 
vn -0.425197 -0.015748 -0.905512 
vn 0.173228 -0.362205 -0.913386 
vn -0.00787402 -0.299213 -0.952756 
vn -0.0708661 -0.314961 -0.944882 
vn 0.0629921 -0.401575 -0.913386 
vn 0.181102 -0.456693 -0.866142 
vn -0.0866142 -0.425197 -0.897638 
vn 0.11811 -0.622047 -0.771654 
vn -0.181102 -0.511811 -0.84252 
vn -0.0314961 -0.748031 -0.661417 
vn -0.291339 -0.488189 -0.818898 
vn -0.322835 -0.622047 -0.716535 
vn -0.133858 -0.80315 -0.582677 
vn 0.149606 -0.653543 -0.740157 
vn 0.244094 -0.653543 -0.716535 
vn 0.362205 -0.606299 -0.708661 
vn 0.251969 -0.566929 -0.779528 
vn 0.149606 -0.551181 -0.818898 
vn 0.165354 -0.574803 -0.80315 
vn 0.11811 -0.708661 -0.700787 
vn -0.330709 -0.307087 -0.889764 
vn -0.377953 -0.330709 -0.866142 
vn -0.275591 -0.19685 -0.937008 
vn -0.417323 -0.417323 -0.811024 
vn -0.283465 -0.19685 -0.937008 
vn -0.425197 -0.448819 -0.787402 
vn -0.228346 -0.141732 -0.96063 
vn -0.433071 -0.503937 -0.748031 
vn -0.425197 -0.519685 -0.740157 
vn -0.433071 -0.551181 -0.716535 
vn -0.173228 -0.141732 -0.976378 
vn -0.165354 -0.133858 -0.976378 
vn -0.125984 -0.133858 -0.984252 
vn 0.637795 0.606299 -0.472441 
vn 0.669291 0.448819 -0.598425 
vn 0.448819 0.661417 -0.606299 
vn 0.456693 0.637795 -0.622047 
vn 0.456693 0.582677 -0.669291 
vn 0.401575 0.645669 -0.653543 
vn 0.464567 0.598425 -0.653543 
vn 0.503937 0.464567 -0.732283 
vn 0.551181 0.433071 -0.716535 
vn 0.582677 0.574803 -0.574803 
vn 0.677165 0.393701 -0.622047 
vn 0 -0.275591 -0.96063 
vn -0.0787402 -0.519685 -0.850394 
vn -0.0944882 -0.519685 -0.850394 
vn -0.165354 -0.551181 -0.818898 
vn 0.181102 -0.456693 -0.866142 
vn 0.385827 -0.582677 -0.708661 
vn 0.440945 -0.401575 -0.80315 
vn 0.173228 -0.362205 -0.913386 
vn 0.448819 -0.299213 -0.84252 
vn 0.11811 -0.622047 -0.771654 
vn 0.259843 0 -0.968504 
vn 0.251969 0.0472441 -0.968504 
vn 0.283465 0.0866142 -0.952756 
vn 0.244094 -0.228346 -0.944882 
vn 0.212598 -0.393701 -0.897638 
vn 0.244094 -0.125984 -0.96063 
vn 0.259843 0 -0.968504 
vn 0.251969 0.0472441 -0.968504 
vn 0.204724 -0.464567 -0.858268 
vn 0.173228 -0.622047 -0.76378 
vn 0.110236 -0.637795 -0.76378 
vn 0.110236 -0.637795 -0.76378 
vn -0.0629921 -0.740157 -0.669291 
vn 0.00787402 -0.748031 -0.661417 
vn 0.92126 -0.385827 0.0314961 
vn 0.834646 -0.543307 -0.0629921 
vn 0.858268 -0.511811 -0.102362 
vn 0.826772 -0.496063 -0.267717 
vn 0.614173 -0.661417 -0.433071 
vn 0.84252 -0.535433 -0.015748 
vn 0.637795 -0.685039 -0.362205 
vn 0.779528 -0.622047 -0.0866142 
vn 0.598425 -0.669291 -0.440945 
vn 0.771654 -0.637795 -0.00787402 
vn 0.574803 -0.708661 -0.409449 
vn 0.622047 -0.779528 0.0944882 
vn 0.606299 -0.787402 -0.0787402 
vn 0.0787402 -0.96063 -0.283465 
vn 0.92126 -0.362205 0.125984 
vn 0.779528 -0.614173 -0.102362 
vn 0.732283 0.425197 0.535433 
vn 0.787402 0.165354 0.590551 
vn 0.889764 0.165354 0.425197 
vn 0.716535 0.511811 0.472441 
vn 0.543307 0.425197 0.724409 
vn 0.818898 -0.362205 0.440945 
vn 0.677165 -0.622047 0.393701 
vn 0.88189 -0.299213 0.354331 
vn 0.535433 -0.732283 0.417323 
vn 0.755906 -0.354331 0.551181 
vn 0.503937 -0.732283 0.464567 
vn 0.677165 -0.385827 0.629921 
vn 0.330709 -0.716535 0.606299 
vn 0.897638 0.322835 -0.299213 
vn 0.905512 0.385827 -0.19685 
vn 0.96063 0.267717 -0.110236 
vn 0.80315 0.464567 -0.370079 
vn 0.984252 0.0866142 -0.181102 
vn 0.787402 0.598425 -0.165354 
vn 0.692913 0.606299 -0.385827 
vn 1 0.0393701 0 
vn 0.96063 -0.275591 -0.023622 
vn 0.96063 -0.23622 -0.125984 
vn 0.858268 -0.519685 -0.00787402 
vn 0.826772 -0.551181 0.0944882 
vn 0.692913 -0.677165 0.23622 
vn 0.385827 -0.165354 -0.905512 
vn 0.645669 -0.220472 -0.732283 
vn 0.88189 -0.338583 -0.322835 
vn 0.629921 -0.0708661 -0.771654 
vn 0.952756 -0.141732 -0.283465 
vn 0.724409 0.125984 -0.677165 
vn 0.968504 0.173228 -0.181102 
vn 0.787402 0.409449 -0.464567 
vn 0.92126 0.385827 -0.0472441 
vn 0.866142 0.496063 -0.00787402 
vn 0.724409 0.535433 -0.440945 
vn 0.88189 -0.385827 -0.267717 
vn 0.874016 -0.275591 -0.401575 
vn 0.669291 -0.622047 -0.409449 
vn 0.795276 -0.448819 -0.401575 
vn 0.535433 -0.590551 -0.606299 
vn 0.88189 -0.385827 -0.267717 
vn 0.795276 -0.448819 -0.401575 
vn 0.826772 -0.488189 -0.267717 
vn 0.92126 -0.220472 -0.314961 
vn 0.905512 -0.19685 -0.370079 
vn 0.874016 -0.275591 -0.401575 
vn 0.88189 -0.385827 -0.267717 
vn 0.913386 -0.204724 -0.354331 
vn 0.92126 0.015748 -0.393701 
vn 0.874016 -0.0472441 -0.488189 
vn 0.771654 -0.181102 -0.614173 
vn 0.76378 0.00787402 -0.645669 
vn 0.700787 -0.228346 0.677165 
vn 0.724409 -0.015748 0.692913 
vn 0.724409 -0.314961 0.606299 
vn 0.748031 -0.228346 0.622047 
vn 0.488189 0.559055 0.669291 
vn 0.519685 0.559055 0.645669 
vn 0.606299 0.559055 0.566929 
vn 0.614173 -0.464567 0.637795 
vn 0.598425 -0.480315 0.637795 
vn 0.661417 -0.480315 0.574803 
vn 0.606299 -0.480315 0.629921 
vn 0.653543 0.574803 -0.496063 
vn 0.850394 0.480315 -0.204724 
vn 0.755906 0.417323 -0.503937 
vn 0.944882 0.307087 -0.102362 
vn 0.850394 0.220472 -0.480315 
vn 0.992126 0.141732 -0.0393701 
vn 0.968504 0 -0.244094 
vn 0.88189 0.023622 -0.464567 
vn 0.866142 -0.173228 -0.472441 
vn 0.968504 -0.188976 -0.133858 
vn 0.80315 -0.385827 -0.440945 
vn 0.937008 -0.354331 -0.0393701 
vn 0.858268 -0.503937 -0.102362 
vn 0.826772 -0.551181 0.0944882 
vn 0.708661 -0.606299 0.354331 
vn 0.692913 -0.677165 0.23622 
vn 0.850394 -0.362205 0.377953 
vn 0.96063 -0.275591 -0.023622 
vn 1 0.0393701 0 
vn 0.88189 -0.0551181 0.472441 
vn 0.944882 0.15748 0.275591 
vn 0.96063 0.267717 -0.110236 
vn 0.92126 0.362205 0.15748 
vn 0.905512 0.385827 -0.19685 
vn 0.787402 0.598425 -0.165354 
vn 0.708661 -0.015748 -0.708661 
vn 0.685039 -0.212598 -0.700787 
vn 0.724409 -0.259843 -0.637795 
vn 0.692913 -0.370079 -0.614173 
vn 0.740157 -0.0551181 -0.669291 
vn 0.826772 -0.11811 -0.551181 
vn 0.724409 -0.0708661 -0.692913 
vn 0.732283 -0.0708661 -0.677165 
vn 0.76378 -0.0314961 -0.645669 
vn 0.826772 -0.015748 -0.566929 
vn 0.818898 0.015748 -0.566929 
vn 0.740157 0 -0.669291 
vn 0.80315 0.015748 -0.598425 
vn 0.582677 -0.125984 -0.80315 
vn 0.559055 -0.173228 -0.811024 
vn 0.724409 -0.409449 0.551181 
vn 0.700787 -0.228346 0.677165 
vn 0.637795 -0.19685 0.748031 
vn 0.692913 -0.228346 0.685039 
vn 0.771654 -0.362205 0.519685 
vn 0.637795 -0.0629921 0.76378 
vn 0.716535 -0.456693 0.527559 
vn 0.724409 -0.314961 0.606299 
vn 0.716535 -0.425197 0.543307 
vn 0.748031 -0.228346 0.622047 
vn 0.661417 -0.503937 -0.559055 
vn 0.795276 -0.448819 -0.401575 
vn 0.826772 -0.488189 -0.267717 
vn 0.645669 0.464567 0.606299 
vn 0.141732 0.748031 0.645669 
vn 0.440945 0.76378 0.480315 
vn 0.708661 0.527559 0.464567 
vn 0.740157 0.551181 0.393701 
vn 0.417323 0.866142 0.275591 
vn 0.535433 0.826772 0.165354 
vn 0.685039 -0.708661 -0.173228 
vn 0.795276 -0.535433 -0.275591 
vn 0.826772 -0.527559 -0.188976 
vn 0.88189 -0.417323 -0.220472 
vn 0.771654 -0.433071 -0.456693 
vn 0.653543 -0.425197 -0.622047 
vn 0.716535 -0.417323 -0.559055 
vn 0.913386 0.291339 0.283465 
vn 0.92126 0.283465 0.275591 
vn 0.850394 0.393701 0.354331 
vn 0.716535 -0.692913 0.0866142 
vn 0.732283 -0.677165 -0.0314961 
vn 0.787402 -0.535433 0.307087 
vn 0.968504 -0.0314961 0.244094 
vn 0.929134 -0.330709 0.173228 
vn 0.944882 -0.322835 0 
vn 0.818898 -0.566929 0.0866142 
vn 0.874016 -0.472441 -0.125984 
vn 0.535433 -0.818898 0.19685 
vn 0.527559 -0.614173 0.590551 
vn 0.370079 -0.409449 0.834646 
vn 0.874016 -0.133858 0.472441 
vn 0.574803 -0.0866142 0.811024 
vn 0.834646 0.149606 0.527559 
vn 0.874016 0.275591 0.401575 
vn 0.795276 0.267717 0.543307 
vn 0.834646 0.346457 0.417323 
vn 0.913386 0.291339 0.283465 
vn 0.952756 0.141732 0.259843 
vn 0.92126 0.283465 0.275591 
vn 0.692913 0.708661 0.141732 
vn 0.787402 0.598425 -0.165354 
vn 0.787402 0.543307 0.291339 
vn 0.92126 0.362205 0.15748 
vn 0.732283 0.480315 0.480315 
vn 0.858268 0.19685 0.480315 
vn 0.937008 -0.212598 -0.291339 
vn 0.866142 -0.488189 -0.0787402 
vn 0.850394 -0.527559 -0.023622 
vn 0.897638 -0.425197 -0.11811 
vn 0.944882 -0.204724 -0.267717 
vn 0.606299 -0.76378 0.212598 
vn 0.937008 -0.181102 -0.299213 
vn 0.795276 -0.582677 -0.181102 
vn 0.779528 -0.551181 -0.307087 
vn 0.897638 -0.15748 -0.409449 
vn 0.614173 -0.653543 -0.440945 
vn 0.771654 -0.440945 -0.456693 
vn 0.795276 0 -0.606299 
vn 0.708661 -0.125984 -0.692913 
vn 0.700787 -0.015748 -0.708661 
vn 0.952756 -0.220472 0.19685 
vn 0.905512 0.133858 0.393701 
vn 0.937008 -0.165354 0.307087 
vn 0.952756 0.110236 0.291339 
vn 0.944882 -0.283465 0.165354 
vn 0.850394 0.370079 0.362205 
vn 0.755906 0.448819 0.480315 
vn 0.905512 0.0866142 0.417323 
vn 0.787402 0.409449 0.464567 
vn 0.944882 0.141732 0.299213 
vn 0.905512 0.291339 0.314961 
vn 0.968504 0.102362 0.228346 
vn 0.944882 0.23622 0.228346 
vn 0.952756 -0.259843 0.125984 
vn 0.976378 0.15748 0.125984 
vn 0.984252 0.110236 0.125984 
vn 0.944882 -0.299213 0.133858 
vn 0.937008 0.346457 0.0472441 
vn 0.968504 0.212598 0.102362 
vn 0.984252 -0.0787402 0.149606 
vn 0.944882 -0.102362 -0.314961 
vn 0.889764 -0.456693 -0.0314961 
vn 0.937008 -0.102362 -0.346457 
vn 0.92126 -0.00787402 -0.385827 
vn 0.913386 -0.0787402 -0.409449 
vn 0.889764 -0.181102 -0.417323 
vn 0.874016 -0.015748 -0.480315 
vn 0.88189 -0.314961 -0.346457 
vn 0.771654 -0.519685 -0.370079 
vn 0.834646 -0.433071 -0.338583 
vn 0.795276 -0.590551 0.125984 
vn 0.92126 -0.370079 -0.11811 
vn 0.84252 -0.496063 -0.220472 
vn 0.76378 -0.637795 -0.0944882 
vn 0.905512 -0.19685 -0.377953 
vn 0.889764 -0.149606 -0.440945 
vn 0.755906 -0.629921 -0.188976 
vn 0.834646 -0.456693 -0.314961 
vn 0.858268 -0.362205 -0.362205 
vn 0.88189 -0.228346 -0.409449 
vn 0.88189 -0.181102 -0.433071 
vn 0.787402 0.0393701 0.614173 
vn 0.80315 0.19685 0.559055 
vn 0.811024 0.19685 0.559055 
vn 0.755906 0.110236 0.645669 
vn 0.771654 0.448819 0.448819 
vn 0.771654 0.496063 0.401575 
vn 0.755906 0.551181 0.338583 
vn 0.755906 0.543307 0.362205 
vn 0.76378 0.582677 0.275591 
vn 0.700787 0.527559 0.480315 
vn 0.724409 0.417323 0.551181 
vn 0.748031 0.291339 0.598425 
vn 0.622047 0.543307 0.566929 
vn 0.669291 0.425197 0.606299 
vn 0.708661 0.283465 0.645669 
vn 0.622047 0.543307 0.559055 
vn 0.700787 0.377953 0.606299 
vn 0.732283 0.228346 0.637795 
vn 0.708661 0.385827 0.582677 
vn 0.716535 -0.590551 0.362205 
vn 0.787402 -0.535433 0.307087 
vn 0.708661 -0.110236 0.692913 
vn 0.629921 -0.661417 0.409449 
vn 0.708661 -0.11811 0.700787 
vn 0.700787 -0.133858 0.700787 
vn 0.606299 -0.629921 0.480315 
vn 0.708661 -0.149606 0.692913 
vn 0.708661 0.0944882 0.700787 
vn 0.716535 -0.165354 0.677165 
vn 0.755906 0.0787402 0.645669 
vn 0.779528 0.0472441 0.622047 
vn 0.716535 -0.188976 0.677165 
vn 0.629921 -0.433071 0.645669 
vn 0.944882 0.0866142 0.314961 
vn 0.952756 0.141732 0.259843 
vn 0.96063 -0.00787402 0.275591 
vn 0.92126 0.283465 0.275591 
vn 0.96063 0.00787402 0.275591 
vn 0.968504 -0.0393701 0.244094 
vn 0.952756 -0.0314961 0.299213 
vn 0.944882 -0.0866142 0.322835 
vn 0.944882 -0.0629921 0.322835 
vn 0.929134 -0.102362 0.354331 
vn 0.937008 -0.0551181 0.338583 
vn 0.944882 -0.283465 0.165354 
vn 0.952756 -0.220472 0.19685 
vn 0.897638 -0.448819 0.0393701 
vn 0.84252 -0.527559 0.0708661 
vn 0.968504 -0.220472 0.133858 
vn 0.952756 -0.259843 0.125984 
vn 0.937008 -0.165354 0.307087 
vn 0.96063 -0.133858 0.244094 
vn 0.96063 -0.212598 0.173228 
vn 0.944882 -0.299213 0.133858 
vn 0.826772 -0.543307 0.149606 
vn 0.984252 -0.0787402 0.149606 
vn 0.732283 0.0944882 0.677165 
vn 0.15748 0.409449 0.897638 
vn 0.456693 0.488189 0.740157 
vn 0.779528 0.173228 0.606299 
vn 0.771654 0.291339 0.559055 
vn 0.346457 0.748031 0.566929 
vn 0.472441 0.755906 0.448819 
vn 0.937008 -0.165354 0.307087 
vn 0.929134 -0.11811 0.338583 
vn 0.96063 -0.133858 0.244094 
vn 0.905512 0.133858 0.393701 
vn 0.944882 -0.023622 0.322835 
vn 0.96063 -0.212598 0.173228 
vn 0.653543 0.299213 0.692913 
vn 0.535433 0.015748 0.84252 
vn 0.677165 0.307087 0.669291 
vn 0.88189 -0.0551181 0.472441 
vn 0.779528 -0.0393701 0.622047 
vn 0.944882 0.15748 0.275591 
vn 0.858268 0.19685 0.480315 
vn 0.92126 0.362205 0.15748 
vn 0.929134 0 0.377953 
vn 0.76378 0.480315 0.433071 
vn 0.818898 0.259843 0.511811 
vn 0.637795 0.566929 0.527559 
vn 0.732283 0.338583 0.598425 
vn 0.732283 0.291339 0.622047 
vn 0.456693 0.748031 0.480315 
vn 0.732283 0.291339 0.622047 
vn 0.559055 0.661417 0.496063 
vn 0.740157 0.314961 0.598425 
vn 0.622047 0.669291 0.401575 
vn 0.771654 0.354331 0.535433 
vn 0.661417 0.661417 0.370079 
vn 0.905512 0.0866142 0.417323 
vn 0.929134 -0.11811 0.338583 
vn 0.905512 0.133858 0.393701 
vn 0.858268 0.0314961 -0.519685 
vn 0.834646 0.0551181 -0.551181 
vn 0.834646 0.338583 -0.433071 
vn 0.787402 -0.11811 -0.606299 
vn 0.787402 0.19685 -0.574803 
vn 0.795276 0.00787402 -0.606299 
vn 0.614173 0.653543 -0.440945 
vn 0.76378 0.102362 -0.637795 
vn 0.653543 0.535433 -0.535433 
vn 0.732283 0.362205 -0.582677 
vn 0.755906 0.11811 -0.645669 
vn 0.748031 0.606299 -0.275591 
vn 0.708661 0.614173 -0.338583 
vn 0.755906 0.606299 -0.244094 
vn 0.826772 0.417323 -0.377953 
vn 0.795276 0.401575 -0.448819 
vn 0.748031 0.527559 -0.409449 
vn 0.80315 0.417323 -0.425197 
vn 0.637795 0.606299 -0.472441 
vn 0.795276 0.385827 -0.480315 
vn 0.669291 0.448819 -0.598425 
vn 0.582677 0.574803 -0.574803 
vn 0.677165 0.393701 -0.622047 
vn 0.692913 0.527559 -0.488189 
vn 0.685039 0.393701 -0.614173 
vn 0.692913 0.645669 -0.322835 
vn 0.732283 0.535433 -0.425197 
vn 0.748031 0.488189 -0.448819 
vn 0.755906 0.598425 -0.267717 
vn 0.968504 -0.188976 -0.133858 
vn 0.944882 -0.141732 0.291339 
vn 0.937008 -0.354331 -0.0393701 
vn 0.92126 -0.251969 0.299213 
vn 0.858268 -0.503937 -0.102362 
vn 0.889764 -0.125984 0.433071 
vn 0.944882 -0.0472441 0.330709 
vn 0.968504 0 -0.244094 
vn 0.858268 -0.00787402 0.511811 
vn 0.992126 0.141732 -0.0393701 
vn 0.937008 0.0866142 0.346457 
vn 0.944882 0.307087 -0.102362 
vn 0.905512 0.110236 0.417323 
vn 0.80315 0.0629921 0.590551 
vn 0.913386 0.173228 0.377953 
vn 0.76378 0.0393701 0.645669 
vn 0.850394 0.480315 -0.204724 
vn 0.929134 0.275591 0.23622 
vn 0.779528 0.629921 0.00787402 
vn 0.661417 0.692913 -0.283465 
vn 0.464567 0.385827 0.795276 
vn 0.220472 0.653543 0.724409 
vn 0.637795 0.472441 0.606299 
vn 0.952756 -0.283465 0.0944882 
vn 0.984252 -0.133858 0.0866142 
vn 0.874016 0.0787402 0.488189 
vn 1 -0.0393701 0.0314961 
vn 1 0.0393701 -0.023622 
vn 0.015748 0.23622 0.968504 
vn 0.708661 0.173228 0.685039 
vn 0.992126 0.0944882 -0.0944882 
vn 0.992126 0.125984 -0.0314961 
vn -0.188976 0.110236 0.976378 
vn 0.84252 0.307087 -0.440945 
vn 0.874016 0.354331 -0.338583 
vn 0.858268 0.354331 -0.370079 
vn 0.818898 0.307087 -0.480315 
vn 0.889764 0.314961 -0.338583 
vn 0.84252 0.259843 -0.472441 
vn 0.84252 0.244094 -0.480315 
vn 0.818898 0.251969 -0.511811 
vn 0.866142 0.314961 -0.377953 
vn 0.850394 0.275591 -0.448819 
vn 0.850394 0.259843 -0.456693 
vn 0.771654 0.267717 -0.574803 
vn 0.80315 -0.582677 0.125984 
vn 0.724409 -0.496063 0.480315 
vn 0.88189 -0.0551181 0.464567 
vn 0.76378 -0.0944882 0.645669 
vn 0.755906 0.0629921 0.653543 
vn 0.858268 0.0944882 0.503937 
vn 0.826772 0.141732 0.551181 
vn 0.716535 0.141732 0.685039 
vn 0.685039 0.220472 0.692913 
vn 0.929134 -0.370079 0.015748 
vn 0.92126 -0.362205 0.125984 
vn 0.976378 -0.0472441 0.204724 
vn 0.779528 -0.614173 -0.102362 
vn 0.976378 0.0393701 0.212598 
vn 0.96063 0 0.267717 
vn 0.952756 0.0393701 0.291339 
vn 0.92126 -0.362205 0.125984 
vn 0.346457 -0.88189 -0.322835 
vn 0.96063 0 0.267717 
vn 0.96063 0 0.267717 
vn 0.346457 -0.88189 -0.322835 
vn 0.88189 -0.0866142 0.464567 
vn 0.952756 0.0393701 0.291339 
vn -0.724409 -0.590551 0.370079 
vn -0.0944882 -0.968504 0.228346 
vn -0.511811 -0.76378 0.393701 
vn -0.0787402 -0.968504 0.23622 
vn -0.409449 -0.795276 0.448819 
vn 0.023622 -0.937008 0.338583 
vn -0.244094 -0.755906 0.606299 
vn 0.23622 -0.858268 0.456693 
vn -0.0866142 -0.677165 0.732283 
vn 0.314961 -0.771654 0.551181 
vn 0.00787402 -0.614173 0.795276 
vn 0.0393701 -0.598425 0.80315 
vn 0.15748 -0.874016 0.464567 
vn 0.267717 -0.779528 0.559055 
vn 0.220472 -0.771654 0.598425 
vn 0.141732 -0.905512 0.393701 
vn 0.362205 -0.834646 0.409449 
vn 0.370079 -0.834646 0.401575 
vn 0.322835 -0.905512 0.259843 
vn 0.314961 -0.913386 0.251969 
vn 0.338583 -0.913386 0.228346 
vn -0.653543 -0.708661 -0.251969 
vn -0.716535 -0.637795 -0.283465 
vn -0.511811 -0.850394 0.0944882 
vn -0.661417 -0.622047 -0.417323 
vn -0.456693 -0.889764 0.00787402 
vn -0.346457 -0.92126 0.173228 
vn -0.370079 -0.92126 -0.0944882 
vn -0.173228 -0.984252 -0.015748 
vn -0.543307 -0.740157 -0.401575 
vn -0.125984 -0.984252 -0.149606 
vn 0.0708661 -1 -0.015748 
vn -0.472441 -0.755906 -0.456693 
vn 0.015748 -1 -0.0787402 
vn 0.165354 -0.984252 0.0393701 
vn -0.0314961 -1 -0.0314961 
vn -0.433071 -0.795276 -0.417323 
vn -0.543307 -0.716535 -0.433071 
vn -0.669291 -0.551181 -0.503937 
vn -0.551181 -0.685039 -0.480315 
vn -0.527559 -0.685039 -0.496063 
vn -0.503937 -0.724409 -0.472441 
vn -0.559055 -0.669291 -0.480315 
vn -0.551181 -0.669291 -0.496063 
vn -0.527559 -0.748031 -0.409449 
vn -0.511811 -0.76378 -0.401575 
vn -0.559055 -0.755906 -0.338583 
vn -0.527559 -0.771654 -0.346457 
vn -0.503937 -0.795276 -0.330709 
vn -0.417323 -0.858268 -0.299213 
vn 0.779528 -0.622047 -0.0866142 
vn 0.771654 -0.637795 -0.00787402 
vn 0.574803 -0.708661 -0.409449 
vn 0.622047 -0.779528 0.0944882 
vn 0.606299 -0.787402 -0.0787402 
vn 0.417323 -0.811024 -0.417323 
vn 0.425197 -0.905512 0.015748 
vn 0.370079 -0.913386 0.165354 
vn 0.354331 -0.937008 0.00787402 
vn 0.456693 -0.811024 -0.370079 
vn 0.307087 -0.937008 0.173228 
vn 0.401575 -0.913386 0 
vn -0.850394 -0.519685 -0.023622 
vn -0.76378 -0.606299 0.220472 
vn -0.496063 -0.84252 0.204724 
vn 0.11811 -0.976378 0.165354 
vn 0.401575 -0.866142 -0.299213 
vn 0.346457 -0.826772 -0.440945 
vn 0.023622 -0.984252 0.19685 
vn 0.527559 -0.80315 -0.283465 
vn -0.023622 -1 0.0787402 
vn 0.251969 -0.866142 -0.433071 
vn 0.661417 -0.503937 -0.559055 
vn 0.614173 -0.755906 -0.220472 
vn 0.826772 -0.488189 -0.267717 
vn 0.015748 -1 -0.0629921 
vn 0.275591 -0.771654 -0.566929 
vn 0.0393701 -0.84252 -0.535433 
vn -0.141732 -0.952756 -0.267717 
vn -0.0629921 -0.724409 -0.685039 
vn 0.11811 -0.976378 0.165354 
vn 0.023622 -0.984252 0.19685 
vn 0.0314961 -0.96063 0.267717 
vn 0.377953 -0.826772 -0.417323 
vn 0.433071 -0.811024 -0.401575 
vn 0.370079 -0.826772 -0.425197 
vn 0.322835 -0.834646 -0.440945 
vn 0.307087 -0.84252 -0.448819 
vn 0.259843 -0.84252 -0.480315 
vn 0.448819 -0.811024 -0.385827 
vn 0.464567 -0.795276 -0.385827 
vn 0.464567 -0.787402 -0.409449 
vn 0.0787402 -0.96063 -0.283465 
vn 0.346457 -0.88189 -0.322835 
vn 0.92126 -0.362205 0.125984 
vn -0.251969 -0.677165 0.692913 
vn -0.283465 -0.582677 0.76378 
vn -0.102362 -0.897638 0.425197 
vn -0.102362 -0.889764 0.448819 
vn -0.173228 -0.897638 0.393701 
vn -0.346457 -0.574803 0.740157 
vn -0.299213 -0.88189 0.354331 
vn -0.440945 -0.425197 0.787402 
vn -0.464567 -0.488189 0.740157 
vn -0.748031 -0.559055 0.362205 
vn -0.76378 -0.582677 -0.275591 
vn -0.566929 -0.622047 -0.535433 
vn -0.748031 -0.629921 0.204724 
vn -0.661417 -0.661417 0.338583 
vn -0.661417 -0.677165 -0.314961 
vn -0.685039 -0.724409 -0.0944882 
vn -0.708661 -0.692913 0.133858 
vn -0.645669 -0.677165 0.354331 
vn -0.629921 -0.685039 -0.354331 
vn -0.779528 -0.425197 -0.456693 
vn -0.708661 -0.551181 -0.440945 
vn -0.653543 -0.755906 -0.0629921 
vn -0.566929 -0.826772 -0.0708661 
vn -0.543307 -0.787402 -0.291339 
vn -0.637795 -0.645669 -0.417323 
vn -0.566929 -0.677165 -0.472441 
vn -0.543307 -0.653543 -0.519685 
vn -0.653543 -0.472441 -0.590551 
vn -0.456693 -0.787402 -0.409449 
vn -0.472441 -0.716535 -0.511811 
vn -0.456693 -0.685039 -0.566929 
vn -0.543307 -0.559055 -0.629921 
vn 0.677165 -0.622047 0.393701 
vn 0.535433 -0.732283 0.417323 
vn 0.133858 -0.96063 0.244094 
vn 0.173228 -0.952756 0.251969 
vn 0.503937 -0.732283 0.464567 
vn 0.0944882 -0.92126 0.377953 
vn 0.330709 -0.716535 0.606299 
vn -0.133858 -0.850394 0.503937 
vn 0.204724 -0.661417 0.724409 
vn -0.19685 -0.771654 0.598425 
vn 0.141732 -0.622047 0.771654 
vn 0.141732 -0.606299 0.779528 
vn 0.669291 -0.622047 -0.409449 
vn 0.535433 -0.818898 -0.212598 
vn 0.795276 -0.448819 -0.401575 
vn -0.0866142 -0.716535 0.692913 
vn -0.0944882 -0.76378 0.637795 
vn -0.0629921 -0.818898 0.574803 
vn -0.0944882 -0.811024 0.574803 
vn -0.362205 -0.905512 0.228346 
vn 0.283465 -0.724409 0.622047 
vn 0.102362 -0.992126 0.0866142 
vn 0.181102 -0.96063 0.19685 
vn 0.307087 -0.645669 0.700787 
vn 0.0393701 -0.913386 0.409449 
vn 0.141732 -0.574803 0.80315 
vn -0.212598 -0.866142 0.456693 
vn -0.0393701 -0.582677 0.811024 
vn -0.291339 -0.811024 0.503937 
vn -0.102362 -0.574803 0.811024 
vn -0.0708661 -0.551181 0.826772 
vn 0.401575 -0.913386 0 
vn 0.535433 -0.818898 -0.212598 
vn 0.456693 -0.811024 -0.370079 
vn 0.669291 -0.622047 -0.409449 
vn -0.543307 -0.559055 -0.629921 
vn -0.661417 -0.590551 -0.464567 
vn -0.496063 -0.606299 -0.629921 
vn -0.692913 -0.566929 -0.440945 
vn 0.417323 -0.811024 -0.417323 
vn 0.425197 -0.645669 -0.637795 
vn 0.362205 -0.677165 -0.645669 
vn 0.377953 -0.685039 -0.622047 
vn 0.456693 -0.811024 -0.370079 
vn 0.535433 -0.590551 -0.606299 
vn 0.574803 -0.708661 -0.409449 
vn 0.433071 -0.677165 -0.598425 
vn 0.598425 -0.669291 -0.440945 
vn 0.425197 -0.700787 -0.574803 
vn 0.637795 -0.685039 -0.362205 
vn 0.433071 -0.677165 -0.590551 
vn 0.614173 -0.661417 -0.433071 
vn 0.826772 -0.496063 -0.267717 
vn -0.732283 -0.653543 -0.173228 
vn -0.88189 -0.19685 -0.425197 
vn -0.685039 -0.708661 -0.173228 
vn 0.0708661 -0.669291 0.740157 
vn 0.0708661 -0.669291 0.740157 
vn 0.0551181 -0.645669 0.76378 
vn 0.102362 -0.779528 0.622047 
vn 0.141732 -0.700787 0.692913 
vn 0.0629921 -0.653543 0.755906 
vn 0.0944882 -0.708661 0.700787 
vn 0.102362 -0.685039 0.716535 
vn 0.0787402 -0.653543 0.748031 
vn 0.015748 -0.637795 0.771654 
vn -0.897638 -0.440945 -0.015748 
vn -0.80315 -0.590551 -0.0629921 
vn -0.685039 -0.685039 0.23622 
vn -0.771654 -0.606299 0.173228 
vn -0.84252 -0.527559 -0.11811 
vn -0.755906 -0.653543 -0.015748 
vn -0.755906 -0.653543 -0.0708661 
vn -0.858268 -0.511811 0.0629921 
vn -0.889764 -0.448819 0.0393701 
vn -0.582677 -0.732283 0.354331 
vn -0.905512 -0.417323 -0.0787402 
vn -0.574803 -0.779528 0.259843 
vn -0.362205 -0.858268 0.370079 
vn -0.488189 -0.866142 0.0944882 
vn -0.330709 -0.937008 0.0866142 
vn -0.787402 -0.590551 -0.165354 
vn -0.385827 -0.913386 -0.133858 
vn -0.314961 -0.944882 -0.110236 
vn -0.76378 -0.559055 -0.314961 
vn -0.425197 -0.897638 -0.141732 
vn -0.401575 -0.913386 -0.0866142 
vn -0.661417 -0.622047 -0.417323 
vn -0.779528 -0.472441 -0.417323 
vn -0.76378 -0.606299 0.220472 
vn -0.496063 -0.84252 0.204724 
vn -0.519685 -0.653543 0.551181 
vn -0.393701 -0.685039 0.614173 
vn 0.456693 -0.88189 -0.149606 
vn 0.377953 -0.913386 -0.141732 
vn 0.362205 -0.92126 -0.15748 
vn 0.322835 -0.937008 -0.15748 
vn 0.527559 -0.834646 -0.15748 
vn 0.622047 -0.76378 -0.149606 
vn 0.685039 -0.708661 -0.173228 
vn 0.795276 -0.535433 -0.275591 
vn -0.669291 -0.740157 -0.0866142 
vn -0.645669 -0.76378 -0.00787402 
vn -0.732283 -0.653543 -0.173228 
vn -0.685039 -0.708661 -0.173228 
vn -0.779528 -0.606299 -0.15748 
vn -0.669291 -0.740157 0.0944882 
vn -0.874016 -0.480315 -0.0708661 
vn -0.787402 -0.590551 0.19685 
vn 0.582677 -0.787402 -0.188976 
vn 0.716535 -0.692913 0.0866142 
vn 0.732283 -0.677165 -0.0314961 
vn 0.818898 -0.566929 0.0866142 
vn 0.535433 -0.818898 0.19685 
vn 0.527559 -0.614173 0.590551 
vn 0.259843 -0.80315 0.535433 
vn -0.0472441 -0.787402 0.622047 
vn -0.015748 -0.708661 0.708661 
vn 0.866142 -0.488189 -0.0787402 
vn 0.850394 -0.527559 -0.023622 
vn 0.606299 -0.740157 0.283465 
vn 0.897638 -0.425197 -0.11811 
vn 0.606299 -0.76378 0.212598 
vn 0.433071 -0.850394 0.299213 
vn 0.527559 -0.850394 0.0787402 
vn 0.393701 -0.92126 0.0629921 
vn 0.795276 -0.582677 -0.181102 
vn 0.433071 -0.889764 -0.11811 
vn 0.385827 -0.92126 -0.0944882 
vn 0.779528 -0.551181 -0.307087 
vn 0.456693 -0.874016 -0.165354 
vn 0.433071 -0.889764 -0.11811 
vn 0.614173 -0.653543 -0.440945 
vn 0.771654 -0.440945 -0.456693 
vn 0.275591 -0.661417 -0.700787 
vn 0.228346 -0.692913 -0.685039 
vn 0.275591 -0.700787 -0.653543 
vn 0.228346 -0.677165 -0.700787 
vn 0.141732 -0.76378 -0.622047 
vn 0.19685 -0.708661 -0.677165 
vn 0.125984 -0.779528 -0.606299 
vn 0.0944882 -0.771654 -0.629921 
vn 0.0393701 -0.826772 -0.566929 
vn 0.023622 -0.811024 -0.590551 
vn 0.0551181 -0.84252 -0.535433 
vn -0.0472441 -0.834646 -0.551181 
vn -0.0314961 -0.850394 -0.527559 
vn -0.023622 -0.866142 -0.503937 
vn -0.110236 -0.866142 -0.496063 
vn -0.110236 -0.850394 -0.511811 
vn -0.102362 -0.874016 -0.472441 
vn -0.125984 -0.866142 -0.480315 
vn 0.889764 -0.456693 -0.0314961 
vn 0.771654 -0.519685 -0.370079 
vn 0.834646 -0.433071 -0.338583 
vn 0.700787 -0.708661 -0.0472441 
vn 0.685039 -0.692913 0.204724 
vn 0.795276 -0.590551 0.125984 
vn 0.716535 -0.692913 0.0866142 
vn 0.598425 -0.771654 0.220472 
vn 0.716535 -0.590551 0.362205 
vn 0.787402 -0.535433 0.307087 
vn 0.629921 -0.661417 0.409449 
vn 0.503937 -0.818898 0.267717 
vn 0.606299 -0.629921 0.480315 
vn 0.417323 -0.834646 0.354331 
vn 0.543307 -0.645669 0.535433 
vn 0.629921 -0.433071 0.645669 
vn 0.496063 -0.645669 0.582677 
vn 0.354331 -0.826772 0.433071 
vn -0.322835 -0.622047 -0.716535 
vn -0.133858 -0.80315 -0.582677 
vn -0.125984 -0.88189 -0.456693 
vn 0.385827 -0.346457 0.858268 
vn 0.125984 -0.708661 0.692913 
vn 0.409449 -0.330709 0.850394 
vn 0.141732 -0.708661 0.692913 
vn 0.125984 -0.661417 0.740157 
vn 0.0393701 -0.874016 -0.488189 
vn 0.149606 -0.653543 -0.740157 
vn 0.015748 -0.850394 -0.519685 
vn 0.244094 -0.653543 -0.716535 
vn 0.11811 -0.708661 -0.700787 
vn -0.0551181 -0.889764 -0.448819 
vn -0.125984 -0.952756 -0.283465 
vn -0.11811 -0.968504 -0.212598 
vn -0.19685 -0.944882 -0.251969 
vn -0.228346 -0.96063 -0.165354 
vn -0.220472 -0.968504 -0.11811 
vn -0.275591 -0.944882 -0.165354 
vn -0.267717 -0.96063 -0.102362 
vn 0.692913 -0.677165 0.23622 
vn 0.708661 -0.606299 0.354331 
vn 0.559055 -0.559055 0.614173 
vn -0.724409 -0.622047 0.283465 
vn -0.614173 -0.732283 0.275591 
vn -0.787402 -0.614173 -0.023622 
vn -0.519685 -0.84252 0.11811 
vn -0.393701 -0.897638 0.204724 
vn -0.354331 -0.929134 -0.102362 
vn -0.590551 -0.740157 -0.322835 
vn -0.708661 -0.559055 -0.425197 
vn -0.417323 -0.818898 -0.385827 
vn -0.535433 -0.740157 -0.409449 
vn 0.385827 -0.582677 -0.708661 
vn 0.11811 -0.622047 -0.771654 
vn 0.283465 -0.80315 -0.519685 
vn -0.0314961 -0.748031 -0.661417 
vn 0.102362 -0.905512 -0.409449 
vn -0.133858 -0.80315 -0.582677 
vn -0.125984 -0.88189 -0.456693 
vn 0.0944882 -0.968504 -0.220472 
vn 0.0629921 -0.992126 -0.0708661 
vn 0.267717 -0.96063 0.0472441 
vn 0.401575 -0.897638 0.165354 
vn -0.204724 -0.976378 -0.0866142 
vn -0.181102 -0.976378 0.149606 
vn -0.377953 -0.850394 0.370079 
vn -0.299213 -0.80315 0.519685 
vn -0.440945 -0.708661 0.543307 
vn -0.354331 -0.645669 0.677165 
vn -0.023622 -0.976378 0.204724 
vn 0.283465 -0.96063 0.0708661 
vn 0.149606 -0.96063 -0.220472 
vn 0.0708661 -0.944882 0.322835 
vn 0.433071 -0.874016 -0.220472 
vn 0.80315 -0.582677 0.125984 
vn 0.724409 -0.496063 0.480315 
vn 0.0629921 -0.992126 -0.0708661 
vn -0.181102 -0.976378 0.149606 
vn 0.0314961 -1 -0.023622 
vn 0.023622 -1 0.023622 
vn 0.015748 -1 0.0393701 
vn -0.15748 -0.84252 0.511811 
vn -0.299213 -0.80315 0.519685 
vn -0.614173 -0.732283 0.275591 
vn -0.716535 -0.614173 0.338583 
vn -0.393701 -0.897638 0.204724 
vn 0.0708661 -0.984252 -0.141732 
vn 0.259843 -0.92126 0.283465 
vn 0.165354 -0.984252 0.023622 
vn 0.283465 -0.96063 0.0708661 
vn 0.0708661 -0.944882 0.322835 
vn 0.724409 -0.496063 0.480315 
vn 0.173228 -0.622047 -0.76378 
vn 0.110236 -0.637795 -0.76378 
vn 0.00787402 -0.748031 -0.661417 
vn -0.0629921 -0.740157 -0.669291 
vn 0.00787402 -0.748031 -0.661417 
vn -0.0944882 -0.858268 -0.496063 
vn 0.00787402 -0.614173 0.795276 
vn 0.0393701 -0.598425 0.80315 
vn -0.322835 -0.362205 0.874016 
vn 0.787402 0.165354 0.590551 
vn 0.543307 0.425197 0.724409 
vn 0.543307 0.0708661 0.834646 
vn 0.362205 0.409449 0.84252 
vn 0.299213 0.188976 0.937008 
vn 0.314961 -0.15748 0.937008 
vn 0.110236 -0.023622 0.992126 
vn 0.15748 -0.401575 0.905512 
vn 0.0629921 -0.448819 0.889764 
vn -0.0944882 -0.11811 0.992126 
vn -0.23622 -0.330709 0.913386 
vn -0.251969 -0.677165 0.692913 
vn -0.377953 -0.125984 0.92126 
vn -0.283465 -0.582677 0.76378 
vn -0.409449 -0.110236 0.905512 
vn -0.346457 -0.574803 0.740157 
vn -0.385827 -0.0708661 0.92126 
vn -0.440945 -0.425197 0.787402 
vn -0.417323 0 0.913386 
vn -0.464567 -0.488189 0.740157 
vn -0.338583 0.448819 0.826772 
vn -0.346457 0.362205 0.866142 
vn 0.00787402 0.464567 0.889764 
vn -0.377953 0.362205 0.850394 
vn -0.0866142 0.346457 0.929134 
vn -0.291339 0.653543 0.700787 
vn 0.338583 0.503937 0.795276 
vn -0.456693 0.307087 0.834646 
vn -0.622047 0.125984 0.771654 
vn -0.299213 -0.125984 0.944882 
vn -0.614173 0 0.787402 
vn -0.598425 0.456693 0.653543 
vn -0.377953 0.622047 0.685039 
vn -0.464567 0.637795 0.614173 
vn -0.0787402 0.566929 0.818898 
vn 0.015748 0.653543 0.755906 
vn -0.0551181 0.771654 0.637795 
vn 0.677165 -0.385827 0.629921 
vn 0.330709 -0.716535 0.606299 
vn 0.551181 -0.370079 0.748031 
vn 0.204724 -0.661417 0.724409 
vn 0.480315 -0.377953 0.795276 
vn 0.141732 -0.622047 0.771654 
vn 0.141732 -0.606299 0.779528 
vn -0.141732 -0.574803 0.80315 
vn -0.133858 -0.433071 0.889764 
vn -0.0314961 -0.472441 0.88189 
vn -0.149606 -0.322835 0.937008 
vn -0.220472 -0.598425 0.771654 
vn -0.244094 -0.614173 0.748031 
vn -0.188976 -0.590551 0.787402 
vn -0.19685 -0.535433 0.818898 
vn -0.141732 -0.622047 0.771654 
vn -0.0866142 -0.716535 0.692913 
vn -0.0944882 -0.76378 0.637795 
vn 0.362205 -0.212598 0.905512 
vn -0.362205 -0.905512 0.228346 
vn -0.858268 -0.417323 -0.291339 
vn 0.283465 -0.724409 0.622047 
vn 0.370079 -0.244094 0.897638 
vn 0.307087 -0.645669 0.700787 
vn 0.307087 -0.149606 0.937008 
vn 0.141732 -0.574803 0.80315 
vn 0.204724 -0.125984 0.968504 
vn -0.0393701 -0.582677 0.811024 
vn 0.133858 -0.212598 0.968504 
vn -0.102362 -0.574803 0.811024 
vn -0.0708661 -0.551181 0.826772 
vn -0.425197 0.0629921 0.905512 
vn -0.401575 -0.102362 0.913386 
vn 0.0866142 0.0472441 0.992126 
vn 0.228346 -0.0472441 0.968504 
vn -0.354331 0.291339 0.889764 
vn 0.322835 0.173228 0.929134 
vn 0.15748 0.409449 0.897638 
vn -0.19685 0.559055 0.80315 
vn 0.456693 0.488189 0.740157 
vn -0.0629921 0.76378 0.645669 
vn -0.480315 -0.535433 0.692913 
vn -0.401575 -0.551181 0.732283 
vn -0.409449 -0.543307 0.732283 
vn -0.472441 -0.551181 0.685039 
vn -0.543307 -0.543307 0.645669 
vn -0.488189 -0.535433 0.692913 
vn -0.401575 -0.511811 0.755906 
vn -0.377953 -0.551181 0.740157 
vn -0.385827 -0.511811 0.771654 
vn -0.440945 -0.464567 0.771654 
vn -0.370079 -0.488189 0.787402 
vn -0.425197 -0.464567 0.779528 
vn -0.433071 -0.448819 0.779528 
vn -0.440945 -0.472441 0.76378 
vn -0.448819 -0.464567 0.76378 
vn -0.425197 -0.480315 0.76378 
vn 0.0866142 -0.181102 0.976378 
vn -0.133858 -0.0629921 0.992126 
vn 0.133858 -0.0314961 0.992126 
vn -0.102362 0.110236 0.992126 
vn 0.15748 -0.401575 0.905512 
vn 0.0629921 -0.448819 0.889764 
vn 0.133858 -0.464567 0.874016 
vn 0.543307 -0.0551181 0.834646 
vn 0.637795 -0.19685 0.748031 
vn 0.574803 -0.0787402 0.818898 
vn 0.692913 -0.228346 0.685039 
vn 0.700787 -0.228346 0.677165 
vn 0.637795 -0.0629921 0.76378 
vn 0.574803 0.015748 0.818898 
vn 0.574803 0.0629921 0.818898 
vn 0.629921 -0.0314961 0.771654 
vn 0.724409 -0.015748 0.692913 
vn 0.488189 0.559055 0.669291 
vn 0.354331 0.653543 0.669291 
vn 0.275591 0.645669 0.716535 
vn 0.519685 0.559055 0.645669 
vn 0.0551181 0.590551 0.80315 
vn 0.110236 0.393701 0.913386 
vn -0.188976 0.488189 0.858268 
vn 0.0551181 0.346457 0.937008 
vn 0.0314961 0.354331 0.937008 
vn -0.188976 0.425197 0.88189 
vn 0.0708661 0.346457 0.937008 
vn -0.606299 -0.448819 0.661417 
vn -0.244094 -0.755906 0.606299 
vn -0.425197 -0.409449 0.811024 
vn -0.0866142 -0.677165 0.732283 
vn -0.322835 -0.362205 0.874016 
vn 0.00787402 -0.614173 0.795276 
vn 0.614173 -0.464567 0.637795 
vn 0.535433 -0.480315 0.692913 
vn 0.535433 -0.472441 0.700787 
vn 0.598425 -0.480315 0.637795 
vn 0.606299 -0.480315 0.629921 
vn 0.511811 -0.464567 0.716535 
vn 0.503937 -0.519685 0.692913 
vn 0.480315 -0.503937 0.724409 
vn 0.488189 -0.503937 0.708661 
vn 0.472441 -0.503937 0.724409 
vn 0.496063 -0.488189 0.724409 
vn 0.496063 -0.464567 0.732283 
vn 0.472441 -0.496063 0.724409 
vn 0.488189 -0.456693 0.740157 
vn 0.417323 -0.503937 0.755906 
vn -0.362205 0.551181 0.755906 
vn -0.188976 0.488189 0.858268 
vn -0.370079 0.614173 0.692913 
vn -0.188976 0.425197 0.88189 
vn -0.314961 0.661417 0.677165 
vn 0.0551181 0.590551 0.80315 
vn 0.15748 0.692913 0.708661 
vn 0.354331 0.653543 0.669291 
vn 0.464567 0.590551 0.661417 
vn 0.519685 0.559055 0.645669 
vn 0.283465 0.409449 0.866142 
vn 0.11811 0.637795 0.76378 
vn 0.11811 0.377953 0.92126 
vn -0.102362 0.110236 0.992126 
vn 0.267717 0.614173 0.740157 
vn 0.0708661 0.795276 0.606299 
vn 0.0944882 0.275591 0.96063 
vn 0.149606 0.11811 0.984252 
vn -0.102362 0.110236 0.992126 
vn 0 0.102362 0.992126 
vn 0 0 1 
vn 0.133858 -0.0314961 0.992126 
vn 0.0866142 -0.181102 0.976378 
vn 0.259843 0.76378 0.582677 
vn 0.267717 0.614173 0.740157 
vn 0.503937 0.669291 0.543307 
vn 0.448819 0.574803 0.685039 
vn 0.283465 0.409449 0.866142 
vn 0.283465 0.535433 0.795276 
vn -0.102362 0.110236 0.992126 
vn -0.149606 0.433071 0.889764 
vn -0.133858 -0.0629921 0.992126 
vn 0.598425 0.346457 0.724409 
vn 0.543307 0.488189 0.685039 
vn 0.543307 0.496063 0.677165 
vn 0.574803 0.299213 0.76378 
vn 0.614173 0.0551181 0.787402 
vn 0.0708661 -0.669291 0.740157 
vn 0.0708661 -0.669291 0.740157 
vn 0.0551181 -0.645669 0.76378 
vn 0.141732 -0.700787 0.692913 
vn 0.0629921 -0.653543 0.755906 
vn 0.0944882 -0.708661 0.700787 
vn 0.102362 -0.685039 0.716535 
vn 0.0787402 -0.653543 0.748031 
vn 0.015748 -0.637795 0.771654 
vn 0.0393701 -0.527559 0.850394 
vn -0.0708661 -0.488189 0.866142 
vn -0.141732 -0.543307 0.826772 
vn -0.0472441 -0.299213 0.952756 
vn -0.165354 -0.283465 0.944882 
vn -0.0393701 -0.0866142 0.992126 
vn -0.149606 -0.322835 0.937008 
vn -0.133858 -0.433071 0.889764 
vn -0.259843 -0.15748 0.952756 
vn 0.433071 0.496063 0.748031 
vn 0.566929 0.377953 0.732283 
vn 0.417323 0.393701 0.818898 
vn 0.00787402 0.464567 0.889764 
vn -0.0866142 0.346457 0.929134 
vn 0.338583 0.503937 0.795276 
vn 0.606299 0.354331 0.716535 
vn 0.645669 0.464567 0.606299 
vn 0.141732 0.748031 0.645669 
vn -0.519685 -0.653543 0.551181 
vn -0.393701 -0.685039 0.614173 
vn -0.464567 -0.417323 0.779528 
vn -0.716535 -0.377953 0.582677 
vn -0.76378 -0.204724 0.606299 
vn 0.629921 -0.0393701 0.779528 
vn 0.566929 -0.0866142 0.818898 
vn 0.519685 -0.188976 0.834646 
vn 0.629921 0 0.779528 
vn 0.629921 0 0.779528 
vn 0.433071 -0.244094 0.866142 
vn 0.433071 -0.314961 0.850394 
vn 0.417323 -0.259843 0.874016 
vn 0.393701 -0.188976 0.897638 
vn 0.527559 -0.614173 0.590551 
vn -0.015748 -0.708661 0.708661 
vn 0.00787402 -0.590551 0.811024 
vn 0.370079 -0.409449 0.834646 
vn 0.574803 -0.0866142 0.811024 
vn -0.00787402 -0.425197 0.905512 
vn 0.834646 0.149606 0.527559 
vn 0.795276 0.267717 0.543307 
vn 0.149606 0.456693 0.874016 
vn 0.362205 0.409449 0.84252 
vn 0.283465 0.503937 0.811024 
vn 0.346457 0.574803 0.740157 
vn 0.299213 0.188976 0.937008 
vn 0.543307 0.425197 0.724409 
vn 0.110236 -0.023622 0.992126 
vn 0 0.283465 0.96063 
vn -0.0944882 -0.11811 0.992126 
vn -0.15748 0.0314961 0.984252 
vn -0.23622 -0.330709 0.913386 
vn -0.732283 0.110236 0.669291 
vn -0.732283 0.377953 0.566929 
vn -0.629921 0.401575 0.669291 
vn -0.685039 0.488189 0.543307 
vn -0.700787 0.370079 0.606299 
vn -0.700787 0.23622 0.677165 
vn -0.598425 0.503937 0.629921 
vn -0.629921 0.370079 0.685039 
vn -0.637795 0.212598 0.748031 
vn -0.574803 0.488189 0.661417 
vn -0.629921 0.299213 0.716535 
vn -0.645669 0.141732 0.755906 
vn -0.622047 0.314961 0.716535 
vn -0.669291 0.377953 0.645669 
vn -0.645669 0.385827 0.653543 
vn -0.480315 0.692913 0.527559 
vn -0.299213 0.787402 0.535433 
vn -0.645669 0.425197 0.629921 
vn -0.543307 0.708661 0.456693 
vn 0.708661 0.283465 0.645669 
vn 0.700787 0.377953 0.606299 
vn 0.732283 0.228346 0.637795 
vn 0.110236 0.023622 0.992126 
vn 0.15748 0.330709 0.929134 
vn 0.204724 0.417323 0.88189 
vn 0.0551181 0.0944882 0.992126 
vn 0.19685 0.771654 0.598425 
vn 0.173228 0.724409 0.669291 
vn 0.19685 0.622047 0.76378 
vn 0.023622 0.732283 0.677165 
vn 0.0393701 0.574803 0.818898 
vn -0.0787402 0.708661 0.700787 
vn -0.015748 0.645669 0.76378 
vn -0.125984 0.740157 0.661417 
vn 0.708661 -0.110236 0.692913 
vn 0.708661 -0.11811 0.700787 
vn 0.637795 0.110236 0.76378 
vn 0.700787 -0.133858 0.700787 
vn 0.669291 0.0944882 0.740157 
vn 0.606299 -0.629921 0.480315 
vn 0.708661 -0.149606 0.692913 
vn 0.708661 0.0944882 0.700787 
vn 0.543307 -0.645669 0.535433 
vn 0.716535 -0.165354 0.677165 
vn 0.755906 0.0787402 0.645669 
vn 0.716535 -0.188976 0.677165 
vn 0.629921 -0.433071 0.645669 
vn 0.496063 -0.645669 0.582677 
vn -0.173228 0.858268 0.488189 
vn -0.204724 0.80315 0.559055 
vn -0.110236 0.716535 0.685039 
vn -0.00787402 0.716535 0.700787 
vn -0.0866142 0.897638 0.433071 
vn -0.125984 0.448819 0.889764 
vn -0.102362 0.598425 0.795276 
vn -0.267717 0.307087 0.913386 
vn -0.165354 0.511811 0.84252 
vn -0.259843 0.299213 0.92126 
vn 0.0787402 0.740157 0.669291 
vn 0.0787402 0.503937 0.858268 
vn 0.220472 0.629921 0.740157 
vn 0.220472 0.440945 0.874016 
vn 0.291339 0.582677 0.76378 
vn 0.417323 0.393701 0.818898 
vn 0.393701 0.23622 0.889764 
vn 0.598425 0.23622 0.76378 
vn -0.622047 0.598425 0.511811 
vn -0.692913 0.448819 0.559055 
vn -0.669291 0.377953 0.645669 
vn -0.425197 0.771654 0.472441 
vn -0.480315 0.692913 0.527559 
vn 0.385827 -0.346457 0.858268 
vn 0.125984 -0.661417 0.740157 
vn 0.409449 -0.204724 0.889764 
vn 0.0787402 -0.511811 0.858268 
vn 0.456693 -0.0551181 0.889764 
vn 0.535433 0.015748 0.84252 
vn 0.0866142 0.0472441 0.992126 
vn 0.228346 -0.0472441 0.968504 
vn 0.700787 0.023622 0.708661 
vn 0.685039 0.0314961 0.724409 
vn 0.322835 0.173228 0.929134 
vn 0.732283 0.0944882 0.677165 
vn 0.15748 0.409449 0.897638 
vn 0.346457 0.165354 0.92126 
vn 0.102362 0.590551 0.80315 
vn 0.212598 0.362205 0.905512 
vn 0.00787402 0.724409 0.692913 
vn 0.188976 0.535433 0.826772 
vn 0.19685 0.559055 0.811024 
vn -0.0472441 0.866142 0.488189 
vn 0.11811 0.834646 0.543307 
vn 0.291339 0.566929 0.771654 
vn 0.251969 0.834646 0.496063 
vn 0.385827 0.566929 0.724409 
vn 0.354331 0.818898 0.456693 
vn 0.566929 0.346457 0.748031 
vn 0.582677 0.393701 0.708661 
vn 0.385827 -0.346457 0.858268 
vn 0.409449 -0.330709 0.850394 
vn 0.543307 0.551181 0.629921 
vn 0.409449 -0.204724 0.889764 
vn 0.590551 0.496063 0.637795 
vn 0.614173 0.354331 0.708661 
vn 0.456693 -0.0551181 0.889764 
vn 0.629921 0.440945 0.637795 
vn 0.653543 0.299213 0.692913 
vn 0.535433 0.015748 0.84252 
vn 0.677165 0.307087 0.669291 
vn 0.708661 -0.606299 0.354331 
vn 0.559055 -0.559055 0.614173 
vn 0.850394 -0.362205 0.377953 
vn 0.614173 -0.267717 0.740157 
vn 0.88189 -0.0551181 0.472441 
vn 0.779528 -0.0393701 0.622047 
vn 0.732283 0.291339 0.622047 
vn 0.456693 0.748031 0.480315 
vn 0.559055 0.661417 0.496063 
vn 0.291339 0.582677 0.76378 
vn 0.417323 0.393701 0.818898 
vn 0.456693 0.551181 0.700787 
vn 0.598425 0.23622 0.76378 
vn 0.314961 0.692913 0.645669 
vn 0.220472 0.629921 0.740157 
vn -0.653543 0.322835 0.685039 
vn 0.464567 0.385827 0.795276 
vn -0.566929 0.606299 0.559055 
vn 0.874016 0.0787402 0.488189 
vn 0.015748 0.23622 0.968504 
vn -0.677165 0.110236 0.732283 
vn 0.708661 0.173228 0.685039 
vn -0.677165 0.023622 0.732283 
vn -0.188976 0.110236 0.976378 
vn -0.669291 0.015748 0.740157 
vn 0.00787402 -0.590551 0.811024 
vn 0.370079 -0.409449 0.834646 
vn -0.00787402 -0.425197 0.905512 
vn -0.440945 -0.708661 0.543307 
vn -0.354331 -0.645669 0.677165 
vn -0.472441 -0.511811 0.716535 
vn -0.401575 -0.511811 0.755906 
vn -0.440945 -0.314961 0.84252 
vn -0.551181 -0.141732 0.826772 
vn -0.433071 0.023622 0.897638 
vn -0.543307 0.0393701 0.84252 
vn -0.401575 0.0551181 0.913386 
vn -0.15748 -0.84252 0.511811 
vn -0.299213 -0.80315 0.519685 
vn -0.354331 -0.645669 0.677165 
vn -0.322835 -0.519685 0.787402 
vn -0.401575 -0.511811 0.755906 
vn -0.440945 -0.314961 0.84252 
vn -0.346457 -0.440945 0.826772 
vn -0.338583 -0.110236 0.937008 
vn -0.433071 0.023622 0.897638 
vn -0.267717 0.0393701 0.96063 
vn -0.401575 0.0551181 0.913386 
vn -0.188976 0.724409 0.661417 
vn -0.133858 0.874016 0.472441 
vn -0.275591 0.700787 0.653543 
vn -0.15748 0.866142 0.480315 
vn 0 0.834646 0.551181 
vn -0.125984 0.622047 0.771654 
vn -0.102362 0.598425 0.795276 
vn 0.244094 0.818898 0.527559 
vn 0.251969 0.755906 0.606299 
vn 0.259843 -0.92126 0.283465 
vn 0.724409 -0.496063 0.480315 
vn 0.637795 -0.267717 0.724409 
vn 0.76378 -0.0944882 0.645669 
vn 0.645669 -0.023622 0.76378 
vn 0.755906 0.0629921 0.653543 
vn 0.629921 0.0393701 0.771654 
vn 0.614173 0.0944882 0.787402 
vn 0.716535 0.141732 0.685039 
vn 0.685039 0.220472 0.692913 
vn 0.346457 -0.88189 -0.322835 
vn 0.88189 -0.0866142 0.464567 
vn 0.716535 -0.149606 0.685039 

vt 3.48326 2.43271 
vt 3.49325 2.43876 
vt 3.48384 2.43781 
vt 3.49242 2.43353 
vt 3.49191 2.41728 
vt 3.48309 2.41753 
vt 3.48252 2.3975 
vt 3.47081 2.45868 
vt 3.47499 2.44685 
vt 3.47603 2.44135 
vt 3.48558 2.44428 
vt 3.484 2.45056 
vt 3.48073 2.46501 
vt 3.49647 2.44547 
vt 3.66848 2.35142 
vt 3.67212 2.3423 
vt 3.69701 2.36638 
vt 3.65722 2.3338 
vt 3.65121 2.34707 
vt 3.63371 2.34389 
vt 3.64132 2.32716 
vt 3.62322 2.32509 
vt 3.61478 2.34238 
vt 3.59683 2.326 
vt 3.58711 2.34196 
vt 3.57183 2.32443 
vt 3.54708 2.32295 
vt 3.56201 2.34008 
vt 3.55592 2.35042 
vt 3.53523 2.35436 
vt 3.50469 2.39521 
vt 3.48676 2.37739 
vt 3.49952 2.37463 
vt 3.4899 2.39574 
vt 3.50884 2.41807 
vt 3.49191 2.41728 
vt 3.49242 2.43353 
vt 3.51135 2.43299 
vt 3.49325 2.43876 
vt 3.51252 2.4377 
vt 3.51386 2.44283 
vt 3.43496 2.45527 
vt 3.43749 2.44016 
vt 3.43875 2.4653 
vt 3.44769 2.45091 
vt 3.45001 2.43671 
vt 3.52334 2.43206 
vt 3.52963 2.44608 
vt 3.51974 2.4384 
vt 3.5474 2.42717 
vt 3.52693 2.42266 
vt 3.52525 2.39867 
vt 3.54184 2.39446 
vt 3.54553 2.4494 
vt 3.52613 2.46344 
vt 3.51386 2.44283 
vt 3.54274 2.46705 
vt 3.51481 2.40086 
vt 3.51903 2.40088 
vt 3.52092 2.38745 
vt 3.52457 2.38517 
vt 3.52525 2.39867 
vt 3.51475 2.38362 
vt 3.54184 2.39446 
vt 3.52443 2.38033 
vt 3.51921 2.37676 
vt 3.52476 2.36593 
vt 3.53523 2.35436 
vt 3.55659 2.59275 
vt 3.49172 2.60799 
vt 3.51195 2.5817 
vt 3.52859 2.62153 
vt 3.57321 2.56744 
vt 3.46938 2.6278 
vt 3.49305 2.64234 
vt 3.52552 2.55627 
vt 3.56188 2.52295 
vt 3.53651 2.52126 
vt 3.58949 2.52041 
vt 3.49205 2.50877 
vt 3.51474 2.51633 
vt 3.48331 2.54573 
vt 3.52552 2.55627 
vt 3.53651 2.52126 
vt 3.51195 2.5817 
vt 3.4734 2.56834 
vt 3.46158 2.58992 
vt 3.49172 2.60799 
vt 3.44523 2.61077 
vt 3.46938 2.6278 
vt 3.4086 2.6335 
vt 3.42049 2.64469 
vt 3.51386 2.44283 
vt 3.51974 2.4384 
vt 3.52963 2.44608 
vt 3.52613 2.46344 
vt 3.5101 2.45916 
vt 3.49647 2.44547 
vt 3.52317 2.48038 
vt 3.54274 2.46705 
vt 3.4951 2.45464 
vt 3.484 2.45056 
vt 3.54015 2.48347 
vt 3.50679 2.47586 
vt 3.49212 2.47029 
vt 3.48073 2.46501 
vt 3.50431 2.48935 
vt 3.52077 2.49367 
vt 3.5381 2.49699 
vt 3.51852 2.50544 
vt 3.53656 2.50798 
vt 3.48943 2.48323 
vt 3.47802 2.47686 
vt 3.46779 2.46922 
vt 3.47081 2.45868 
vt 3.44528 2.44477 
vt 3.46204 2.44202 
vt 3.44706 2.44852 
vt 3.46494 2.45348 
vt 3.47318 2.43768 
vt 3.43154 2.45562 
vt 3.42939 2.45149 
vt 3.42685 2.43559 
vt 3.46102 2.43827 
vt 3.47449 2.43167 
vt 3.44193 2.42885 
vt 3.42534 2.41934 
vt 3.45882 2.42342 
vt 3.4777 2.41931 
vt 3.44009 2.41245 
vt 3.4249 2.39701 
vt 3.45666 2.40772 
vt 3.46906 2.40483 
vt 3.43791 2.39138 
vt 3.42584 2.39188 
vt 3.4525 2.38723 
vt 3.46026 2.38554 
vt 3.43754 2.3863 
vt 3.45156 2.38377 
vt 3.44833 2.36994 
vt 3.60332 2.43053 
vt 3.57818 2.42162 
vt 3.59518 2.39572 
vt 3.597 2.44502 
vt 3.55618 2.4048 
vt 3.54184 2.39446 
vt 3.55592 2.35042 
vt 3.53523 2.35436 
vt 3.57599 2.37126 
vt 3.61681 2.41486 
vt 3.63852 2.42484 
vt 3.62998 2.43376 
vt 3.64832 2.45363 
vt 3.64444 2.43474 
vt 3.63036 2.44953 
vt 3.64749 2.46939 
vt 3.60273 2.49622 
vt 3.55849 2.49746 
vt 3.5381 2.49699 
vt 3.58321 2.49435 
vt 3.59371 2.4906 
vt 3.58702 2.48539 
vt 3.55928 2.48437 
vt 3.54015 2.48347 
vt 3.58557 2.46561 
vt 3.56043 2.46876 
vt 3.54274 2.46705 
vt 3.56085 2.45286 
vt 3.54553 2.4494 
vt 3.5474 2.42717 
vt 3.61108 2.48835 
vt 3.58557 2.46561 
vt 3.61332 2.47823 
vt 3.58702 2.48539 
vt 3.64632 2.48954 
vt 3.64286 2.496 
vt 3.66925 2.50766 
vt 3.46163 2.42264 
vt 3.45001 2.43671 
vt 3.44672 2.42893 
vt 3.43749 2.44016 
vt 3.42725 2.43212 
vt 3.43869 2.42172 
vt 3.42081 2.41742 
vt 3.4326 2.41103 
vt 3.42939 2.39573 
vt 3.41852 2.39836 
vt 3.41872 2.39589 
vt 3.42274 2.38335 
vt 3.4293 2.38266 
vt 3.43076 2.37055 
vt 3.43526 2.37038 
vt 3.4421 2.34989 
vt 3.4604 2.46041 
vt 3.45046 2.45633 
vt 3.46494 2.45348 
vt 3.67959 2.33284 
vt 3.64506 2.33645 
vt 3.61237 2.29155 
vt 3.68188 2.30559 
vt 3.71564 2.32975 
vt 3.71094 2.31075 
vt 3.73576 2.32814 
vt 3.73017 2.31521 
vt 3.52334 2.43206 
vt 3.51135 2.43299 
vt 3.52186 2.42128 
vt 3.51252 2.4377 
vt 3.51974 2.4384 
vt 3.51386 2.44283 
vt 3.62932 2.46872 
vt 3.58557 2.46561 
vt 3.61332 2.47823 
vt 3.65748 2.48303 
vt 3.64632 2.48954 
vt 3.67747 2.49867 
vt 3.67074 2.50267 
vt 3.69927 2.52729 
vt 3.66925 2.50766 
vt 3.71668 2.43313 
vt 3.69354 2.42089 
vt 3.69851 2.39025 
vt 3.68564 2.44616 
vt 3.7112 2.45093 
vt 3.67436 2.40489 
vt 3.64522 2.42039 
vt 3.64327 2.38961 
vt 3.64452 2.35763 
vt 3.6775 2.37717 
vt 3.67658 2.36464 
vt 3.73207 2.40649 
vt 3.72423 2.41394 
vt 3.7468 2.42732 
vt 3.75198 2.42238 
vt 3.74131 2.44028 
vt 3.7373 2.45285 
vt 3.77115 2.43335 
vt 3.76766 2.4365 
vt 3.80236 2.44889 
vt 3.76391 2.44443 
vt 3.76041 2.45291 
vt 3.49345 2.51011 
vt 3.45181 2.5389 
vt 3.47657 2.50011 
vt 3.4255 2.50569 
vt 3.44773 2.47319 
vt 3.42458 2.54956 
vt 3.40489 2.52455 
vt 3.40002 2.55434 
vt 3.3916 2.55422 
vt 3.37547 2.53205 
vt 3.37109 2.55121 
vt 3.34779 2.53336 
vt 3.34637 2.54407 
vt 3.75637 2.34918 
vt 3.75696 2.34032 
vt 3.78464 2.36205 
vt 3.73908 2.32893 
vt 3.73837 2.34143 
vt 3.74208 2.32405 
vt 3.71863 2.33554 
vt 3.71922 2.31961 
vt 3.69764 2.31859 
vt 3.69711 2.33525 
vt 3.61237 2.29155 
vt 3.67178 2.31986 
vt 3.67269 2.34213 
vt 3.654 2.32122 
vt 3.64452 2.35763 
vt 3.49952 2.37463 
vt 3.50911 2.37384 
vt 3.51908 2.39631 
vt 3.50469 2.39521 
vt 3.52693 2.42266 
vt 3.52186 2.42128 
vt 3.52334 2.43206 
vt 3.50884 2.41807 
vt 3.51135 2.43299 
vt 3.62953 2.45321 
vt 3.64135 2.44155 
vt 3.62381 2.44395 
vt 3.60449 2.45746 
vt 3.67747 2.49867 
vt 3.6857 2.49949 
vt 3.69927 2.52729 
vt 3.61711 2.38323 
vt 3.58711 2.34196 
vt 3.58665 2.36658 
vt 3.56201 2.34008 
vt 3.55592 2.35042 
vt 3.68118 2.39831 
vt 3.70466 2.41459 
vt 3.66516 2.41414 
vt 3.66155 2.38419 
vt 3.69623 2.44307 
vt 3.65047 2.46568 
vt 3.68222 2.47619 
vt 3.71365 2.47547 
vt 3.72445 2.45152 
vt 3.72895 2.43231 
vt 3.73931 2.46569 
vt 3.76192 2.46038 
vt 3.80236 2.44889 
vt 3.76041 2.45291 
vt 3.7373 2.45285 
vt 3.71355 2.4666 
vt 3.7112 2.45093 
vt 3.68231 2.46888 
vt 3.68564 2.44616 
vt 3.64522 2.42039 
vt 3.65761 2.46728 
vt 3.61827 2.57494 
vt 3.59219 2.59329 
vt 3.59762 2.57005 
vt 3.60962 2.60422 
vt 3.62067 2.55082 
vt 3.57714 2.61934 
vt 3.59894 2.54817 
vt 3.5948 2.51657 
vt 3.61672 2.51112 
vt 3.59221 2.62799 
vt 3.56671 2.64597 
vt 3.5585 2.64296 
vt 3.53338 2.65514 
vt 3.74661 2.33384 
vt 3.75356 2.35554 
vt 3.75698 2.34303 
vt 3.64506 2.33645 
vt 3.67959 2.33284 
vt 3.6476 2.36261 
vt 3.70525 2.36003 
vt 3.71564 2.32975 
vt 3.73576 2.32814 
vt 3.72973 2.35498 
vt 3.54708 2.32295 
vt 3.60375 2.316 
vt 3.60135 2.32374 
vt 3.63301 2.32438 
vt 3.64385 2.30632 
vt 3.65127 2.31486 
vt 3.67088 2.29763 
vt 3.67324 2.30422 
vt 3.69463 2.28992 
vt 3.73837 2.34143 
vt 3.72534 2.36392 
vt 3.71863 2.33554 
vt 3.74387 2.36196 
vt 3.6984 2.37208 
vt 3.76038 2.3612 
vt 3.75637 2.34918 
vt 3.78464 2.36205 
vt 3.69711 2.33525 
vt 3.67269 2.34213 
vt 3.67658 2.36464 
vt 3.64452 2.35763 
vt 3.46677 2.34802 
vt 3.46723 2.37133 
vt 3.45939 2.37053 
vt 3.47053 2.39056 
vt 3.45677 2.38672 
vt 3.47312 2.40289 
vt 3.46618 2.40836 
vt 3.47639 2.41265 
vt 3.45745 2.40543 
vt 3.47147 2.42038 
vt 3.4667 2.42275 
vt 3.45976 2.42056 
vt 3.50447 2.3954 
vt 3.5184 2.38753 
vt 3.5157 2.4007 
vt 3.50768 2.41877 
vt 3.52385 2.39171 
vt 3.53464 2.38672 
vt 3.53008 2.3774 
vt 3.50327 2.38167 
vt 3.5238 2.37056 
vt 3.51309 2.37709 
vt 3.50176 2.36865 
vt 3.51396 2.36148 
vt 3.50709 2.36558 
vt 3.50032 2.35228 
vt 3.47639 2.41265 
vt 3.50768 2.41877 
vt 3.47312 2.40289 
vt 3.47053 2.39056 
vt 3.50447 2.3954 
vt 3.46723 2.37133 
vt 3.4913 2.3757 
vt 3.46677 2.34802 
vt 3.45097 2.5339 
vt 3.45918 2.5433 
vt 3.46395 2.54156 
vt 3.45797 2.53067 
vt 3.54317 2.5816 
vt 3.56026 2.59156 
vt 3.53528 2.58839 
vt 3.52439 2.57922 
vt 3.54648 2.59768 
vt 3.56704 2.59579 
vt 3.45097 2.5339 
vt 3.45287 2.51328 
vt 3.45797 2.53067 
vt 3.5337 2.53543 
vt 3.53851 2.49855 
vt 3.56305 2.55776 
vt 3.56274 2.53409 
vt 3.61009 2.59219 
vt 3.60842 2.60666 
vt 3.66229 2.65528 
vt 3.56206 2.58191 
vt 3.56305 2.55776 
vt 3.60946 2.61854 
vt 3.60842 2.60666 
vt 3.66229 2.65528 
vt 3.46706 2.52283 
vt 3.47535 2.50863 
vt 3.47361 2.49058 
vt 3.47114 2.53771 
vt 3.47958 2.52467 
vt 3.48399 2.53945 
vt 3.48839 2.55088 
vt 3.50161 2.53977 
vt 3.49589 2.52502 
vt 3.4901 2.50902 
vt 3.48713 2.49087 
vt 3.49797 2.49063 
vt 3.5032 2.5124 
vt 3.5132 2.53509 
vt 3.50943 2.56116 
vt 3.54775 2.55057 
vt 3.54251 2.53369 
vt 3.52358 2.55823 
vt 3.56465 2.57941 
vt 3.54317 2.5816 
vt 3.49334 2.56142 
vt 3.52314 2.47055 
vt 3.56281 2.45257 
vt 3.57374 2.47675 
vt 3.53851 2.49855 
vt 3.59139 2.51268 
vt 3.56274 2.53409 
vt 3.62304 2.57759 
vt 3.61009 2.59219 
vt 3.66229 2.65528 
vt 3.4979 2.39344 
vt 3.48919 2.39809 
vt 3.48763 2.38764 
vt 3.49653 2.40294 
vt 3.49653 2.40294 
vt 3.48308 2.40921 
vt 3.48919 2.39809 
vt 3.48065 2.58008 
vt 3.48286 2.5622 
vt 3.48749 2.57668 
vt 3.49424 2.59561 
vt 3.49732 2.58709 
vt 3.5817 2.56574 
vt 3.60011 2.5952 
vt 3.57477 2.60257 
vt 3.558 2.57533 
vt 3.57185 2.54693 
vt 3.54251 2.53369 
vt 3.5952 2.62713 
vt 3.61919 2.62398 
vt 3.60287 2.63554 
vt 3.62544 2.63354 
vt 3.63666 2.65364 
vt 3.61906 2.65606 
vt 3.63786 2.68077 
vt 3.64796 2.67825 
vt 3.66993 2.71172 
vt 3.49703 2.37706 
vt 3.48763 2.38764 
vt 3.4979 2.39344 
vt 3.51328 2.36321 
vt 3.5126 2.37862 
vt 3.51067 2.39643 
vt 3.49653 2.40294 
vt 3.53249 2.38019 
vt 3.50094 2.41042 
vt 3.53043 2.39922 
vt 3.49439 2.41397 
vt 3.48308 2.40921 
vt 3.50606 2.43765 
vt 3.48406 2.42614 
vt 3.47387 2.42441 
vt 3.49047 2.44015 
vt 3.47696 2.44216 
vt 3.4863 2.46827 
vt 3.49829 2.46526 
vt 3.49797 2.49063 
vt 3.48713 2.49087 
vt 3.47361 2.49058 
vt 3.47401 2.46922 
vt 3.46332 2.46865 
vt 3.46314 2.48904 
vt 3.46657 2.44393 
vt 3.64165 2.54709 
vt 3.63443 2.56077 
vt 3.62825 2.55609 
vt 3.5817 2.56574 
vt 3.63676 2.57528 
vt 3.60011 2.5952 
vt 3.62505 2.54339 
vt 3.61647 2.52107 
vt 3.57185 2.54693 
vt 3.64841 2.6065 
vt 3.61919 2.62398 
vt 3.62544 2.63354 
vt 3.65201 2.617 
vt 3.65716 2.64024 
vt 3.63666 2.65364 
vt 3.66051 2.67286 
vt 3.64796 2.67825 
vt 3.66993 2.71172 
vt 3.53812 2.4107 
vt 3.52095 2.41752 
vt 3.55208 2.43251 
vt 3.53896 2.43493 
vt 3.56698 2.45905 
vt 3.55988 2.46044 
vt 3.58468 2.49376 
vt 3.69935 2.55463 
vt 3.71082 2.53647 
vt 3.71476 2.54037 
vt 3.67725 2.5454 
vt 3.69327 2.52017 
vt 3.70469 2.55688 
vt 3.67608 2.50501 
vt 3.68899 2.574 
vt 3.69484 2.57508 
vt 3.66611 2.56652 
vt 3.65666 2.53616 
vt 3.64224 2.52901 
vt 3.64339 2.55634 
vt 3.63233 2.55126 
vt 3.62332 2.52152 
vt 3.72258 2.56531 
vt 3.72726 2.55431 
vt 3.71575 2.57451 
vt 3.74372 2.5742 
vt 3.51067 2.39643 
vt 3.53043 2.39922 
vt 3.50094 2.41042 
vt 3.55095 2.42107 
vt 3.53043 2.39922 
vt 3.55112 2.40009 
vt 3.49732 2.58709 
vt 3.48849 2.56674 
vt 3.50183 2.57395 
vt 3.48749 2.57668 
vt 3.76015 2.49249 
vt 3.69676 2.46076 
vt 3.71482 2.44997 
vt 3.54317 2.5816 
vt 3.56465 2.57941 
vt 3.56026 2.59156 
vt 3.57753 2.57946 
vt 3.56704 2.59579 
vt 3.57533 2.59965 
vt 3.59103 2.58037 
vt 3.58807 2.60501 
vt 3.60141 2.58577 
vt 3.62888 2.46907 
vt 3.65215 2.43458 
vt 3.67924 2.48279 
vt 3.74086 2.50799 
vt 3.74901 2.50012 
vt 3.80944 2.54764 
vt 3.61521 2.50522 
vt 3.59278 2.46023 
vt 3.62299 2.50149 
vt 3.55281 2.38224 
vt 3.55112 2.40009 
vt 3.57016 2.40228 
vt 3.55095 2.42107 
vt 3.56793 2.42328 
vt 3.58772 2.40694 
vt 3.58481 2.4289 
vt 3.60266 2.41195 
vt 3.5902 2.39122 
vt 3.59165 2.37668 
vt 3.55526 2.36233 
vt 3.57649 2.3558 
vt 3.51583 2.58893 
vt 3.52439 2.57922 
vt 3.49732 2.58709 
vt 3.50183 2.57395 
vt 3.49424 2.59561 
vt 3.51442 2.43234 
vt 3.50606 2.43765 
vt 3.50094 2.41042 
vt 3.65058 2.52769 
vt 3.62299 2.50149 
vt 3.62295 2.51506 
vt 3.61521 2.50522 
vt 3.74086 2.50799 
vt 3.75451 2.52857 
vt 3.80944 2.54764 
vt 3.33476 2.37618 
vt 3.35465 2.39761 
vt 3.33533 2.38349 
vt 3.30834 2.36071 
vt 3.35751 2.3881 
vt 3.38394 2.40217 
vt 3.3809 2.42265 
vt 3.41707 2.44636 
vt 3.4187 2.42053 
vt 3.45154 2.46629 
vt 3.45641 2.44157 
vt 3.45623 2.40164 
vt 3.46669 2.43343 
vt 3.44564 2.41606 
vt 3.47387 2.42441 
vt 3.45978 2.44012 
vt 3.43612 2.37499 
vt 3.42807 2.38428 
vt 3.41203 2.35789 
vt 3.41705 2.35195 
vt 3.39824 2.32787 
vt 3.76281 2.4212 
vt 3.77007 2.41486 
vt 3.78173 2.44985 
vt 3.78753 2.44494 
vt 3.80511 2.50867 
vt 3.60377 2.33091 
vt 3.57649 2.3558 
vt 3.59165 2.37668 
vt 3.62825 2.55609 
vt 3.62384 2.52954 
vt 3.64165 2.54709 
vt 3.45357 2.26147 
vt 3.45808 2.28783 
vt 3.44861 2.26522 
vt 3.43492 2.22478 
vt 3.46526 2.28225 
vt 3.48043 2.30468 
vt 3.47122 2.31359 
vt 3.48534 2.34483 
vt 3.49905 2.34016 
vt 3.49379 2.36953 
vt 3.51328 2.36321 
vt 3.46621 2.38081 
vt 3.48919 2.39809 
vt 3.48308 2.40921 
vt 3.45623 2.40164 
vt 3.47387 2.42441 
vt 3.44183 2.36117 
vt 3.43612 2.37499 
vt 3.42018 2.34494 
vt 3.41705 2.35195 
vt 3.39824 2.32787 
vt 3.59103 2.58037 
vt 3.57753 2.57946 
vt 3.59379 2.56454 
vt 3.46781 2.3827 
vt 3.42805 2.3859 
vt 3.46171 2.39679 
vt 3.4573 2.41867 
vt 3.4187 2.42053 
vt 3.45641 2.44157 
vt 3.38394 2.40217 
vt 3.38867 2.37692 
vt 3.35751 2.3881 
vt 3.36013 2.37063 
vt 3.33476 2.37618 
vt 3.33883 2.36917 
vt 3.30834 2.36071 
vt 3.72691 2.46545 
vt 3.69333 2.46301 
vt 3.6909 2.42045 
vt 3.65621 2.41808 
vt 3.69646 2.39486 
vt 3.62164 2.39176 
vt 3.73839 2.40449 
vt 3.72698 2.4288 
vt 3.73249 2.46682 
vt 3.74458 2.40791 
vt 3.73338 2.43229 
vt 3.76281 2.4212 
vt 3.75233 2.44366 
vt 3.74913 2.47163 
vt 3.78173 2.44985 
vt 3.77048 2.4843 
vt 3.77426 2.46664 
vt 3.80511 2.50867 
vt 3.64618 2.38575 
vt 3.61646 2.39698 
vt 3.65189 2.39383 
vt 3.68608 2.37569 
vt 3.73704 2.38176 
vt 3.71128 2.3721 
vt 3.72205 2.38866 
vt 3.68608 2.37569 
vt 3.70096 2.39728 
vt 3.65189 2.39383 
vt 3.69231 2.4017 
vt 3.67745 2.39101 
vt 3.67753 2.38421 
vt 3.66049 2.40975 
vt 3.6602 2.39431 
vt 3.65471 2.41679 
vt 3.66787 2.27372 
vt 3.67221 2.27877 
vt 3.65977 2.29994 
vt 3.69347 2.24152 
vt 3.65325 2.29277 
vt 3.63675 2.31349 
vt 3.64532 2.32401 
vt 3.6299 2.35374 
vt 3.6144 2.34492 
vt 3.60791 2.38274 
vt 3.59165 2.37668 
vt 3.66356 2.44484 
vt 3.67241 2.42597 
vt 3.68326 2.42933 
vt 3.68842 2.41655 
vt 3.70488 2.409 
vt 3.69231 2.4017 
vt 3.67241 2.42597 
vt 3.70096 2.39728 
vt 3.72474 2.39947 
vt 3.72205 2.38866 
vt 3.73769 2.39053 
vt 3.73704 2.38176 
vt 3.49652 2.49154 
vt 3.49317 2.49494 
vt 3.50098 2.50393 
vt 3.49836 2.50623 
vt 3.50919 2.52485 
vt 3.66356 2.44484 
vt 3.66216 2.44013 
vt 3.67241 2.42597 
vt 3.66356 2.44484 
vt 3.64776 2.45652 
vt 3.66216 2.44013 
vt 3.3672 2.34645 
vt 3.3816 2.37203 
vt 3.36383 2.3554 
vt 3.33773 2.33013 
vt 3.38746 2.35659 
vt 3.39983 2.3885 
vt 3.40695 2.36662 
vt 3.43033 2.41003 
vt 3.43077 2.37635 
vt 3.4946 2.38387 
vt 3.59379 2.56454 
vt 3.57753 2.57946 
vt 3.56465 2.57941 
vt 3.64862 2.27358 
vt 3.65365 2.27864 
vt 3.64444 2.29352 
vt 3.66707 2.2572 
vt 3.6352 2.28489 
vt 3.63387 2.31067 
vt 3.62082 2.29741 
vt 3.62285 2.33762 
vt 3.60596 2.32189 
vt 3.55907 2.37954 
vt 3.46888 2.26269 
vt 3.47196 2.28327 
vt 3.46386 2.26677 
vt 3.45376 2.2425 
vt 3.4806 2.27642 
vt 3.4819 2.3018 
vt 3.49394 2.2908 
vt 3.49289 2.32875 
vt 3.50895 2.31537 
vt 3.55907 2.37954 
vt 3.63824 2.37556 
vt 3.64498 2.38257 
vt 3.58118 2.40124 
vt 3.61783 2.39462 
vt 3.6602 2.39431 
vt 3.67131 2.37191 
vt 3.67753 2.38421 
vt 3.68897 2.36151 
vt 3.69167 2.36958 
vt 3.70743 2.34715 
vt 3.42731 2.3539 
vt 3.43442 2.34743 
vt 3.45506 2.36221 
vt 3.41597 2.33251 
vt 3.44137 2.37588 
vt 3.49881 2.38058 
vt 3.45817 2.39414 
vt 3.53883 2.39998 
vt 3.66505 2.39574 
vt 3.65798 2.3975 
vt 3.65253 2.37975 
vt 3.65749 2.37739 
vt 3.63093 2.3542 
vt 3.66851 2.41728 
vt 3.65798 2.3975 
vt 3.66505 2.39574 
vt 3.6412 2.45868 
vt 3.6356 2.46922 
vt 3.6293 2.46041 
vt 3.63492 2.45348 
vt 3.64454 2.44685 
vt 3.63757 2.43768 
vt 3.6453 2.44135 
vt 3.5713 2.46314 
vt 3.55075 2.47008 
vt 3.5641 2.4576 
vt 3.54245 2.46224 
vt 3.5502 2.44324 
vt 3.52972 2.4455 
vt 3.53591 2.42248 
vt 3.51829 2.42397 
vt 3.52543 2.40243 
vt 3.51056 2.40433 
vt 3.50955 2.40022 
vt 3.52396 2.39832 
vt 3.51979 2.38547 
vt 3.50892 2.38616 
vt 3.5173 2.37109 
vt 3.51053 2.37062 
vt 3.51805 2.34989 
vt 3.71872 2.34389 
vt 3.71568 2.32716 
vt 3.69742 2.32509 
vt 3.70088 2.34238 
vt 3.6724 2.326 
vt 3.67306 2.34196 
vt 3.62853 2.32295 
vt 3.64931 2.34008 
vt 3.64571 2.35042 
vt 3.56254 2.44277 
vt 3.54524 2.42207 
vt 3.55333 2.41742 
vt 3.56785 2.43212 
vt 3.53937 2.39836 
vt 3.57997 2.45527 
vt 3.57993 2.44016 
vt 3.5502 2.44324 
vt 3.5641 2.4576 
vt 3.53591 2.42248 
vt 3.5713 2.46314 
vt 3.5825 2.4653 
vt 3.5911 2.45091 
vt 3.59339 2.46036 
vt 3.53189 2.40081 
vt 3.52543 2.40243 
vt 3.53802 2.39589 
vt 3.53031 2.3974 
vt 3.52396 2.39832 
vt 3.51979 2.38547 
vt 3.52528 2.38468 
vt 3.53155 2.38335 
vt 3.52494 2.37055 
vt 3.521 2.37106 
vt 3.5173 2.37109 
vt 3.51805 2.34989 
vt 3.46454 2.31818 
vt 3.42432 2.32623 
vt 3.49132 2.3107 
vt 3.47884 2.32274 
vt 3.59339 2.46036 
vt 3.5984 2.46977 
vt 3.57461 2.47044 
vt 3.66109 2.43271 
vt 3.64707 2.43653 
vt 3.64816 2.43171 
vt 3.64873 2.41797 
vt 3.6586 2.43781 
vt 3.6453 2.44135 
vt 3.65383 2.44428 
vt 3.66066 2.41753 
vt 3.65798 2.3975 
vt 3.64748 2.39919 
vt 3.65253 2.37975 
vt 3.64378 2.38166 
vt 3.63093 2.3542 
vt 3.48924 2.34802 
vt 3.47876 2.37133 
vt 3.46715 2.37345 
vt 3.47555 2.38767 
vt 3.45963 2.39079 
vt 3.47583 2.39151 
vt 3.4594 2.39515 
vt 3.48249 2.41156 
vt 3.4655 2.41661 
vt 3.49108 2.43349 
vt 3.47396 2.43878 
vt 3.5003 2.45053 
vt 3.48335 2.45606 
vt 3.48953 2.46443 
vt 3.50857 2.46251 
vt 3.64235 2.40088 
vt 3.63988 2.38745 
vt 3.64301 2.38517 
vt 3.64874 2.39867 
vt 3.64664 2.48323 
vt 3.64144 2.47686 
vt 3.62939 2.48729 
vt 3.60835 2.48883 
vt 3.5942 2.49336 
vt 3.57461 2.47044 
vt 3.5984 2.46977 
vt 3.62444 2.47953 
vt 3.61595 2.46725 
vt 3.59339 2.46036 
vt 3.6356 2.46922 
vt 3.6293 2.46041 
vt 3.62195 2.39188 
vt 3.62928 2.3863 
vt 3.61158 2.37235 
vt 3.73945 2.43053 
vt 3.70389 2.42162 
vt 3.70293 2.39572 
vt 3.70312 2.44071 
vt 3.73764 2.44502 
vt 3.66941 2.4048 
vt 3.6653 2.42717 
vt 3.6521 2.39446 
vt 3.67067 2.37126 
vt 3.76188 2.42484 
vt 3.76384 2.43376 
vt 3.76477 2.44395 
vt 3.78121 2.43024 
vt 3.80944 2.43561 
vt 3.78149 2.43541 
vt 3.7824 2.44155 
vt 3.52128 2.4259 
vt 3.51621 2.44531 
vt 3.51339 2.43503 
vt 3.51359 2.42056 
vt 3.5003 2.45053 
vt 3.524 2.4588 
vt 3.50857 2.46251 
vt 3.49108 2.43349 
vt 3.50385 2.40543 
vt 3.48249 2.41156 
vt 3.49384 2.38672 
vt 3.47583 2.39151 
vt 3.47555 2.38767 
vt 3.49027 2.37053 
vt 3.47876 2.37133 
vt 3.48924 2.34802 
vt 3.47591 2.38475 
vt 3.47606 2.39171 
vt 3.47918 2.38678 
vt 3.4807 2.4007 
vt 3.46372 2.43716 
vt 3.47219 2.43283 
vt 3.47981 2.45163 
vt 3.49394 2.47368 
vt 3.63093 2.3542 
vt 3.64378 2.38166 
vt 3.63375 2.38327 
vt 3.64748 2.39919 
vt 3.63365 2.39979 
vt 3.64873 2.41797 
vt 3.63161 2.41931 
vt 3.63572 2.43167 
vt 3.64816 2.43171 
vt 3.64707 2.43653 
vt 3.63757 2.43768 
vt 3.6453 2.44135 
vt 3.47439 2.51469 
vt 3.45167 2.51834 
vt 3.4557 2.48398 
vt 3.43274 2.48913 
vt 3.42879 2.51569 
vt 3.47848 2.47297 
vt 3.42748 2.48945 
vt 3.42294 2.51312 
vt 3.40204 2.4981 
vt 3.40759 2.48664 
vt 3.37406 2.48039 
vt 3.4866 2.50188 
vt 3.48545 2.51211 
vt 3.48821 2.48693 
vt 3.49094 2.46379 
vt 3.42851 2.37777 
vt 3.458 2.39779 
vt 3.46613 2.36345 
vt 3.5911 2.45091 
vt 3.60196 2.45504 
vt 3.59339 2.46036 
vt 3.62355 2.45562 
vt 3.59605 2.4411 
vt 3.60863 2.44845 
vt 3.58773 2.43671 
vt 3.6243 2.45149 
vt 3.59327 2.42628 
vt 3.60133 2.43631 
vt 3.6104 2.44432 
vt 3.62564 2.43559 
vt 3.60298 2.43351 
vt 3.61239 2.43194 
vt 3.61351 2.42015 
vt 3.60564 2.42047 
vt 3.62599 2.41934 
vt 3.60852 2.39772 
vt 3.61439 2.39758 
vt 3.62356 2.39701 
vt 3.60814 2.3934 
vt 3.61345 2.39317 
vt 3.62195 2.39188 
vt 3.61158 2.37235 
vt 3.6056 2.37547 
vt 3.59816 2.35248 
vt 3.36999 2.33773 
vt 3.35354 2.32244 
vt 3.37442 2.32893 
vt 3.38864 2.32881 
vt 3.38111 2.34443 
vt 3.40333 2.327 
vt 3.39315 2.34962 
vt 3.42432 2.32623 
vt 3.41199 2.35374 
vt 3.43452 2.35583 
vt 3.47884 2.32274 
vt 3.45423 2.35694 
vt 3.47002 2.35667 
vt 3.48299 2.53336 
vt 3.47993 2.54407 
vt 3.44785 2.52641 
vt 3.46276 2.39854 
vt 3.47835 2.3954 
vt 3.47099 2.42037 
vt 3.46889 2.38167 
vt 3.44712 2.39869 
vt 3.45343 2.42008 
vt 3.47219 2.43283 
vt 3.46372 2.43716 
vt 3.44807 2.38618 
vt 3.45944 2.38551 
vt 3.45941 2.36964 
vt 3.46463 2.36865 
vt 3.4534 2.36939 
vt 3.46446 2.35228 
vt 3.43389 2.54245 
vt 3.41531 2.57481 
vt 3.38933 2.55848 
vt 3.45999 2.55874 
vt 3.36327 2.58497 
vt 3.34822 2.56773 
vt 3.30834 2.567 
vt 3.4672 2.52161 
vt 3.49479 2.53316 
vt 3.49483 2.51976 
vt 3.49803 2.49342 
vt 3.55988 2.29155 
vt 3.60921 2.32122 
vt 3.57895 2.32294 
vt 3.61097 2.35763 
vt 3.49479 2.53316 
vt 3.4889 2.58468 
vt 3.45999 2.55874 
vt 3.525 2.55371 
vt 3.43854 2.60499 
vt 3.41531 2.57481 
vt 3.37693 2.60155 
vt 3.36327 2.58497 
vt 3.76313 2.45321 
vt 3.78245 2.44715 
vt 3.80944 2.43561 
vt 3.7824 2.44155 
vt 3.76477 2.44395 
vt 3.73688 2.45746 
vt 3.73764 2.44502 
vt 3.70071 2.45834 
vt 3.70312 2.44071 
vt 3.6653 2.42717 
vt 3.66625 2.45286 
vt 3.73499 2.34707 
vt 3.71795 2.37354 
vt 3.71872 2.34389 
vt 3.73618 2.36752 
vt 3.68745 2.38323 
vt 3.75395 2.36466 
vt 3.7516 2.35142 
vt 3.78006 2.36638 
vt 3.70088 2.34238 
vt 3.67306 2.34196 
vt 3.6671 2.36658 
vt 3.64931 2.34008 
vt 3.40316 2.5144 
vt 3.38933 2.55848 
vt 3.37277 2.53756 
vt 3.34822 2.56773 
vt 3.43389 2.54245 
vt 3.43148 2.48469 
vt 3.4672 2.52161 
vt 3.49803 2.49342 
vt 3.44888 2.45995 
vt 3.49394 2.47368 
vt 3.46372 2.43716 
vt 3.55988 2.29155 
vt 3.51274 2.31692 
vt 3.5366 2.31773 
vt 3.52307 2.35108 
vt 3.47178 2.44224 
vt 3.47828 2.45579 
vt 3.46372 2.46097 
vt 3.45249 2.45111 
vt 3.43494 2.46531 
vt 3.47848 2.47297 
vt 3.49094 2.46379 
vt 3.45806 2.42829 
vt 3.44085 2.43614 
vt 3.45574 2.41358 
vt 3.43911 2.45455 
vt 3.43688 2.40587 
vt 3.458 2.39779 
vt 3.4112 2.4466 
vt 3.40443 2.41911 
vt 3.42445 2.47864 
vt 3.37594 2.42985 
vt 3.39087 2.4821 
vt 3.38249 2.45613 
vt 3.37751 2.45824 
vt 3.38529 2.48271 
vt 3.37075 2.43323 
vt 3.36866 2.48371 
vt 3.35494 2.44648 
vt 3.36237 2.46428 
vt 3.33779 2.46585 
vt 3.34372 2.47653 
vt 3.34731 2.48778 
vt 3.31267 2.50338 
vt 3.54594 2.54446 
vt 3.60458 2.50877 
vt 3.59632 2.54573 
vt 3.57527 2.51011 
vt 3.54401 2.55959 
vt 3.58719 2.56834 
vt 3.53943 2.57811 
vt 3.57563 2.58992 
vt 3.52649 2.59874 
vt 3.55572 2.61077 
vt 3.50833 2.6335 
vt 3.48958 2.62405 
vt 3.5119 2.49781 
vt 3.48092 2.49348 
vt 3.48953 2.46443 
vt 3.50857 2.46251 
vt 3.524 2.4588 
vt 3.55313 2.47319 
vt 3.54275 2.50569 
vt 3.62715 2.57361 
vt 3.62281 2.57245 
vt 3.62247 2.55385 
vt 3.62461 2.58837 
vt 3.62723 2.55432 
vt 3.62098 2.5871 
vt 3.6258 2.53042 
vt 3.61943 2.60121 
vt 3.61695 2.59996 
vt 3.60859 2.61706 
vt 3.62115 2.53063 
vt 3.62353 2.50814 
vt 3.61793 2.50913 
vt 3.48788 2.46404 
vt 3.49614 2.42539 
vt 3.50987 2.45093 
vt 3.44538 2.3675 
vt 3.43452 2.35583 
vt 3.42936 2.36651 
vt 3.4129 2.36468 
vt 3.41199 2.35374 
vt 3.39315 2.34962 
vt 3.39305 2.3587 
vt 3.38111 2.34443 
vt 3.37277 2.53756 
vt 3.34822 2.56773 
vt 3.33959 2.55365 
vt 3.30834 2.567 
vt 3.54401 2.55959 
vt 3.50213 2.57366 
vt 3.5028 2.55387 
vt 3.54594 2.54446 
vt 3.50131 2.53897 
vt 3.53943 2.57811 
vt 3.59918 2.54817 
vt 3.56683 2.52241 
vt 3.60336 2.51657 
vt 3.59483 2.57005 
vt 3.56229 2.58956 
vt 3.56713 2.56104 
vt 3.59918 2.54817 
vt 3.56683 2.52241 
vt 3.58463 2.59329 
vt 3.55422 2.61727 
vt 3.57056 2.61934 
vt 3.57056 2.61934 
vt 3.55427 2.64296 
vt 3.54273 2.64105 
vt 3.54141 2.46128 
vt 3.52354 2.43219 
vt 3.5499 2.45819 
vt 3.59931 2.50338 
vt 3.5648 2.45811 
vt 3.51068 2.43567 
vt 3.54168 2.43198 
vt 3.50989 2.41259 
vt 3.53088 2.41446 
vt 3.49537 2.41475 
vt 3.52851 2.40834 
vt 3.49279 2.40873 
vt 3.50737 2.40599 
vt 3.60297 2.40086 
vt 3.6093 2.40011 
vt 3.61055 2.41537 
vt 3.53558 2.46987 
vt 3.51068 2.43567 
vt 3.54141 2.46128 
vt 3.59931 2.50338 
vt 3.5055 2.45294 
vt 3.43354 2.33579 
vt 3.50541 2.29155 
vt 3.47272 2.33645 
vt 3.42958 2.31032 
vt 3.39831 2.33256 
vt 3.40121 2.31415 
vt 3.37716 2.33115 
vt 3.38197 2.31765 
vt 3.65972 2.41661 
vt 3.64246 2.44104 
vt 3.64544 2.41837 
vt 3.65702 2.43878 
vt 3.66042 2.39515 
vt 3.63773 2.45642 
vt 3.65141 2.45606 
vt 3.64667 2.3959 
vt 3.64681 2.39161 
vt 3.66009 2.39079 
vt 3.65736 2.37345 
vt 3.64754 2.374 
vt 3.65101 2.34802 
vt 3.61746 2.35228 
vt 3.61498 2.36939 
vt 3.6088 2.36644 
vt 3.61355 2.38618 
vt 3.60335 2.38097 
vt 3.61215 2.39869 
vt 3.5999 2.39265 
vt 3.60862 2.42008 
vt 3.59467 2.41201 
vt 3.5907 2.42829 
vt 3.60464 2.43716 
vt 3.58164 2.35623 
vt 3.58314 2.38672 
vt 3.55307 2.36345 
vt 3.54716 2.35667 
vt 3.57838 2.39779 
vt 3.58164 2.35623 
vt 3.54716 2.35667 
vt 3.57166 2.32251 
vt 3.59158 2.36477 
vt 3.59163 2.3797 
vt 3.58314 2.38672 
vt 3.58164 2.35623 
vt 3.59697 2.3754 
vt 3.60153 2.38223 
vt 3.59188 2.38475 
vt 3.59393 2.39171 
vt 3.59549 2.38678 
vt 3.55292 2.54107 
vt 3.58313 2.56499 
vt 3.5934 2.55497 
vt 3.63828 2.567 
vt 3.58313 2.56499 
vt 3.59076 2.58486 
vt 3.63828 2.567 
vt 3.346 2.44011 
vt 3.34498 2.44602 
vt 3.31542 2.44889 
vt 3.34663 2.43335 
vt 3.69565 2.4455 
vt 3.67641 2.44672 
vt 3.69943 2.42397 
vt 3.68188 2.42397 
vt 3.70083 2.40433 
vt 3.68539 2.40469 
vt 3.68558 2.40019 
vt 3.70033 2.40022 
vt 3.696 2.38616 
vt 3.68523 2.38506 
vt 3.68857 2.37062 
vt 3.68134 2.36958 
vt 3.67568 2.34989 
vt 3.64754 2.374 
vt 3.63667 2.37501 
vt 3.65101 2.34802 
vt 3.63011 2.39241 
vt 3.64681 2.39161 
vt 3.64667 2.3959 
vt 3.62967 2.39584 
vt 3.62697 2.41981 
vt 3.64544 2.41837 
vt 3.6235 2.4429 
vt 3.64246 2.44104 
vt 3.63773 2.45642 
vt 3.67611 2.4411 
vt 3.66777 2.43671 
vt 3.66774 2.42628 
vt 3.65615 2.42264 
vt 3.6818 2.43631 
vt 3.67442 2.42059 
vt 3.68335 2.43351 
vt 3.68429 2.42047 
vt 3.68576 2.39772 
vt 3.67856 2.39742 
vt 3.67831 2.39369 
vt 3.68517 2.3934 
vt 3.67738 2.37613 
vt 3.6824 2.37547 
vt 3.67251 2.35248 
vt 3.56252 2.50677 
vt 3.55292 2.54107 
vt 3.53108 2.5208 
vt 3.51796 2.48516 
vt 3.55365 2.47864 
vt 3.50872 2.45396 
vt 3.57925 2.52932 
vt 3.5934 2.55497 
vt 3.60588 2.54968 
vt 3.63828 2.567 
vt 3.54183 2.32274 
vt 3.54716 2.35667 
vt 3.57166 2.32251 
vt 3.58232 2.59733 
vt 3.56739 2.61762 
vt 3.60332 2.63302 
vt 3.61173 2.61325 
vt 3.66935 2.63289 
vt 3.66823 2.64769 
vt 3.74592 2.63821 
vt 3.56252 2.50677 
vt 3.60112 2.48469 
vt 3.55365 2.47864 
vt 3.57471 2.45455 
vt 3.5907 2.42829 
vt 3.60276 2.45995 
vt 3.60464 2.43716 
vt 3.61171 2.53897 
vt 3.59586 2.52762 
vt 3.6057 2.51976 
vt 3.62387 2.45111 
vt 3.60212 2.43632 
vt 3.59531 2.46057 
vt 3.5999 2.39265 
vt 3.59707 2.37682 
vt 3.60335 2.38097 
vt 3.60485 2.36426 
vt 3.6088 2.36644 
vt 3.61746 2.35228 
vt 3.59234 2.37241 
vt 3.58584 2.38045 
vt 3.59173 2.38676 
vt 3.57838 2.39779 
vt 3.58529 2.40498 
vt 3.59467 2.41201 
vt 3.58314 2.41358 
vt 3.5907 2.42829 
vt 3.61171 2.53897 
vt 3.61784 2.55387 
vt 3.59586 2.52762 
vt 3.62018 2.47368 
vt 3.63773 2.45642 
vt 3.62154 2.45463 
vt 3.6235 2.4429 
vt 3.61361 2.45163 
vt 3.61196 2.43283 
vt 3.37259 2.34755 
vt 3.34784 2.35902 
vt 3.37123 2.33879 
vt 3.38774 2.32827 
vt 3.38911 2.34052 
vt 3.38394 2.32299 
vt 3.40841 2.33501 
vt 3.40759 2.3195 
vt 3.42932 2.31757 
vt 3.43019 2.33369 
vt 3.50541 2.29155 
vt 3.45505 2.31703 
vt 3.45106 2.3389 
vt 3.47176 2.31692 
vt 3.48259 2.35108 
vt 3.6687 2.51568 
vt 3.63488 2.53098 
vt 3.6419 2.50618 
vt 3.66286 2.53799 
vt 3.68962 2.52331 
vt 3.66593 2.55772 
vt 3.63403 2.54777 
vt 3.6057 2.51976 
vt 3.61171 2.53897 
vt 3.68832 2.54263 
vt 3.69714 2.5615 
vt 3.69819 2.54412 
vt 3.70764 2.56121 
vt 3.71767 2.53008 
vt 3.73088 2.55771 
vt 3.72293 2.5464 
vt 3.75445 2.53368 
vt 3.7635 2.54808 
vt 3.75717 2.5441 
vt 3.80236 2.52641 
vt 3.41463 2.42917 
vt 3.43023 2.38633 
vt 3.43561 2.41621 
vt 3.44261 2.44133 
vt 3.41854 2.44669 
vt 3.45479 2.40522 
vt 3.4824 2.42539 
vt 3.48762 2.38562 
vt 3.48259 2.35108 
vt 3.45101 2.37199 
vt 3.3988 2.40298 
vt 3.40722 2.4103 
vt 3.38691 2.4245 
vt 3.38178 2.41958 
vt 3.39146 2.43732 
vt 3.39429 2.44971 
vt 3.36298 2.43101 
vt 3.36643 2.4342 
vt 3.33216 2.44645 
vt 3.36951 2.44214 
vt 3.37219 2.45059 
vt 3.43163 2.40185 
vt 3.45034 2.41603 
vt 3.4047 2.41826 
vt 3.45623 2.38419 
vt 3.41373 2.44789 
vt 3.45393 2.44063 
vt 3.45386 2.45923 
vt 3.4308 2.48168 
vt 3.45386 2.47408 
vt 3.39532 2.47964 
vt 3.38388 2.45549 
vt 3.37804 2.43612 
vt 3.37289 2.47303 
vt 3.36476 2.4563 
vt 3.3612 2.44202 
vt 3.35211 2.46514 
vt 3.34701 2.45552 
vt 3.34498 2.44602 
vt 3.31542 2.44889 
vt 3.60515 2.46831 
vt 3.59531 2.46057 
vt 3.59185 2.48831 
vt 3.61816 2.47583 
vt 3.5959 2.49063 
vt 3.6102 2.49593 
vt 3.63136 2.48112 
vt 3.62578 2.49878 
vt 3.62711 2.51376 
vt 3.62931 2.49842 
vt 3.63101 2.51162 
vt 3.64495 2.49848 
vt 3.64225 2.49145 
vt 3.66484 2.48039 
vt 3.55087 2.55371 
vt 3.61784 2.55387 
vt 3.56503 2.57432 
vt 3.59586 2.52762 
vt 3.63033 2.57366 
vt 3.58232 2.59733 
vt 3.61173 2.61325 
vt 3.65329 2.59697 
vt 3.70028 2.62167 
vt 3.66935 2.63289 
vt 3.74592 2.63821 
vt 3.68962 2.52331 
vt 3.6687 2.51568 
vt 3.68704 2.50983 
vt 3.71838 2.52052 
vt 3.66737 2.49348 
vt 3.71767 2.53008 
vt 3.6419 2.50618 
vt 3.64596 2.48651 
vt 3.64673 2.46443 
vt 3.75445 2.53368 
vt 3.75747 2.52581 
vt 3.80236 2.52641 
vt 3.51839 2.58956 
vt 3.50134 2.60184 
vt 3.52315 2.62733 
vt 3.535 2.61727 
vt 3.55824 2.64105 
vt 3.54969 2.64549 
vt 3.5844 2.65514 
vt 3.6419 2.50618 
vt 3.61489 2.49342 
vt 3.64596 2.48651 
vt 3.63488 2.53098 
vt 3.62018 2.47368 
vt 3.64673 2.46443 
vt 3.43273 2.50895 
vt 3.41851 2.52729 
vt 3.43558 2.51092 
vt 3.62967 2.39584 
vt 3.61412 2.42037 
vt 3.62697 2.41981 
vt 3.61196 2.43283 
vt 3.6235 2.4429 
vt 3.47272 2.33645 
vt 3.47018 2.36261 
vt 3.43354 2.33579 
vt 3.40601 2.36428 
vt 3.39831 2.33256 
vt 3.37716 2.33115 
vt 3.38144 2.35834 
vt 3.37716 2.33115 
vt 3.36706 2.35707 
vt 3.3647 2.33661 
vt 3.35333 2.35821 
vt 3.35146 2.34581 
vt 3.33314 2.36205 
vt 3.6057 2.51976 
vt 3.61489 2.49342 
vt 3.63488 2.53098 
vt 3.43779 2.29349 
vt 3.46262 2.30803 
vt 3.46022 2.31241 
vt 3.46326 2.30264 
vt 3.48165 2.31732 
vt 3.48456 2.30744 
vt 3.47485 2.32303 
vt 3.50995 2.31018 
vt 3.50039 2.31957 
vt 3.50743 2.32021 
vt 3.54233 2.3107 
vt 3.36941 2.45799 
vt 3.39058 2.4625 
vt 3.33216 2.44645 
vt 3.37219 2.45059 
vt 3.39429 2.44971 
vt 3.41465 2.46232 
vt 3.41854 2.44669 
vt 3.44438 2.46404 
vt 3.44261 2.44133 
vt 3.4824 2.42539 
vt 3.49011 2.3587 
vt 3.48657 2.34443 
vt 3.48117 2.35087 
vt 3.4779 2.33773 
vt 3.4724 2.35619 
vt 3.47375 2.34135 
vt 3.46994 2.32244 
vt 3.46688 2.34383 
vt 3.68523 2.38506 
vt 3.68069 2.38451 
vt 3.68134 2.36958 
vt 3.67479 2.36912 
vt 3.67568 2.34989 
vt 3.67431 2.38443 
vt 3.67623 2.3994 
vt 3.68558 2.40019 
vt 3.66752 2.3998 
vt 3.68539 2.40469 
vt 3.67525 2.40253 
vt 3.68188 2.42397 
vt 3.66949 2.42072 
vt 3.66049 2.41625 
vt 3.6644 2.43576 
vt 3.65442 2.4259 
vt 3.67641 2.44672 
vt 3.66106 2.44531 
vt 3.65518 2.4588 
vt 3.67101 2.46157 
vt 3.58218 2.58856 
vt 3.59457 2.60117 
vt 3.61549 2.61706 
vt 3.5974 2.59996 
vt 3.58692 2.5871 
vt 3.57419 2.57392 
vt 3.57923 2.57245 
vt 3.57398 2.55385 
vt 3.56838 2.55484 
vt 3.56472 2.53104 
vt 3.57045 2.53063 
vt 3.56788 2.50913 
vt 3.56209 2.50882 
vt 3.38911 2.34052 
vt 3.40841 2.33501 
vt 3.40131 2.36118 
vt 3.38416 2.35975 
vt 3.42826 2.36809 
vt 3.36928 2.35892 
vt 3.37259 2.34755 
vt 3.34784 2.35902 
vt 3.43019 2.33369 
vt 3.45106 2.3389 
vt 3.44703 2.3604 
vt 3.48259 2.35108 
vt 3.67442 2.42059 
vt 3.66571 2.41369 
vt 3.67856 2.39742 
vt 3.67282 2.39378 
vt 3.67311 2.39051 
vt 3.67831 2.39369 
vt 3.67738 2.37613 
vt 3.67442 2.37495 
vt 3.67251 2.35248 
vt 3.64008 2.41931 
vt 3.6093 2.40011 
vt 3.63895 2.39979 
vt 3.61055 2.41537 
vt 3.63833 2.38327 
vt 3.61657 2.37755 
vt 3.63692 2.3542 
vt 3.6093 2.40011 
vt 3.59875 2.40088 
vt 3.61657 2.37755 
vt 3.61657 2.37755 
vt 3.59875 2.40088 
vt 3.60359 2.37443 
vt 3.63692 2.3542 
vt 3.55988 2.41477 
vt 3.52052 2.35268 
vt 3.53117 2.34526 
vt 3.50397 2.32702 
vt 3.51412 2.3162 
vt 3.49057 2.30637 
vt 3.49997 2.29697 
vt 3.4798 2.29043 
vt 3.48696 2.28368 
vt 3.46836 2.27626 
vt 3.47252 2.2718 
vt 3.45071 2.2572 
vt 3.55988 2.41477 
vt 3.62481 2.38493 
vt 3.62916 2.40054 
vt 3.60758 2.42104 
vt 3.66678 2.37313 
vt 3.66167 2.3649 
vt 3.68232 2.34828 
vt 3.68513 2.35278 
vt 3.70181 2.33251 
vt 3.74899 2.35502 
vt 3.78006 2.33013 
vt 3.74664 2.3478 
vt 3.73163 2.36992 
vt 3.72636 2.36134 
vt 3.72384 2.35648 
vt 3.70966 2.37449 
vt 3.70426 2.36469 
vt 3.71568 2.38582 
vt 3.6906 2.38981 
vt 3.68519 2.37744 
vt 3.69742 2.40392 
vt 3.66604 2.41103 
vt 3.65961 2.39414 
vt 3.64995 2.42579 
vt 3.6724 2.43032 
vt 3.64911 2.45531 
vt 3.62853 2.48006 
vt 3.68513 2.35278 
vt 3.67774 2.3833 
vt 3.66678 2.37313 
vt 3.69001 2.35626 
vt 3.70181 2.33251 
vt 3.65436 2.4234 
vt 3.62916 2.40054 
vt 3.62877 2.45088 
vt 3.60758 2.42104 
vt 3.62813 2.47464 
vt 3.62853 2.48006 
vt 3.3542 2.41925 
vt 3.35232 2.40473 
vt 3.36313 2.43787 
vt 3.35849 2.40215 
vt 3.35932 2.41673 
vt 3.39825 2.43983 
vt 3.39786 2.41604 
vt 3.39883 2.40079 
vt 3.42623 2.41885 
vt 3.42851 2.44659 
vt 3.42547 2.4017 
vt 3.44538 2.42597 
vt 3.65749 2.54038 
vt 3.65586 2.52763 
vt 3.63093 2.54628 
vt 3.46307 2.41679 
vt 3.46454 2.43454 
vt 3.42432 2.40808 
vt 3.43747 2.38663 
vt 3.49132 2.45169 
vt 3.41142 2.37745 
vt 3.40333 2.3961 
vt 3.47884 2.45119 
vt 3.49006 2.47561 
vt 3.48911 2.48102 
vt 3.3932 2.37603 
vt 3.38864 2.38969 
vt 3.37442 2.38426 
vt 3.37623 2.37664 
vt 3.35354 2.3793 
vt 3.46307 2.41679 
vt 3.43747 2.38663 
vt 3.45758 2.39431 
vt 3.45367 2.38044 
vt 3.46363 2.41931 
vt 3.44248 2.39392 
vt 3.42768 2.37262 
vt 3.43343 2.36408 
vt 3.41035 2.34715 
vt 3.48024 2.39834 
vt 3.51268 2.42201 
vt 3.49132 2.45169 
vt 3.63907 2.51233 
vt 3.64235 2.50811 
vt 3.63983 2.51866 
vt 3.48489 2.38086 
vt 3.55988 2.41477 
vt 3.48024 2.39834 
vt 3.51268 2.42201 
vt 3.45367 2.38044 
vt 3.4559 2.36921 
vt 3.43343 2.36408 
vt 3.43418 2.35897 
vt 3.41035 2.34715 
vt 3.62492 2.56688 
vt 3.62928 2.58961 
vt 3.61158 2.59227 
vt 3.62748 2.57558 
vt 3.62303 2.56831 
vt 3.61501 2.58606 
vt 3.59816 2.58187 
vt 3.61552 2.57881 
vt 3.61378 2.57519 
vt 3.70293 2.43196 
vt 3.64571 2.47122 
vt 3.67067 2.45115 
vt 3.6671 2.44049 
vt 3.68745 2.41003 
vt 3.73524 2.39404 
vt 3.73893 2.41033 
vt 3.76188 2.38862 
vt 3.76207 2.3825 
vt 3.76384 2.39716 
vt 3.78107 2.37246 
vt 3.78121 2.37683 
vt 3.80944 2.36071 
vt 3.78149 2.38104 
vt 3.55988 2.41477 
vt 3.58882 2.33894 
vt 3.59976 2.34544 
vt 3.61661 2.31989 
vt 3.60711 2.31057 
vt 3.63008 2.29926 
vt 3.62148 2.29133 
vt 3.6401 2.28269 
vt 3.63339 2.27696 
vt 3.65027 2.26654 
vt 3.6461 2.26255 
vt 3.66402 2.2425 
vt 3.46613 2.46243 
vt 3.45562 2.44013 
vt 3.47002 2.45652 
vt 3.3932 2.37603 
vt 3.37491 2.36723 
vt 3.37623 2.37664 
vt 3.35354 2.3793 
vt 3.57895 2.39998 
vt 3.65008 2.37465 
vt 3.65961 2.39414 
vt 3.68519 2.37744 
vt 3.67904 2.36136 
vt 3.70426 2.36469 
vt 3.69948 2.35231 
vt 3.72384 2.35648 
vt 3.7197 2.34684 
vt 3.74664 2.3478 
vt 3.74487 2.34163 
vt 3.78006 2.33013 
vt 3.44538 2.42597 
vt 3.45562 2.44013 
vt 3.42851 2.44659 
vt 3.46613 2.46243 
vt 3.53155 2.6044 
vt 3.5358 2.59784 
vt 3.52494 2.59638 
vt 3.52766 2.59188 
vt 3.39825 2.43983 
vt 3.43688 2.48049 
vt 3.40443 2.47352 
vt 3.37594 2.47066 
vt 3.42851 2.44659 
vt 3.458 2.48774 
vt 3.36313 2.43787 
vt 3.37075 2.47068 
vt 3.35867 2.44024 
vt 3.35494 2.47641 
vt 3.34575 2.45104 
vt 3.33779 2.48811 
vt 3.33064 2.47416 
vt 3.31267 2.50867 
vt 3.67706 2.39782 
vt 3.66137 2.44157 
vt 3.66048 2.41867 
vt 3.77781 2.36788 
vt 3.75694 2.36996 
vt 3.75445 2.3635 
vt 3.77622 2.36183 
vt 3.80944 2.36071 
vt 3.78107 2.37246 
vt 3.72677 2.3671 
vt 3.76207 2.3825 
vt 3.73156 2.38326 
vt 3.68742 2.37643 
vt 3.64307 2.32863 
vt 3.62265 2.35056 
vt 3.6249 2.32875 
vt 3.64279 2.29507 
vt 3.65932 2.28035 
vt 3.65508 2.27517 
vt 3.66692 2.25599 
vt 3.65426 2.27018 
vt 3.66402 2.2425 
vt 3.65027 2.26654 
vt 3.64799 2.28806 
vt 3.6431 2.28506 
vt 3.6401 2.28269 
vt 3.63585 2.30385 
vt 3.63008 2.29926 
vt 3.6421 2.30792 
vt 3.62438 2.32529 
vt 3.61661 2.31989 
vt 3.63295 2.32951 
vt 3.61189 2.35105 
vt 3.59976 2.34544 
vt 3.55988 2.41477 
vt 3.6222 2.35536 
vt 3.65586 2.52763 
vt 3.63093 2.54628 
vt 3.65008 2.51804 
vt 3.64313 2.51295 
vt 3.37277 2.52197 
vt 3.33959 2.53252 
vt 3.34278 2.51524 
vt 3.30834 2.54764 
vt 3.37655 2.48861 
vt 3.40316 2.51373 
vt 3.40149 2.47188 
vt 3.43148 2.51048 
vt 3.65607 2.39679 
vt 3.67401 2.3776 
vt 3.67706 2.39782 
vt 3.66048 2.41867 
vt 3.6961 2.36966 
vt 3.69384 2.35614 
vt 3.71016 2.34967 
vt 3.70874 2.34144 
vt 3.47503 2.52177 
vt 3.45249 2.53323 
vt 3.46531 2.51148 
vt 3.45298 2.51421 
vt 3.46446 2.52682 
vt 3.45162 2.5017 
vt 3.45652 2.51215 
vt 3.46246 2.51318 
vt 3.46329 2.50334 
vt 3.45071 2.2572 
vt 3.4643 2.28059 
vt 3.46836 2.27626 
vt 3.47128 2.2971 
vt 3.47654 2.2933 
vt 3.4798 2.29043 
vt 3.48426 2.3119 
vt 3.49057 2.30637 
vt 3.47748 2.31695 
vt 3.49585 2.33342 
vt 3.50397 2.32702 
vt 3.4869 2.33868 
vt 3.50869 2.35926 
vt 3.52052 2.35268 
vt 3.55988 2.41477 
vt 3.49858 2.36441 
vt 3.47178 2.53187 
vt 3.46372 2.54543 
vt 3.47503 2.52177 
vt 3.45249 2.53323 
vt 3.43494 2.54274 
vt 3.47848 2.56338 
vt 3.44443 2.5555 
vt 3.4557 2.57046 
vt 3.4261 2.5634 
vt 3.43274 2.57633 
vt 3.41932 2.55124 
vt 3.42748 2.5767 
vt 3.42129 2.56449 
vt 3.41528 2.55338 
vt 3.40411 2.56811 
vt 3.40759 2.57641 
vt 3.40068 2.56059 
vt 3.37406 2.5742 
vt 3.47581 2.33959 
vt 3.52307 2.39195 
vt 3.48888 2.36037 
vt 3.49979 2.35639 
vt 3.49493 2.33762 
vt 3.47388 2.30816 
vt 3.45249 2.53323 
vt 3.43494 2.54274 
vt 3.44045 2.51451 
vt 3.45069 2.50467 
vt 3.42588 2.52751 
vt 3.41932 2.55124 
vt 3.41124 2.54072 
vt 3.41528 2.55338 
vt 3.4077 2.54374 
vt 3.37406 2.5742 
vt 3.39586 2.55444 
vt 3.40068 2.56059 
vt 3.50833 2.61854 
vt 3.48958 2.61828 
vt 3.45549 2.65528 
vt 3.65887 2.36531 
vt 3.65607 2.39679 
vt 3.63745 2.37966 
vt 3.67401 2.3776 
vt 3.69384 2.35614 
vt 3.47608 2.5964 
vt 3.5119 2.58861 
vt 3.50206 2.60931 
vt 3.48092 2.57673 
vt 3.54275 2.60164 
vt 3.52796 2.62225 
vt 3.48544 2.64179 
vt 3.46747 2.62774 
vt 3.50367 2.65167 
vt 3.47186 2.674 
vt 3.46082 2.66683 
vt 3.48299 2.67935 
vt 3.44785 2.71172 
vt 3.48924 2.56037 
vt 3.46839 2.54603 
vt 3.47784 2.53584 
vt 3.50384 2.56096 
vt 3.50334 2.55075 
vt 3.50385 2.5697 
vt 3.51733 2.55567 
vt 3.52111 2.54465 
vt 3.53228 2.54934 
vt 3.51951 2.56044 
vt 3.51359 2.56738 
vt 3.52629 2.55873 
vt 3.52128 2.56378 
vt 3.50213 2.53969 
vt 3.53943 2.56384 
vt 3.49337 2.56265 
vt 3.52649 2.58489 
vt 3.473 2.60964 
vt 3.48958 2.61828 
vt 3.45549 2.65528 
vt 3.58488 2.56551 
vt 3.57354 2.56653 
vt 3.58476 2.5519 
vt 3.57785 2.55349 
vt 3.58106 2.58042 
vt 3.56842 2.57653 
vt 3.57129 2.58845 
vt 3.56042 2.58239 
vt 3.55926 2.59455 
vt 3.55182 2.58621 
vt 3.58476 2.5519 
vt 3.59888 2.56251 
vt 3.58488 2.56551 
vt 3.59197 2.54995 
vt 3.59327 2.5771 
vt 3.59953 2.58378 
vt 3.60579 2.57507 
vt 3.57354 2.56653 
vt 3.56842 2.57653 
vt 3.52629 2.55873 
vt 3.53228 2.54934 
vt 3.57785 2.55349 
vt 3.52128 2.56378 
vt 3.56042 2.58239 
vt 3.50334 2.55075 
vt 3.49388 2.51946 
vt 3.52111 2.54465 
vt 3.62803 2.51992 
vt 3.63161 2.54944 
vt 3.60377 2.54504 
vt 3.59888 2.56251 
vt 3.59197 2.54995 
vt 3.60579 2.57507 
vt 3.55422 2.44436 
vt 3.57056 2.45 
vt 3.54273 2.4676 
vt 3.55427 2.46864 
vt 3.54273 2.4676 
vt 3.5331 2.49376 
vt 3.64526 2.33787 
vt 3.66707 2.35902 
vt 3.64372 2.34303 
vt 3.77867 2.43567 
vt 3.77007 2.45294 
vt 3.76546 2.41475 
vt 3.75331 2.43902 
vt 3.74678 2.43542 
vt 3.7593 2.40873 
vt 3.70413 2.41659 
vt 3.71895 2.38747 
vt 3.65189 2.38147 
vt 3.64283 2.39371 
vt 3.61646 2.38562 
vt 3.63289 2.2995 
vt 3.63824 2.31811 
vt 3.5579 2.29155 
vt 3.58118 2.31773 
vt 3.66188 2.30084 
vt 3.66577 2.31335 
vt 3.6836 2.2983 
vt 3.68614 2.30581 
vt 3.70743 2.29349 
vt 3.51454 2.56744 
vt 3.51442 2.51657 
vt 3.55726 2.5672 
vt 3.50606 2.52041 
vt 3.55095 2.52241 
vt 3.52314 2.59275 
vt 3.56281 2.59098 
vt 3.49379 2.46728 
vt 3.47266 2.45363 
vt 3.47731 2.42039 
vt 3.46781 2.43474 
vt 3.48033 2.46939 
vt 3.49703 2.48128 
vt 3.48763 2.48533 
vt 3.51328 2.47408 
vt 3.53249 2.49128 
vt 3.53043 2.50991 
vt 3.5002 2.33115 
vt 3.4963 2.31765 
vt 3.48696 2.33661 
vt 3.4844 2.32608 
vt 3.47334 2.34581 
vt 3.47168 2.34037 
vt 3.45376 2.36205 
vt 3.6602 2.32664 
vt 3.63521 2.35195 
vt 3.61783 2.32717 
vt 3.58118 2.31773 
vt 3.67884 2.35313 
vt 3.68031 2.32948 
vt 3.70637 2.32825 
vt 3.70527 2.34806 
vt 3.72608 2.34002 
vt 3.72458 2.32813 
vt 3.74287 2.33362 
vt 3.47593 2.35172 
vt 3.53883 2.32294 
vt 3.50682 2.35763 
vt 3.4677 2.327 
vt 3.44044 2.3454 
vt 3.43874 2.32558 
vt 3.41594 2.34222 
vt 3.4183 2.32636 
vt 3.39625 2.3441 
vt 3.39809 2.33237 
vt 3.37286 2.35062 
vt 3.37291 2.34439 
vt 3.33773 2.36638 
vt 3.50329 2.55082 
vt 3.50094 2.51112 
vt 3.5248 2.54651 
vt 3.53043 2.50991 
vt 3.50923 2.57494 
vt 3.52836 2.57319 
vt 3.53812 2.60184 
vt 3.52095 2.60422 
vt 3.55208 2.62733 
vt 3.53896 2.62799 
vt 3.66783 2.43768 
vt 3.64482 2.43893 
vt 3.65055 2.43015 
vt 3.66443 2.4435 
vt 3.69347 2.44645 
vt 3.67171 2.43101 
vt 3.62557 2.43231 
vt 3.6573 2.41958 
vt 3.63332 2.41904 
vt 3.60144 2.41459 
vt 3.6439 2.40298 
vt 3.61094 2.3969 
vt 3.62285 2.36809 
vt 3.57932 2.39831 
vt 3.55907 2.36261 
vt 3.55979 2.38419 
vt 3.55979 2.38419 
vt 3.568 2.41414 
vt 3.5592 2.41297 
vt 3.55526 2.44399 
vt 3.71895 2.38747 
vt 3.65189 2.38147 
vt 3.69231 2.37814 
vt 3.6502 2.49511 
vt 3.6981 2.5208 
vt 3.68011 2.53367 
vt 3.67231 2.48516 
vt 3.72934 2.54107 
vt 3.65621 2.45396 
vt 3.62291 2.45147 
vt 3.62164 2.42539 
vt 3.71482 2.55515 
vt 3.76015 2.56499 
vt 3.76015 2.56499 
vt 3.69676 2.57313 
vt 3.71482 2.55515 
vt 3.74901 2.58486 
vt 3.65215 2.56053 
vt 3.68011 2.53367 
vt 3.61925 2.52838 
vt 3.6502 2.49511 
vt 3.61667 2.47366 
vt 3.60266 2.49716 
vt 3.62291 2.45147 
vt 3.61347 2.32814 
vt 3.61781 2.31521 
vt 3.6281 2.33384 
vt 3.63082 2.32382 
vt 3.64372 2.34303 
vt 3.64526 2.33787 
vt 3.45497 2.44011 
vt 3.46985 2.43308 
vt 3.47569 2.44202 
vt 3.45858 2.44602 
vt 3.45086 2.43335 
vt 3.49346 2.43612 
vt 3.4627 2.42238 
vt 3.48582 2.42267 
vt 3.51769 2.41826 
vt 3.47499 2.40649 
vt 3.50652 2.40164 
vt 3.49289 2.37208 
vt 3.53624 2.40185 
vt 3.55907 2.36261 
vt 3.55979 2.38419 
vt 3.58481 2.51318 
vt 3.61925 2.52838 
vt 3.59278 2.55371 
vt 3.60266 2.49716 
vt 3.62888 2.58468 
vt 3.65215 2.56053 
vt 3.67924 2.60499 
vt 3.69676 2.57313 
vt 3.74086 2.60155 
vt 3.74901 2.58486 
vt 3.57354 2.46907 
vt 3.55281 2.49207 
vt 3.55451 2.46951 
vt 3.55526 2.44399 
vt 3.57189 2.49041 
vt 3.55112 2.51113 
vt 3.535 2.469 
vt 3.52472 2.45923 
vt 3.55526 2.44399 
vt 3.53904 2.44063 
vt 3.55017 2.41603 
vt 3.5592 2.41297 
vt 3.55979 2.38419 
vt 3.57016 2.50874 
vt 3.57189 2.49041 
vt 3.60266 2.49716 
vt 3.5902 2.48688 
vt 3.57354 2.46907 
vt 3.59165 2.46568 
vt 3.55526 2.44399 
vt 3.57649 2.44156 
vt 3.568 2.41414 
vt 3.60791 2.45093 
vt 3.60586 2.47958 
vt 3.61667 2.47366 
vt 3.62291 2.45147 
vt 3.62164 2.42539 
vt 3.33997 2.43487 
vt 3.36084 2.43147 
vt 3.36333 2.44084 
vt 3.30834 2.43561 
vt 3.33671 2.42839 
vt 3.39101 2.44033 
vt 3.35571 2.42011 
vt 3.38622 2.42602 
vt 3.43036 2.43371 
vt 3.38255 2.40761 
vt 3.42937 2.41463 
vt 3.43033 2.38323 
vt 3.46072 2.4291 
vt 3.4946 2.38961 
vt 3.47731 2.42039 
vt 3.58118 2.31773 
vt 3.63521 2.35195 
vt 3.59471 2.35108 
vt 3.58481 2.51318 
vt 3.59278 2.55371 
vt 3.56793 2.51945 
vt 3.55726 2.5672 
vt 3.55095 2.52241 
vt 3.56281 2.59098 
vt 3.59843 2.57432 
vt 3.60427 2.59733 
vt 3.57374 2.61762 
vt 3.4677 2.37384 
vt 3.47465 2.37443 
vt 3.46904 2.39867 
vt 3.46008 2.39631 
vt 3.45667 2.42266 
vt 3.43442 2.29886 
vt 3.45611 2.29721 
vt 3.45506 2.30972 
vt 3.43547 2.29323 
vt 3.41597 2.28992 
vt 3.49297 2.2997 
vt 3.49881 2.31949 
vt 3.53883 2.32294 
vt 3.5579 2.29155 
vt 3.66616 2.37241 
vt 3.65449 2.37056 
vt 3.6511 2.3774 
vt 3.66581 2.38045 
vt 3.65978 2.39779 
vt 3.64628 2.38672 
vt 3.66622 2.40498 
vt 3.66205 2.41358 
vt 3.73839 2.45349 
vt 3.75331 2.43902 
vt 3.74458 2.45636 
vt 3.76281 2.46467 
vt 3.74678 2.43542 
vt 3.77007 2.45294 
vt 3.70413 2.41659 
vt 3.69646 2.44071 
vt 3.64283 2.39371 
vt 3.62164 2.42539 
vt 3.61646 2.38562 
vt 3.568 2.41414 
vt 3.60377 2.44307 
vt 3.57649 2.44156 
vt 3.63675 2.47547 
vt 3.62747 2.45152 
vt 3.62557 2.43231 
vt 3.65325 2.46983 
vt 3.64726 2.45317 
vt 3.64482 2.43893 
vt 3.66787 2.46266 
vt 3.6652 2.45301 
vt 3.66443 2.4435 
vt 3.69347 2.44645 
vt 3.61347 2.32814 
vt 3.6281 2.33384 
vt 3.6352 2.35428 
vt 3.64862 2.35554 
vt 3.64372 2.34303 
vt 3.66707 2.35902 
vt 3.47569 2.44202 
vt 3.45736 2.45552 
vt 3.45858 2.44602 
vt 3.46072 2.4291 
vt 3.46781 2.43474 
vt 3.43036 2.43371 
vt 3.47731 2.42039 
vt 3.42805 2.45058 
vt 3.38867 2.45183 
vt 3.39101 2.44033 
vt 3.36013 2.45241 
vt 3.36333 2.44084 
vt 3.33883 2.44848 
vt 3.34156 2.4399 
vt 3.30834 2.43561 
vt 3.67576 2.48831 
vt 3.68038 2.49063 
vt 3.67608 2.51124 
vt 3.69504 2.49593 
vt 3.69327 2.51544 
vt 3.70654 2.48112 
vt 3.71162 2.49878 
vt 3.71082 2.51376 
vt 3.71008 2.48192 
vt 3.71485 2.49842 
vt 3.71476 2.51162 
vt 3.72532 2.49145 
vt 3.74372 2.48039 
vt 3.72192 2.48223 
vt 3.6909 2.46559 
vt 3.65621 2.45396 
vt 3.69646 2.44071 
vt 3.73839 2.45349 
vt 3.72698 2.47718 
vt 3.67884 2.35313 
vt 3.64618 2.37669 
vt 3.63521 2.35195 
vt 3.61646 2.38562 
vt 3.59471 2.35108 
vt 3.68608 2.36708 
vt 3.70527 2.34806 
vt 3.71128 2.35873 
vt 3.72608 2.34002 
vt 3.73059 2.34819 
vt 3.74602 2.33892 
vt 3.74287 2.33362 
vt 3.76424 2.32244 
vt 3.60596 2.36003 
vt 3.59494 2.32975 
vt 3.61347 2.32814 
vt 3.62082 2.35498 
vt 3.6352 2.35428 
vt 3.45891 2.47998 
vt 3.42394 2.48196 
vt 3.43432 2.49169 
vt 3.40904 2.49949 
vt 3.41579 2.50535 
vt 3.39824 2.52729 
vt 3.5248 2.54651 
vt 3.53043 2.50991 
vt 3.55095 2.52241 
vt 3.55065 2.56104 
vt 3.52836 2.57319 
vt 3.55549 2.58956 
vt 3.53812 2.60184 
vt 3.50682 2.35763 
vt 3.4946 2.38961 
vt 3.47593 2.35172 
vt 3.43077 2.37872 
vt 3.44044 2.3454 
vt 3.41594 2.34222 
vt 3.40695 2.36957 
vt 3.38746 2.36408 
vt 3.39625 2.3441 
vt 3.3672 2.36269 
vt 3.37286 2.35062 
vt 3.33773 2.36638 
vt 3.48763 2.48533 
vt 3.46355 2.49039 
vt 3.45891 2.47998 
vt 3.48033 2.46939 
vt 3.48919 2.49471 
vt 3.43432 2.49169 
vt 3.46621 2.49834 
vt 3.43873 2.49824 
vt 3.41579 2.50535 
vt 3.44183 2.5024 
vt 3.41828 2.50895 
vt 3.39824 2.52729 
vt 3.42018 2.51092 
vt 3.64939 2.37501 
vt 3.63994 2.3757 
vt 3.65841 2.39241 
vt 3.63943 2.3954 
vt 3.65883 2.39584 
vt 3.64679 2.42037 
vt 3.5002 2.33115 
vt 3.49394 2.35834 
vt 3.4806 2.35707 
vt 3.73059 2.34819 
vt 3.74602 2.33892 
vt 3.74994 2.34383 
vt 3.76424 2.32244 
vt 3.73704 2.35619 
vt 3.71128 2.35873 
vt 3.49063 2.57361 
vt 3.49652 2.58856 
vt 3.49317 2.58837 
vt 3.49486 2.57392 
vt 3.4953 2.55484 
vt 3.49056 2.55432 
vt 3.49713 2.53104 
vt 3.49199 2.53042 
vt 3.49969 2.50882 
vt 3.49425 2.50814 
vt 3.6511 2.3774 
vt 3.66581 2.38045 
vt 3.64628 2.38672 
vt 3.55852 2.41103 
vt 3.56596 2.41296 
vt 3.57211 2.39573 
vt 3.57884 2.39999 
vt 3.58882 2.38687 
vt 3.58198 2.38266 
vt 3.59692 2.37251 
vt 3.59012 2.37038 
vt 3.59973 2.34989 
vt 3.5965 2.4259 
vt 3.55736 2.41978 
vt 3.56596 2.41296 
vt 3.60285 2.41625 
vt 3.57884 2.39999 
vt 3.58882 2.38687 
vt 3.60884 2.3998 
vt 3.61067 2.38443 
vt 3.59692 2.37251 
vt 3.60877 2.36912 
vt 3.59973 2.34989 
vt 3.63824 2.31811 
vt 3.64498 2.32556 
vt 3.58118 2.31773 
vt 3.61783 2.32717 
vt 3.67131 2.32163 
vt 3.66577 2.31335 
vt 3.68614 2.30581 
vt 3.68897 2.31137 
vt 3.70743 2.29349 
vt 3.48617 2.41931 
vt 3.51199 2.41369 
vt 3.48756 2.40483 
vt 3.51113 2.39378 
vt 3.49286 2.38554 
vt 3.51167 2.39051 
vt 3.49476 2.38295 
vt 3.504 2.37016 
vt 3.51424 2.37495 
vt 3.51962 2.35248 
vt 3.47543 2.40088 
vt 3.47465 2.37443 
vt 3.46904 2.39867 

usemtl MeshesgokuUltraInstinctHair1Mtl

f 1/1/1 2/2/2 3/3/3 
f 1/1/1 4/4/4 2/2/2 
f 1/1/1 5/5/5 4/4/4 
f 1/1/1 6/6/6 5/5/5 
f 5/5/5 6/6/6 7/7/7 
f 11/11/11 9/9/9 10/10/10 
f 8/8/8 9/9/9 12/12/12 
f 11/11/11 12/12/12 9/9/9 
f 8/8/8 12/12/12 13/13/13 
f 14/14/14 12/12/12 11/11/11 
f 15/15/15 16/16/16 17/17/17 
f 15/15/15 18/18/18 16/16/16 
f 15/15/15 19/19/19 18/18/18 
f 20/20/20 18/18/18 19/19/19 
f 20/20/20 21/21/21 18/18/18 
f 22/22/22 20/20/20 23/23/23 
f 26/26/26 24/24/24 25/25/25 
f 26/26/26 25/25/25 28/28/28 
f 26/26/26 28/28/28 27/27/27 
f 27/27/27 29/29/29 30/30/30 
f 31/31/31 32/32/32 33/33/33 
f 31/31/31 34/34/34 32/32/32 
f 34/34/34 31/31/31 35/35/35 
f 34/34/34 35/35/35 36/36/36 
f 35/35/35 37/37/37 36/36/36 
f 35/35/35 38/38/38 37/37/37 
f 38/38/38 39/39/39 37/37/37 
f 38/38/38 40/40/40 39/39/39 
f 41/41/41 39/39/39 40/40/40 
f 45/45/45 44/44/44 42/42/42 
f 45/45/45 42/42/42 43/43/43 
f 45/45/45 43/43/43 46/46/46 
f 47/47/47 48/48/48 49/49/49 
f 48/48/48 47/47/47 50/50/50 
f 51/51/51 50/50/50 47/47/47 
f 50/50/50 51/51/51 52/52/52 
f 53/53/53 50/50/50 52/52/52 
f 48/48/48 50/50/50 54/54/54 
f 55/55/55 48/48/48 54/54/54 
f 55/55/55 56/56/56 48/48/48 
f 55/55/55 54/54/54 57/57/57 
f 59/59/59 58/58/58 60/60/60 
f 63/63/63 61/61/61 60/60/60 
f 62/62/62 61/61/61 64/64/64 
f 63/63/63 65/65/65 61/61/61 
f 61/61/61 65/65/65 64/64/64 
f 63/63/63 66/66/66 65/65/65 
f 67/67/67 65/65/65 66/66/66 
f 64/64/64 65/65/65 67/67/67 
f 64/64/64 67/67/67 68/68/68 
f 69/69/69 70/70/70 71/71/71 
f 69/69/69 72/72/72 70/70/70 
f 69/69/69 71/71/71 73/73/73 
f 72/72/72 75/75/75 74/74/74 
f 76/76/76 73/73/73 71/71/71 
f 76/76/76 77/77/77 73/73/73 
f 78/78/78 77/77/77 76/76/76 
f 73/73/73 77/77/77 79/79/79 
f 80/80/80 81/81/81 82/82/82 
f 82/82/82 81/81/81 83/83/83 
f 84/84/84 83/83/83 81/81/81 
f 85/85/85 82/82/82 83/83/83 
f 85/85/85 86/86/86 82/82/82 
f 85/85/85 87/87/87 86/86/86 
f 85/85/85 88/88/88 87/87/87 
f 88/88/88 89/89/89 87/87/87 
f 88/88/88 90/90/90 89/89/89 
f 90/90/90 92/92/92 91/91/91 
f 93/93/93 94/94/94 95/95/95 
f 96/96/96 97/97/97 93/93/93 
f 98/98/98 93/93/93 97/97/97 
f 99/99/99 97/97/97 96/96/96 
f 99/99/99 96/96/96 100/100/100 
f 98/98/98 97/97/97 101/101/101 
f 98/98/98 101/101/101 102/102/102 
f 99/99/99 100/100/100 103/103/103 
f 104/104/104 101/101/101 97/97/97 
f 99/99/99 104/104/104 97/97/97 
f 105/105/105 102/102/102 101/101/101 
f 104/104/104 105/105/105 101/101/101 
f 105/105/105 106/106/106 102/102/102 
f 99/99/99 107/107/107 104/104/104 
f 108/108/108 99/99/99 103/103/103 
f 99/99/99 108/108/108 107/107/107 
f 108/108/108 103/103/103 109/109/109 
f 110/110/110 108/108/108 109/109/109 
f 107/107/107 108/108/108 110/110/110 
f 110/110/110 109/109/109 111/111/111 
f 112/112/112 104/104/104 107/107/107 
f 112/112/112 105/105/105 104/104/104 
f 113/113/113 105/105/105 112/112/112 
f 113/113/113 106/106/106 105/105/105 
f 106/106/106 113/113/113 114/114/114 
f 106/106/106 114/114/114 115/115/115 
f 116/116/116 117/117/117 118/118/118 
f 119/119/119 118/118/118 117/117/117 
f 119/119/119 117/117/117 120/120/120 
f 116/116/116 118/118/118 121/121/121 
f 116/116/116 121/121/121 122/122/122 
f 123/123/123 116/116/116 122/122/122 
f 124/124/124 120/120/120 117/117/117 
f 116/116/116 124/124/124 117/117/117 
f 125/125/125 120/120/120 124/124/124 
f 123/123/123 126/126/126 116/116/116 
f 124/124/124 116/116/116 126/126/126 
f 127/127/127 126/126/126 123/123/123 
f 125/125/125 124/124/124 128/128/128 
f 124/124/124 126/126/126 128/128/128 
f 125/125/125 128/128/128 129/129/129 
f 127/127/127 130/130/130 126/126/126 
f 130/130/130 128/128/128 126/126/126 
f 131/131/131 130/130/130 127/127/127 
f 129/129/129 128/128/128 132/132/132 
f 130/130/130 132/132/132 128/128/128 
f 129/129/129 132/132/132 133/133/133 
f 131/131/131 134/134/134 130/130/130 
f 134/134/134 132/132/132 130/130/130 
f 134/134/134 131/131/131 135/135/135 
f 133/133/133 132/132/132 136/136/136 
f 134/134/134 136/136/136 132/132/132 
f 133/133/133 136/136/136 137/137/137 
f 134/134/134 135/135/135 138/138/138 
f 138/138/138 136/136/136 134/134/134 
f 137/137/137 136/136/136 139/139/139 
f 138/138/138 139/139/139 136/136/136 
f 140/140/140 139/139/139 138/138/138 
f 145/145/145 146/146/146 147/147/147 
f 148/148/148 147/147/147 146/146/146 
f 145/145/145 147/147/147 149/149/149 
f 142/142/142 149/149/149 143/143/143 
f 141/141/141 143/143/143 150/150/150 
f 152/152/152 141/141/141 150/150/150 
f 152/152/152 150/150/150 151/151/151 
f 144/144/144 141/141/141 152/152/152 
f 155/155/155 154/154/154 153/153/153 
f 153/153/153 156/156/156 155/155/155 
f 160/160/160 161/161/161 157/157/157 
f 160/160/160 162/162/162 161/161/161 
f 158/158/158 162/162/162 160/160/160 
f 163/163/163 158/158/158 159/159/159 
f 158/158/158 163/163/163 162/162/162 
f 163/163/163 159/159/159 164/164/164 
f 163/163/163 165/165/165 162/162/162 
f 166/166/166 163/163/163 164/164/164 
f 163/163/163 166/166/166 165/165/165 
f 166/166/166 164/164/164 167/167/167 
f 165/165/165 166/166/166 168/168/168 
f 166/166/166 167/167/167 169/169/169 
f 166/166/166 169/169/169 168/168/168 
f 170/170/170 168/168/168 169/169/169 
f 171/171/171 172/172/172 173/173/173 
f 171/171/171 174/174/174 172/172/172 
f 171/171/171 173/173/173 175/175/175 
f 171/171/171 175/175/175 176/176/176 
f 177/177/177 176/176/176 175/175/175 
f 178/178/178 179/179/179 180/180/180 
f 180/180/180 179/179/179 181/181/181 
f 180/180/180 181/181/181 182/182/182 
f 180/180/180 182/182/182 183/183/183 
f 183/183/183 182/182/182 184/184/184 
f 183/183/183 184/184/184 185/185/185 
f 186/186/186 185/185/185 184/184/184 
f 186/186/186 184/184/184 187/187/187 
f 187/187/187 188/188/188 186/186/186 
f 186/186/186 188/188/188 189/189/189 
f 186/186/186 189/189/189 190/190/190 
f 192/192/192 191/191/191 193/193/193 
f 195/195/195 196/196/196 194/194/194 
f 197/197/197 198/198/198 199/199/199 
f 197/197/197 199/199/199 200/200/200 
f 201/201/201 197/197/197 200/200/200 
f 201/201/201 200/200/200 202/202/202 
f 203/203/203 201/201/201 202/202/202 
f 203/203/203 202/202/202 204/204/204 
f 205/205/205 206/206/206 207/207/207 
f 205/205/205 208/208/208 206/206/206 
f 205/205/205 209/209/209 208/208/208 
f 210/210/210 208/208/208 209/209/209 
f 211/211/211 213/213/213 212/212/212 
f 214/214/214 213/213/213 211/211/211 
f 214/214/214 215/215/215 213/213/213 
f 216/216/216 215/215/215 214/214/214 
f 216/216/216 217/217/217 215/215/215 
f 218/218/218 217/217/217 216/216/216 
f 219/219/219 215/215/215 217/217/217 
f 219/219/219 217/217/217 218/218/218 
f 220/220/220 221/221/221 222/222/222 
f 223/223/223 221/221/221 220/220/220 
f 223/223/223 220/220/220 224/224/224 
f 223/223/223 225/225/225 221/221/221 
f 223/223/223 226/226/226 225/225/225 
f 226/226/226 227/227/227 225/225/225 
f 225/225/225 227/227/227 228/228/228 
f 221/221/221 225/225/225 229/229/229 
f 225/225/225 228/228/228 229/229/229 
f 221/221/221 229/229/229 222/222/222 
f 230/230/230 229/229/229 228/228/228 
f 230/230/230 222/222/222 229/229/229 
f 231/231/231 232/232/232 222/222/222 
f 220/220/220 222/222/222 232/232/232 
f 231/231/231 233/233/233 232/232/232 
f 231/231/231 234/234/234 233/233/233 
f 235/235/235 220/220/220 232/232/232 
f 224/224/224 220/220/220 235/235/235 
f 235/235/235 232/232/232 233/233/233 
f 224/224/224 235/235/235 236/236/236 
f 237/237/237 238/238/238 233/233/233 
f 239/239/239 238/238/238 237/237/237 
f 240/240/240 235/235/235 233/233/233 
f 236/236/236 235/235/235 240/240/240 
f 240/240/240 233/233/233 238/238/238 
f 240/240/240 238/238/238 239/239/239 
f 236/236/236 240/240/240 241/241/241 
f 241/241/241 240/240/240 239/239/239 
f 242/242/242 243/243/243 244/244/244 
f 245/245/245 244/244/244 243/243/243 
f 246/246/246 244/244/244 245/245/245 
f 247/247/247 245/245/245 243/243/243 
f 247/247/247 248/248/248 245/245/245 
f 247/247/247 249/249/249 248/248/248 
f 249/249/249 250/250/250 248/248/248 
f 251/251/251 248/248/248 250/250/250 
f 252/252/252 251/251/251 250/250/250 
f 252/252/252 253/253/253 251/251/251 
f 252/252/252 254/254/254 253/253/253 
f 255/255/255 256/256/256 257/257/257 
f 255/255/255 258/258/258 256/256/256 
f 255/255/255 259/259/259 258/258/258 
f 258/258/258 260/260/260 256/256/256 
f 261/261/261 258/258/258 259/259/259 
f 261/261/261 262/262/262 258/258/258 
f 263/263/263 262/262/262 261/261/261 
f 263/263/263 261/261/261 264/264/264 
f 264/264/264 266/266/266 263/263/263 
f 264/264/264 267/267/267 266/266/266 
f 265/265/265 266/266/266 268/268/268 
f 268/268/268 266/266/266 267/267/267 
f 268/268/268 267/267/267 269/269/269 
f 270/270/270 271/271/271 272/272/272 
f 270/270/270 272/272/272 273/273/273 
f 273/273/273 272/272/272 275/275/275 
f 272/272/272 274/274/274 275/275/275 
f 275/275/275 274/274/274 276/276/276 
f 273/273/273 275/275/275 277/277/277 
f 277/277/277 275/275/275 278/278/278 
f 280/280/280 279/279/279 281/281/281 
f 281/281/281 279/279/279 282/282/282 
f 283/283/283 284/284/284 285/285/285 
f 286/286/286 288/288/288 287/287/287 
f 288/288/288 290/290/290 289/289/289 
f 291/291/291 292/292/292 293/293/293 
f 293/293/293 294/294/294 291/291/291 
f 292/292/292 295/295/295 293/293/293 
f 297/297/297 296/296/296 295/295/295 
f 297/297/297 295/295/295 298/298/298 
f 299/299/299 295/295/295 292/292/292 
f 299/299/299 298/298/298 295/295/295 
f 299/299/299 292/292/292 300/300/300 
f 303/303/303 302/302/302 304/304/304 
f 304/304/304 302/302/302 301/301/301 
f 304/304/304 301/301/301 305/305/305 
f 305/305/305 301/301/301 306/306/306 
f 305/305/305 306/306/306 307/307/307 
f 307/307/307 306/306/306 308/308/308 
f 307/307/307 308/308/308 309/309/309 
f 310/310/310 309/309/309 308/308/308 
f 310/310/310 308/308/308 311/311/311 
f 312/312/312 313/313/313 314/314/314 
f 312/312/312 315/315/315 313/313/313 
f 312/312/312 314/314/314 316/316/316 
f 315/315/315 317/317/317 313/313/313 
f 318/318/318 316/316/316 314/314/314 
f 318/318/318 319/319/319 316/316/316 
f 316/316/316 319/319/319 320/320/320 
f 315/315/315 321/321/321 317/317/317 
f 322/322/322 317/317/317 321/321/321 
f 322/322/322 323/323/323 317/317/317 
f 322/322/322 324/324/324 323/323/323 
f 326/326/326 325/325/325 327/327/327 
f 328/328/328 329/329/329 330/330/330 
f 329/329/329 331/331/331 330/330/330 
f 329/329/329 332/332/332 331/331/331 
f 331/331/331 333/333/333 334/334/334 
f 335/335/335 336/336/336 337/337/337 
f 336/336/336 338/338/338 337/337/337 
f 338/338/338 336/336/336 339/339/339 
f 338/338/338 339/339/339 340/340/340 
f 341/341/341 340/340/340 339/339/339 
f 341/341/341 342/342/342 340/340/340 
f 343/343/343 342/342/342 341/341/341 
f 344/344/344 345/345/345 346/346/346 
f 344/344/344 347/347/347 345/345/345 
f 346/346/346 345/345/345 348/348/348 
f 344/344/344 349/349/349 347/347/347 
f 344/344/344 350/350/350 349/349/349 
f 351/351/351 349/349/349 350/350/350 
f 346/346/346 348/348/348 352/352/352 
f 348/348/348 353/353/353 352/352/352 
f 348/348/348 354/354/354 353/353/353 
f 354/354/354 355/355/355 353/353/353 
f 356/356/356 357/357/357 358/358/358 
f 358/358/358 357/357/357 359/359/359 
f 358/358/358 359/359/359 360/360/360 
f 361/361/361 360/360/360 359/359/359 
f 361/361/361 362/362/362 360/360/360 
f 361/361/361 363/363/363 362/362/362 
f 364/364/364 360/360/360 362/362/362 
f 365/365/365 366/366/366 364/364/364 
f 364/364/364 366/366/366 367/367/367 
f 368/368/368 369/369/369 370/370/370 
f 368/368/368 370/370/370 371/371/371 
f 370/370/370 369/369/369 372/372/372 
f 373/373/373 372/372/372 369/369/369 
f 373/373/373 369/369/369 374/374/374 
f 375/375/375 369/369/369 368/368/368 
f 376/376/376 374/374/374 369/369/369 
f 375/375/375 377/377/377 369/369/369 
f 376/376/376 369/369/369 377/377/377 
f 378/378/378 377/377/377 375/375/375 
f 379/379/379 376/376/376 377/377/377 
f 378/378/378 380/380/380 377/377/377 
f 379/379/379 377/377/377 380/380/380 
f 378/378/378 381/381/381 380/380/380 
f 379/379/379 380/380/380 381/381/381 
f 382/382/382 384/384/384 383/383/383 
f 385/385/385 383/383/383 384/384/384 
f 383/383/383 385/385/385 386/386/386 
f 387/387/387 386/386/386 385/385/385 
f 387/387/387 388/388/388 386/386/386 
f 387/387/387 389/389/389 388/388/388 
f 392/392/392 391/391/391 390/390/390 
f 392/392/392 390/390/390 393/393/393 
f 394/394/394 395/395/395 396/396/396 
f 394/394/394 396/396/396 397/397/397 
f 395/395/395 398/398/398 396/396/396 
f 395/395/395 399/399/399 398/398/398 
f 401/401/401 402/402/402 400/400/400 
f 404/404/404 405/405/405 403/403/403 
f 407/407/407 405/405/405 406/406/406 
f 407/407/407 408/408/408 405/405/405 
f 407/407/407 409/409/409 408/408/408 
f 411/411/411 412/412/412 410/410/410 
f 413/413/413 414/414/414 412/412/412 
f 415/415/415 416/416/416 419/419/419 
f 420/420/420 418/418/418 415/415/415 
f 420/420/420 415/415/415 419/419/419 
f 418/418/418 420/420/420 421/421/421 
f 419/419/419 422/422/422 420/420/420 
f 420/420/420 422/422/422 421/421/421 
f 423/423/423 419/419/419 416/416/416 
f 419/419/419 423/423/423 422/422/422 
f 417/417/417 424/424/424 416/416/416 
f 423/423/423 416/416/416 424/424/424 
f 417/417/417 425/425/425 424/424/424 
f 426/426/426 424/424/424 425/425/425 
f 426/426/426 427/427/427 424/424/424 
f 424/424/424 427/427/427 423/423/423 
f 428/428/428 423/423/423 427/427/427 
f 423/423/423 428/428/428 422/422/422 
f 429/429/429 422/422/422 428/428/428 
f 421/421/421 422/422/422 429/429/429 
f 430/430/430 428/428/428 431/431/431 
f 430/430/430 432/432/432 428/428/428 
f 428/428/428 432/432/432 429/429/429 
f 433/433/433 432/432/432 430/430/430 
f 433/433/433 434/434/434 432/432/432 
f 421/421/421 429/429/429 435/435/435 
f 438/438/438 436/436/436 437/437/437 
f 438/438/438 439/439/439 436/436/436 
f 440/440/440 439/439/439 438/438/438 
f 440/440/440 441/441/441 439/439/439 
f 442/442/442 441/441/441 440/440/440 
f 442/442/442 443/443/443 441/441/441 
f 442/442/442 444/444/444 443/443/443 
f 445/445/445 446/446/446 447/447/447 
f 448/448/448 446/446/446 445/445/445 
f 449/449/449 450/450/450 451/451/451 
f 453/453/453 454/454/454 452/452/452 
f 454/454/454 455/455/455 452/452/452 
f 454/454/454 456/456/456 455/455/455 
f 457/457/457 458/458/458 459/459/459 
f 457/457/457 459/459/459 460/460/460 
f 457/457/457 460/460/460 461/461/461 
f 461/461/461 460/460/460 462/462/462 
f 458/458/458 463/463/463 459/459/459 
f 458/458/458 464/464/464 463/463/463 
f 464/464/464 465/465/465 463/463/463 
f 464/464/464 466/466/466 465/465/465 
f 467/467/467 465/465/465 466/466/466 
f 467/467/467 468/468/468 465/465/465 
f 467/467/467 469/469/469 468/468/468 
f 467/467/467 470/470/470 469/469/469 
f 471/471/471 469/469/469 470/470/470 
f 472/472/472 474/474/474 473/473/473 
f 476/476/476 474/474/474 472/472/472 
f 475/475/475 476/476/476 472/472/472 
f 476/476/476 477/477/477 474/474/474 
f 474/474/474 477/477/477 478/478/478 
f 479/479/479 476/476/476 475/475/475 
f 477/477/477 476/476/476 479/479/479 
f 480/480/480 478/478/478 477/477/477 
f 477/477/477 479/479/479 481/481/481 
f 482/482/482 478/478/478 480/480/480 
f 482/482/482 483/483/483 478/478/478 
f 482/482/482 480/480/480 484/484/484 
f 482/482/482 485/485/485 483/483/483 
f 486/486/486 483/483/483 485/485/485 
f 482/482/482 484/484/484 487/487/487 
f 487/487/487 485/485/485 482/482/482 
f 486/486/486 485/485/485 488/488/488 
f 488/488/488 485/485/485 487/487/487 
f 487/487/487 484/484/484 489/489/489 
f 489/489/489 488/488/488 487/487/487 
f 484/484/484 490/490/490 489/489/489 
f 491/491/491 489/489/489 490/490/490 
f 492/492/492 489/489/489 491/491/491 
f 493/493/493 489/489/489 492/492/492 
f 493/493/493 494/494/494 489/489/489 
f 489/489/489 494/494/494 488/488/488 
f 493/493/493 495/495/495 494/494/494 
f 488/488/488 494/494/494 495/495/495 
f 493/493/493 496/496/496 495/495/495 
f 497/497/497 486/486/486 488/488/488 
f 488/488/488 495/495/495 497/497/497 
f 500/500/500 498/498/498 499/499/499 
f 501/501/501 502/502/502 503/503/503 
f 501/501/501 504/504/504 502/502/502 
f 501/501/501 505/505/505 504/504/504 
f 501/501/501 506/506/506 505/505/505 
f 503/503/503 502/502/502 507/507/507 
f 503/503/503 507/507/507 508/508/508 
f 507/507/507 509/509/509 508/508/508 
f 507/507/507 510/510/510 509/509/509 
f 511/511/511 509/509/509 510/510/510 
f 511/511/511 512/512/512 509/509/509 
f 512/512/512 511/511/511 513/513/513 
f 512/512/512 513/513/513 514/514/514 
f 514/514/514 513/513/513 515/515/515 
f 518/518/518 517/517/517 516/516/516 
f 520/520/520 519/519/519 518/518/518 
f 520/520/520 521/521/521 519/519/519 
f 520/520/520 522/522/522 521/521/521 
f 523/523/523 524/524/524 525/525/525 
f 524/524/524 523/523/523 526/526/526 
f 524/524/524 526/526/526 527/527/527 
f 523/523/523 525/525/525 528/528/528 
f 526/526/526 529/529/529 527/527/527 
f 526/526/526 523/523/523 530/530/530 
f 523/523/523 531/531/531 530/530/530 
f 523/523/523 528/528/528 531/531/531 
f 526/526/526 530/530/530 532/532/532 
f 526/526/526 533/533/533 529/529/529 
f 533/533/533 526/526/526 532/532/532 
f 533/533/533 534/534/534 529/529/529 
f 533/533/533 532/532/532 535/535/535 
f 535/535/535 534/534/534 533/533/533 
f 535/535/535 536/536/536 534/534/534 
f 537/537/537 534/534/534 536/536/536 
f 538/538/538 528/528/528 525/525/525 
f 538/538/538 531/531/531 528/528/528 
f 538/538/538 525/525/525 539/539/539 
f 538/538/538 540/540/540 531/531/531 
f 538/538/538 539/539/539 541/541/541 
f 541/541/541 540/540/540 538/538/538 
f 542/542/542 543/543/543 544/544/544 
f 545/545/545 546/546/546 547/547/547 
f 548/548/548 549/549/549 550/550/550 
f 548/548/548 551/551/551 549/549/549 
f 552/552/552 553/553/553 554/554/554 
f 555/555/555 556/556/556 557/557/557 
f 557/557/557 556/556/556 558/558/558 
f 557/557/557 558/558/558 559/559/559 
f 560/560/560 559/559/559 558/558/558 
f 560/560/560 558/558/558 561/561/561 
f 562/562/562 560/560/560 561/561/561 
f 562/562/562 561/561/561 563/563/563 
f 566/566/566 564/564/564 565/565/565 
f 568/568/568 569/569/569 567/567/567 
f 570/570/570 571/571/571 572/572/572 
f 481/481/481 479/479/479 573/573/573 
f 575/575/575 576/576/576 574/574/574 
f 576/576/576 575/575/575 577/577/577 
f 575/575/575 578/578/578 577/577/577 
f 579/579/579 577/577/577 578/578/578 
f 578/578/578 580/580/580 579/579/579 
f 575/575/575 581/581/581 578/578/578 
f 581/581/581 580/580/580 578/578/578 
f 583/583/583 584/584/584 582/582/582 
f 586/586/586 587/587/587 588/588/588 
f 586/586/586 585/585/585 587/587/587 
f 585/585/585 589/589/589 587/587/587 
f 590/590/590 591/591/591 592/592/592 
f 594/594/594 593/593/593 595/595/595 
f 594/594/594 595/595/595 596/596/596 
f 598/598/598 597/597/597 599/599/599 
f 600/600/600 601/601/601 602/602/602 
f 600/600/600 602/602/602 603/603/603 
f 600/600/600 604/604/604 601/601/601 
f 605/605/605 601/601/601 604/604/604 
f 605/605/605 606/606/606 601/601/601 
f 605/605/605 607/607/607 606/606/606 
f 605/605/605 608/608/608 607/607/607 
f 609/609/609 607/607/607 608/608/608 
f 609/609/609 608/608/608 610/610/610 
f 611/611/611 612/612/612 613/613/613 
f 614/614/614 612/612/612 611/611/611 
f 613/613/613 612/612/612 615/615/615 
f 616/616/616 611/611/611 613/613/613 
f 616/616/616 613/613/613 617/617/617 
f 618/618/618 616/616/616 617/617/617 
f 618/618/618 619/619/619 616/616/616 
f 620/620/620 619/619/619 618/618/618 
f 623/623/623 621/621/621 622/622/622 
f 623/623/623 622/622/622 624/624/624 
f 623/623/623 624/624/624 625/625/625 
f 627/627/627 626/626/626 628/628/628 
f 629/629/629 630/630/630 631/631/631 
f 632/632/632 633/633/633 634/634/634 
f 632/632/632 634/634/634 635/635/635 
f 632/632/632 636/636/636 633/633/633 
f 637/637/637 633/633/633 636/636/636 
f 637/637/637 638/638/638 633/633/633 
f 637/637/637 639/639/639 638/638/638 
f 637/637/637 640/640/640 639/639/639 
f 641/641/641 639/639/639 640/640/640 
f 641/641/641 640/640/640 642/642/642 
f 643/643/643 644/644/644 645/645/645 
f 643/643/643 645/645/645 646/646/646 
f 647/647/647 646/646/646 645/645/645 
f 648/648/648 643/643/643 646/646/646 
f 648/648/648 646/646/646 649/649/649 
f 649/649/649 650/650/650 648/648/648 
f 649/649/649 651/651/651 650/650/650 
f 652/652/652 650/650/650 651/651/651 
f 653/653/653 654/654/654 655/655/655 
f 657/657/657 656/656/656 658/658/658 
f 658/658/658 659/659/659 657/657/657 
f 660/660/660 657/657/657 659/659/659 
f 661/661/661 660/660/660 659/659/659 
f 660/660/660 662/662/662 657/657/657 
f 663/663/663 657/657/657 662/662/662 
f 663/663/663 662/662/662 664/664/664 
f 663/663/663 664/664/664 665/665/665 
f 666/666/666 665/665/665 664/664/664 
f 666/666/666 667/667/667 665/665/665 
f 668/668/668 667/667/667 666/666/666 
f 669/669/669 670/670/670 671/671/671 
f 670/670/670 672/672/672 671/671/671 
f 673/673/673 672/672/672 674/674/674 
f 675/675/675 671/671/671 673/673/673 
f 669/669/669 671/671/671 676/676/676 
f 676/676/676 677/677/677 669/669/669 
f 676/676/676 675/675/675 678/678/678 
f 676/676/676 678/678/678 679/679/679 
f 676/676/676 679/679/679 677/677/677 
f 680/680/680 679/679/679 678/678/678 
f 681/681/681 677/677/677 679/679/679 
f 680/680/680 681/681/681 679/679/679 
f 681/681/681 682/682/682 677/677/677 
f 683/683/683 681/681/681 680/680/680 
f 681/681/681 684/684/684 682/682/682 
f 683/683/683 685/685/685 681/681/681 
f 681/681/681 685/685/685 684/684/684 
f 683/683/683 686/686/686 685/685/685 
f 685/685/685 686/686/686 684/684/684 
f 689/689/689 688/688/688 687/687/687 
f 689/689/689 687/687/687 690/690/690 
f 692/692/692 691/691/691 693/693/693 
f 694/694/694 692/692/692 693/693/693 
f 694/694/694 693/693/693 695/695/695 
f 695/695/695 696/696/696 694/694/694 
f 697/697/697 696/696/696 695/695/695 
f 699/699/699 698/698/698 700/700/700 
f 699/699/699 700/700/700 701/701/701 
f 701/701/701 700/700/700 702/702/702 
f 703/703/703 704/704/704 705/705/705 
f 703/703/703 706/706/706 704/704/704 
f 703/703/703 705/705/705 707/707/707 
f 708/708/708 707/707/707 705/705/705 
f 708/708/708 705/705/705 709/709/709 
f 708/708/708 709/709/709 710/710/710 
f 708/708/708 710/710/710 711/711/711 
f 712/712/712 711/711/711 710/710/710 
f 712/712/712 713/713/713 711/711/711 
f 714/714/714 715/715/715 716/716/716 
f 718/718/718 717/717/717 719/719/719 
f 717/717/717 720/720/720 719/719/719 
f 718/718/718 719/719/719 721/721/721 
f 722/722/722 718/718/718 721/721/721 
f 722/722/722 721/721/721 723/723/723 
f 724/724/724 722/722/722 723/723/723 
f 724/724/724 723/723/723 725/725/725 
f 728/728/728 727/727/727 726/726/726 
f 728/728/728 729/729/729 727/727/727 
f 730/730/730 729/729/729 728/728/728 
f 731/731/731 732/732/732 733/733/733 
f 734/734/734 735/735/735 736/736/736 
f 737/737/737 738/738/738 739/739/739 
f 737/737/737 739/739/739 740/740/740 
f 737/737/737 741/741/741 738/738/738 
f 741/741/741 742/742/742 738/738/738 
f 741/741/741 743/743/743 742/742/742 
f 743/743/743 744/744/744 742/742/742 
f 743/743/743 745/745/745 744/744/744 
f 746/746/746 744/744/744 745/745/745 
f 747/747/747 748/748/748 749/749/749 
f 750/750/750 751/751/751 752/752/752 
f 750/750/750 753/753/753 751/751/751 
f 750/750/750 752/752/752 754/754/754 
f 754/754/754 752/752/752 755/755/755 
f 754/754/754 755/755/755 756/756/756 
f 756/756/756 755/755/755 757/757/757 
f 756/756/756 757/757/757 758/758/758 
f 759/759/759 758/758/758 757/757/757 
f 760/760/760 761/761/761 762/762/762 
f 760/760/760 762/762/762 763/763/763 
f 760/760/760 764/764/764 761/761/761 
f 764/764/764 765/765/765 761/761/761 
f 764/764/764 766/766/766 765/765/765 
f 766/766/766 767/767/767 765/765/765 
f 766/766/766 768/768/768 767/767/767 
f 769/769/769 767/767/767 768/768/768 
f 770/770/770 771/771/771 772/772/772 
f 774/774/774 773/773/773 771/771/771 
f 775/775/775 771/771/771 770/770/770 
f 774/774/774 771/771/771 775/775/775 
f 774/774/774 775/775/775 776/776/776 
f 777/777/777 776/776/776 775/775/775 
f 777/777/777 778/778/778 776/776/776 
f 779/779/779 778/778/778 777/777/777 
f 780/780/780 781/781/781 782/782/782 
f 781/781/781 780/780/780 783/783/783 
f 780/780/780 782/782/782 784/784/784 
f 785/785/785 784/784/784 782/782/782 
f 785/785/785 786/786/786 784/784/784 
f 785/785/785 787/787/787 786/786/786 
f 788/788/788 789/789/789 790/790/790 
f 788/788/788 790/790/790 791/791/791 
f 792/792/792 791/791/791 790/790/790 
f 793/793/793 794/794/794 795/795/795 
f 796/796/796 797/797/797 798/798/798 
f 796/796/796 798/798/798 799/799/799 
f 799/799/799 800/800/800 796/796/796 
f 801/801/801 800/800/800 799/799/799 
f 802/802/802 800/800/800 801/801/801 
f 805/805/805 803/803/803 804/804/804 
f 805/805/805 804/804/804 806/806/806 
f 807/807/807 805/805/805 806/806/806 
f 807/807/807 806/806/806 808/808/808 
f 809/809/809 807/807/807 808/808/808 
f 809/809/809 808/808/808 810/810/810 
f 811/811/811 809/809/809 810/810/810 
f 811/811/811 810/810/810 812/812/812 
f 811/811/811 812/812/812 813/813/813 
f 811/811/811 813/813/813 814/814/814 
f 815/815/815 814/814/814 813/813/813 
f 815/815/815 813/813/813 816/816/816 
f 817/817/817 815/815/815 816/816/816 
f 817/817/817 816/816/816 818/818/818 
f 817/817/817 818/818/818 819/819/819 
f 822/822/822 821/821/821 820/820/820 
f 823/823/823 824/824/824 822/822/822 
f 823/823/823 825/825/825 824/824/824 
f 827/827/827 828/828/828 826/826/826 
f 829/829/829 830/830/830 831/831/831 
f 829/829/829 831/831/831 832/832/832 
f 830/830/830 833/833/833 831/831/831 
f 834/834/834 829/829/829 832/832/832 
f 834/834/834 832/832/832 835/835/835 
f 829/829/829 836/836/836 830/830/830 
f 836/836/836 829/829/829 837/837/837 
f 829/829/829 834/834/834 837/837/837 
f 838/838/838 830/830/830 836/836/836 
f 834/834/834 839/839/839 837/837/837 
f 840/840/840 839/839/839 834/834/834 
f 842/842/842 840/840/840 841/841/841 
f 843/843/843 830/830/830 838/838/838 
f 830/830/830 843/843/843 833/833/833 
f 843/843/843 838/838/838 844/844/844 
f 843/843/843 845/845/845 833/833/833 
f 844/844/844 846/846/846 843/843/843 
f 843/843/843 846/846/846 845/845/845 
f 844/844/844 847/847/847 846/846/846 
f 848/848/848 846/846/846 847/847/847 
f 849/849/849 845/845/845 846/846/846 
f 848/848/848 849/849/849 846/846/846 
f 849/849/849 850/850/850 845/845/845 
f 849/849/849 851/851/851 850/850/850 
f 848/848/848 852/852/852 849/849/849 
f 849/849/849 852/852/852 851/851/851 
f 848/848/848 853/853/853 852/852/852 
f 852/852/852 854/854/854 851/851/851 
f 854/854/854 852/852/852 853/853/853 
f 858/858/858 856/856/856 855/855/855 
f 858/858/858 855/855/855 857/857/857 
f 859/859/859 860/860/860 861/861/861 
f 862/862/862 863/863/863 864/864/864 
f 862/862/862 864/864/864 865/865/865 
f 862/862/862 866/866/866 863/863/863 
f 867/867/867 863/863/863 866/866/866 
f 867/867/867 866/866/866 868/868/868 
f 862/862/862 865/865/865 869/869/869 
f 870/870/870 869/869/869 865/865/865 
f 870/870/870 865/865/865 871/871/871 
f 872/872/872 870/870/870 871/871/871 
f 872/872/872 871/871/871 873/873/873 
f 872/872/872 873/873/873 874/874/874 
f 875/875/875 876/876/876 877/877/877 
f 877/877/877 876/876/876 878/878/878 
f 877/877/877 878/878/878 879/879/879 
f 880/880/880 879/879/879 878/878/878 
f 880/880/880 881/881/881 879/879/879 
f 881/881/881 880/880/880 882/882/882 
f 881/881/881 882/882/882 883/883/883 
f 883/883/883 882/882/882 884/884/884 
f 883/883/883 884/884/884 885/885/885 
f 885/885/885 884/884/884 886/886/886 
f 885/885/885 886/886/886 887/887/887 
f 888/888/888 887/887/887 886/886/886 
f 888/888/888 886/886/886 889/889/889 
f 890/890/890 891/891/891 892/892/892 
f 890/890/890 892/892/892 893/893/893 
f 894/894/894 896/896/896 895/895/895 
f 897/897/897 898/898/898 899/899/899 
f 897/897/897 899/899/899 900/900/900 
f 895/895/895 896/896/896 901/901/901 
f 897/897/897 900/900/900 902/902/902 
f 897/897/897 902/902/902 901/901/901 
f 903/903/903 902/902/902 900/900/900 
f 895/895/895 901/901/901 904/904/904 
f 902/902/902 904/904/904 901/901/901 
f 902/902/902 905/905/905 904/904/904 
f 908/908/908 907/907/907 906/906/906 
f 909/909/909 910/910/910 911/911/911 
f 912/912/912 910/910/910 909/909/909 
f 912/912/912 909/909/909 913/913/913 
f 912/912/912 914/914/914 910/910/910 
f 912/912/912 915/915/915 914/914/914 
f 915/915/915 916/916/916 914/914/914 
f 910/910/910 914/914/914 917/917/917 
f 913/913/913 919/919/919 920/920/920 
f 920/920/920 919/919/919 923/923/923 
f 923/923/923 918/918/918 921/921/921 
f 923/923/923 921/921/921 922/922/922 
f 920/920/920 923/923/923 924/924/924 
f 924/924/924 923/923/923 922/922/922 
f 925/925/925 926/926/926 927/927/927 
f 925/925/925 927/927/927 928/928/928 
f 929/929/929 927/927/927 926/926/926 
f 930/930/930 929/929/929 926/926/926 
f 930/930/930 931/931/931 929/929/929 
f 929/929/929 932/932/932 927/927/927 
f 928/928/928 927/927/927 932/932/932 
f 932/932/932 933/933/933 928/928/928 
f 932/932/932 934/934/934 933/933/933 
f 934/934/934 935/935/935 933/933/933 
f 934/934/934 936/936/936 935/935/935 
f 936/936/936 937/937/937 935/935/935 
f 938/938/938 935/935/935 937/937/937 
f 938/938/938 937/937/937 939/939/939 
f 938/938/938 939/939/939 940/940/940 
f 943/943/943 942/942/942 941/941/941 
f 944/944/944 942/942/942 943/943/943 
f 945/945/945 946/946/946 947/947/947 
f 945/945/945 947/947/947 948/948/948 
f 949/949/949 950/950/950 951/951/951 
f 951/951/951 950/950/950 952/952/952 
f 951/951/951 952/952/952 953/953/953 
f 953/953/953 952/952/952 954/954/954 
f 953/953/953 954/954/954 955/955/955 
f 956/956/956 955/955/955 954/954/954 
f 956/956/956 954/954/954 957/957/957 
f 957/957/957 958/958/958 956/956/956 
f 956/956/956 958/958/958 959/959/959 
f 960/960/960 959/959/959 958/958/958 
f 961/961/961 962/962/962 963/963/963 
f 962/962/962 964/964/964 963/963/963 
f 962/962/962 965/965/965 964/964/964 
f 961/961/961 963/963/963 966/966/966 
f 965/965/965 967/967/967 964/964/964 
f 965/965/965 968/968/968 967/967/967 
f 969/969/969 967/967/967 968/968/968 
f 969/969/969 970/970/970 967/967/967 
f 969/969/969 971/971/971 970/970/970 
f 966/966/966 972/972/972 961/961/961 
f 973/973/973 961/961/961 972/972/972 
f 972/972/972 966/966/966 974/974/974 
f 975/975/975 974/974/974 966/966/966 
f 977/977/977 976/976/976 978/978/978 
f 979/979/979 980/980/980 981/981/981 
f 979/979/979 983/983/983 980/980/980 
f 980/980/980 984/984/984 982/982/982 
f 983/983/983 984/984/984 980/980/980 
f 985/985/985 983/983/983 979/979/979 
f 986/986/986 982/982/982 984/984/984 
f 985/985/985 987/987/987 983/983/983 
f 983/983/983 988/988/988 984/984/984 
f 986/986/986 984/984/984 989/989/989 
f 989/989/989 984/984/984 988/988/988 
f 990/990/990 986/986/986 989/989/989 
f 989/989/989 988/988/988 991/991/991 
f 990/990/990 989/989/989 992/992/992 
f 991/991/991 992/992/992 989/989/989 
f 990/990/990 992/992/992 993/993/993 
f 991/991/991 994/994/994 992/992/992 
f 994/994/994 993/993/993 992/992/992 
f 990/990/990 993/993/993 995/995/995 
f 996/996/996 993/993/993 994/994/994 
f 995/995/995 993/993/993 997/997/997 
f 996/996/996 997/997/997 993/993/993 
f 995/995/995 997/997/997 998/998/998 
f 997/997/997 996/996/996 999/999/999 
f 998/998/998 997/997/997 1000/1000/1000 
f 997/997/997 999/999/999 1000/1000/1000 
f 998/998/998 1000/1000/1000 1001/1001/1001 
f 1002/1002/1002 1001/1001/1001 1000/1000/1000 
f 1003/1003/1003 1000/1000/1000 999/999/999 
f 1002/1002/1002 1000/1000/1000 1003/1003/1003 
f 1004/1004/1004 1002/1002/1002 1003/1003/1003 
f 1005/1005/1005 1006/1006/1006 1007/1007/1007 
f 1005/1005/1005 1007/1007/1007 1008/1008/1008 
f 1005/1005/1005 1008/1008/1008 1009/1009/1009 
f 1009/1009/1009 1008/1008/1008 1010/1010/1010 
f 1009/1009/1009 1010/1010/1010 1011/1011/1011 
f 1011/1011/1011 1010/1010/1010 1012/1012/1012 
f 1011/1011/1011 1012/1012/1012 1013/1013/1013 
f 1014/1014/1014 1013/1013/1013 1012/1012/1012 
f 1012/1012/1012 1015/1015/1015 1014/1014/1014 
f 1015/1015/1015 1016/1016/1016 1014/1014/1014 
f 1015/1015/1015 1017/1017/1017 1016/1016/1016 
f 1019/1019/1019 1020/1020/1020 1018/1018/1018 
f 1021/1021/1021 1022/1022/1022 1023/1023/1023 
f 1021/1021/1021 1024/1024/1024 1022/1022/1022 
f 1025/1025/1025 1021/1021/1021 1023/1023/1023 
f 1025/1025/1025 1023/1023/1023 1026/1026/1026 
f 1023/1023/1023 1027/1027/1027 1026/1026/1026 
f 1026/1026/1026 1027/1027/1027 1028/1028/1028 
f 1021/1021/1021 1025/1025/1025 1029/1029/1029 
f 1021/1021/1021 1030/1030/1030 1024/1024/1024 
f 1021/1021/1021 1029/1029/1029 1030/1030/1030 
f 1024/1024/1024 1030/1030/1030 1031/1031/1031 
f 1029/1029/1029 1031/1031/1031 1030/1030/1030 
f 1024/1024/1024 1031/1031/1031 1032/1032/1032 
f 1029/1029/1029 1033/1033/1033 1031/1031/1031 
f 1032/1032/1032 1031/1031/1031 1034/1034/1034 
f 1033/1033/1033 1034/1034/1034 1031/1031/1031 
f 1035/1035/1035 1036/1036/1036 1037/1037/1037 
f 1035/1035/1035 1038/1038/1038 1036/1036/1036 
f 1037/1037/1037 1036/1036/1036 1039/1039/1039 
f 1037/1037/1037 1039/1039/1039 1040/1040/1040 
f 1039/1039/1039 1041/1041/1041 1040/1040/1040 
f 1038/1038/1038 1035/1035/1035 1042/1042/1042 
f 1038/1038/1038 1042/1042/1042 1043/1043/1043 
f 1044/1044/1044 1042/1042/1042 1045/1045/1045 
f 1048/1048/1048 1046/1046/1046 1047/1047/1047 
f 1047/1047/1047 1049/1049/1049 1048/1048/1048 
f 1050/1050/1050 1051/1051/1051 1052/1052/1052 
f 1050/1050/1050 1053/1053/1053 1051/1051/1051 
f 1052/1052/1052 1051/1051/1051 1054/1054/1054 
f 1052/1052/1052 1054/1054/1054 1055/1055/1055 
f 1055/1055/1055 1054/1054/1054 1056/1056/1056 
f 1055/1055/1055 1056/1056/1056 1057/1057/1057 
f 1060/1060/1060 1059/1059/1059 1061/1061/1061 
f 1061/1061/1061 1059/1059/1059 1058/1058/1058 
f 1062/1062/1062 1063/1063/1063 1064/1064/1064 
f 1064/1064/1064 1063/1063/1063 1065/1065/1065 
f 1064/1064/1064 1065/1065/1065 1066/1066/1066 
f 1067/1067/1067 1066/1066/1066 1065/1065/1065 
f 1067/1067/1067 1065/1065/1065 1068/1068/1068 
f 1069/1069/1069 1070/1070/1070 1071/1071/1071 
f 1069/1069/1069 1072/1072/1072 1070/1070/1070 
f 1071/1071/1071 1070/1070/1070 1073/1073/1073 
f 1069/1069/1069 1074/1074/1074 1072/1072/1072 
f 1069/1069/1069 1075/1075/1075 1074/1074/1074 
f 1076/1076/1076 1074/1074/1074 1075/1075/1075 
f 1071/1071/1071 1073/1073/1073 1077/1077/1077 
f 1073/1073/1073 1078/1078/1078 1077/1077/1077 
f 1079/1079/1079 1080/1080/1080 1078/1078/1078 
f 1081/1081/1081 1082/1082/1082 1083/1083/1083 
f 1083/1083/1083 1082/1082/1082 1084/1084/1084 
f 1081/1081/1081 1085/1085/1085 1082/1082/1082 
f 1081/1081/1081 1086/1086/1086 1085/1085/1085 
f 1085/1085/1085 1086/1086/1086 1087/1087/1087 
f 1087/1087/1087 1086/1086/1086 1088/1088/1088 
f 1086/1086/1086 1089/1089/1089 1088/1088/1088 
f 1089/1089/1089 1090/1090/1090 1088/1088/1088 
f 1089/1089/1089 1091/1091/1091 1090/1090/1090 
f 1094/1094/1094 1093/1093/1093 1092/1092/1092 
f 1093/1093/1093 1094/1094/1094 1095/1095/1095 
f 1096/1096/1096 1097/1097/1097 1098/1098/1098 
f 1098/1098/1098 1099/1099/1099 1096/1096/1096 
f 1099/1099/1099 1098/1098/1098 1100/1100/1100 
f 1098/1098/1098 1097/1097/1097 1101/1101/1101 
f 1102/1102/1102 1101/1101/1101 1097/1097/1097 
f 1103/1103/1103 1104/1104/1104 1105/1105/1105 
f 1103/1103/1103 1106/1106/1106 1104/1104/1104 
f 1104/1104/1104 1107/1107/1107 1105/1105/1105 
f 1108/1108/1108 1105/1105/1105 1107/1107/1107 
f 1106/1106/1106 1109/1109/1109 1104/1104/1104 
f 1107/1107/1107 1104/1104/1104 1109/1109/1109 
f 1107/1107/1107 1109/1109/1109 1110/1110/1110 
f 1111/1111/1111 1109/1109/1109 1106/1106/1106 
f 1112/1112/1112 1110/1110/1110 1109/1109/1109 
f 1113/1113/1113 1109/1109/1109 1111/1111/1111 
f 1112/1112/1112 1109/1109/1109 1114/1114/1114 
f 1113/1113/1113 1114/1114/1114 1109/1109/1109 
f 1112/1112/1112 1114/1114/1114 1115/1115/1115 
f 1113/1113/1113 1115/1115/1115 1114/1114/1114 
f 1113/1113/1113 1116/1116/1116 1115/1115/1115 
f 1112/1112/1112 1115/1115/1115 1117/1117/1117 
f 1118/1118/1118 1115/1115/1115 1116/1116/1116 
f 1119/1119/1119 1117/1117/1117 1115/1115/1115 
f 1119/1119/1119 1115/1115/1115 1120/1120/1120 
f 1118/1118/1118 1120/1120/1120 1115/1115/1115 
f 1121/1121/1121 1119/1119/1119 1120/1120/1120 
f 1118/1118/1118 1122/1122/1122 1120/1120/1120 
f 1121/1121/1121 1120/1120/1120 1122/1122/1122 
f 1118/1118/1118 1123/1123/1123 1122/1122/1122 
f 1121/1121/1121 1122/1122/1122 1124/1124/1124 
f 1123/1123/1123 1124/1124/1124 1122/1122/1122 
f 1125/1125/1125 1126/1126/1126 1127/1127/1127 
f 1125/1125/1125 1128/1128/1128 1126/1126/1126 
f 1129/1129/1129 1125/1125/1125 1127/1127/1127 
f 1129/1129/1129 1127/1127/1127 1130/1130/1130 
f 1131/1131/1131 1129/1129/1129 1130/1130/1130 
f 1131/1131/1131 1130/1130/1130 1132/1132/1132 
f 1133/1133/1133 1131/1131/1131 1132/1132/1132 
f 1133/1133/1133 1132/1132/1132 1134/1134/1134 
f 1133/1133/1133 1134/1134/1134 1135/1135/1135 
f 1133/1133/1133 1135/1135/1135 1136/1136/1136 
f 1139/1139/1139 1140/1140/1140 1138/1138/1138 
f 1137/1137/1137 1138/1138/1138 1140/1140/1140 
f 1141/1141/1141 1137/1137/1137 1140/1140/1140 
f 1137/1137/1137 1141/1141/1141 1142/1142/1142 
f 1137/1137/1137 1142/1142/1142 1143/1143/1143 
f 1144/1144/1144 1145/1145/1145 1146/1146/1146 
f 1145/1145/1145 1144/1144/1144 1147/1147/1147 
f 1144/1144/1144 1146/1146/1146 1148/1148/1148 
f 1145/1145/1145 1147/1147/1147 1149/1149/1149 
f 1150/1150/1150 1148/1148/1148 1146/1146/1146 
f 1149/1149/1149 1147/1147/1147 1151/1151/1151 
f 1149/1149/1149 1151/1151/1151 1152/1152/1152 
f 1153/1153/1153 1152/1152/1152 1151/1151/1151 
f 1150/1150/1150 1146/1146/1146 1154/1154/1154 
f 1155/1155/1155 1150/1150/1150 1154/1154/1154 
f 1155/1155/1155 1154/1154/1154 1156/1156/1156 
f 1158/1158/1158 1159/1159/1159 1157/1157/1157 
f 1161/1161/1161 1160/1160/1160 1162/1162/1162 
f 1161/1161/1161 1162/1162/1162 1163/1163/1163 
f 1161/1161/1161 1163/1163/1163 1164/1164/1164 
f 1165/1165/1165 1164/1164/1164 1163/1163/1163 
f 1165/1165/1165 1163/1163/1163 1166/1166/1166 
f 1167/1167/1167 1165/1165/1165 1166/1166/1166 
f 1168/1168/1168 1169/1169/1169 1170/1170/1170 
f 1169/1169/1169 1171/1171/1171 1170/1170/1170 
f 1172/1172/1172 1173/1173/1173 1174/1174/1174 
f 1174/1174/1174 1175/1175/1175 1172/1172/1172 
f 1174/1174/1174 1176/1176/1176 1175/1175/1175 
f 1172/1172/1172 1177/1177/1177 1173/1173/1173 
f 1178/1178/1178 1179/1179/1179 1180/1180/1180 
f 1181/1181/1181 1182/1182/1182 1183/1183/1183 
f 1183/1183/1183 1184/1184/1184 1181/1181/1181 
f 1183/1183/1183 1185/1185/1185 1184/1184/1184 
f 1181/1181/1181 1186/1186/1186 1182/1182/1182 
f 1186/1186/1186 1187/1187/1187 1182/1182/1182 
f 1186/1186/1186 1188/1188/1188 1187/1187/1187 
f 1189/1189/1189 1190/1190/1190 1191/1191/1191 
f 1192/1192/1192 1193/1193/1193 1194/1194/1194 
f 1192/1192/1192 1194/1194/1194 1195/1195/1195 
f 1196/1196/1196 1195/1195/1195 1194/1194/1194 
f 1192/1192/1192 1197/1197/1197 1193/1193/1193 
f 1198/1198/1198 1196/1196/1196 1194/1194/1194 
f 1198/1198/1198 1194/1194/1194 1193/1193/1193 
f 1197/1197/1197 1199/1199/1199 1193/1193/1193 
f 1198/1198/1198 1193/1193/1193 1199/1199/1199 
f 1198/1198/1198 1199/1199/1199 1200/1200/1200 
f 1197/1197/1197 1201/1201/1201 1199/1199/1199 
f 1202/1202/1202 1200/1200/1200 1199/1199/1199 
f 1202/1202/1202 1199/1199/1199 1204/1204/1204 
f 1203/1203/1203 1204/1204/1204 1199/1199/1199 
f 1206/1206/1206 1207/1207/1207 1205/1205/1205 
f 1208/1208/1208 1209/1209/1209 1210/1210/1210 
f 1208/1208/1208 1210/1210/1210 1211/1211/1211 
f 1208/1208/1208 1212/1212/1212 1209/1209/1209 
f 1213/1213/1213 1214/1214/1214 1215/1215/1215 
f 1213/1213/1213 1216/1216/1216 1214/1214/1214 
f 1217/1217/1217 1216/1216/1216 1213/1213/1213 
f 1217/1217/1217 1218/1218/1218 1216/1216/1216 
f 1219/1219/1219 1218/1218/1218 1217/1217/1217 
f 1219/1219/1219 1220/1220/1220 1218/1218/1218 
f 1221/1221/1221 1222/1222/1222 1223/1223/1223 
f 1221/1221/1221 1224/1224/1224 1222/1222/1222 
f 1221/1221/1221 1223/1223/1223 1225/1225/1225 
f 1224/1224/1224 1226/1226/1226 1222/1222/1222 
f 1224/1224/1224 1227/1227/1227 1226/1226/1226 
f 1223/1223/1223 1228/1228/1228 1225/1225/1225 
f 1225/1225/1225 1228/1228/1228 1229/1229/1229 
f 1225/1225/1225 1229/1229/1229 1230/1230/1230 
f 1231/1231/1231 1230/1230/1230 1229/1229/1229 
f 1231/1231/1231 1229/1229/1229 1232/1232/1232 
f 1231/1231/1231 1232/1232/1232 1233/1233/1233 
f 1234/1234/1234 1235/1235/1235 1236/1236/1236 
f 1236/1236/1236 1235/1235/1235 1237/1237/1237 
f 1236/1236/1236 1237/1237/1237 1238/1238/1238 
f 1239/1239/1239 1238/1238/1238 1237/1237/1237 
f 1239/1239/1239 1240/1240/1240 1238/1238/1238 
f 1240/1240/1240 1239/1239/1239 1241/1241/1241 
f 1240/1240/1240 1241/1241/1241 1242/1242/1242 
f 1241/1241/1241 1243/1243/1243 1242/1242/1242 
f 1241/1241/1241 1244/1244/1244 1243/1243/1243 
f 1245/1245/1245 1246/1246/1246 1247/1247/1247 
f 1247/1247/1247 1248/1248/1248 1245/1245/1245 
f 1249/1249/1249 1247/1247/1247 1246/1246/1246 
f 1250/1250/1250 1251/1251/1251 1252/1252/1252 
f 1253/1253/1253 1254/1254/1254 1255/1255/1255 
f 1256/1256/1256 1253/1253/1253 1255/1255/1255 
f 1257/1257/1257 1254/1254/1254 1253/1253/1253 
f 1258/1258/1258 1254/1254/1254 1257/1257/1257 
f 1255/1255/1255 1254/1254/1254 1259/1259/1259 
f 1259/1259/1259 1254/1254/1254 1258/1258/1258 
f 1255/1255/1255 1259/1259/1259 1260/1260/1260 
f 1258/1258/1258 1261/1261/1261 1259/1259/1259 
f 1263/1263/1263 1262/1262/1262 1264/1264/1264 
f 1263/1263/1263 1264/1264/1264 1265/1265/1265 
f 1267/1267/1267 1266/1266/1266 1268/1268/1268 
f 1269/1269/1269 1270/1270/1270 1271/1271/1271 
f 1269/1269/1269 1271/1271/1271 1272/1272/1272 
f 1275/1275/1275 1273/1273/1273 1274/1274/1274 
f 1275/1275/1275 1274/1274/1274 1276/1276/1276 
f 1277/1277/1277 1275/1275/1275 1276/1276/1276 
f 1277/1277/1277 1276/1276/1276 1278/1278/1278 
f 1277/1277/1277 1278/1278/1278 1279/1279/1279 
f 1277/1277/1277 1279/1279/1279 1280/1280/1280 
f 1281/1281/1281 1280/1280/1280 1279/1279/1279 
f 1281/1281/1281 1279/1279/1279 1282/1282/1282 
f 1283/1283/1283 1281/1281/1281 1282/1282/1282 
f 1283/1283/1283 1282/1282/1282 1284/1284/1284 
f 1283/1283/1283 1284/1284/1284 1285/1285/1285 
f 1286/1286/1286 1287/1287/1287 1288/1288/1288 
f 1286/1286/1286 1289/1289/1289 1287/1287/1287 
f 1286/1286/1286 1290/1290/1290 1289/1289/1289 
f 1291/1291/1291 1289/1289/1289 1290/1290/1290 
f 1291/1291/1291 1292/1292/1292 1289/1289/1289 
f 1291/1291/1291 1293/1293/1293 1292/1292/1292 
f 1291/1291/1291 1294/1294/1294 1293/1293/1293 
f 1294/1294/1294 1295/1295/1295 1293/1293/1293 
f 1294/1294/1294 1296/1296/1296 1295/1295/1295 
f 1296/1296/1296 1297/1297/1297 1295/1295/1295 
f 1300/1300/1300 1299/1299/1299 1301/1301/1301 
f 1300/1300/1300 1302/1302/1302 1298/1298/1298 
f 1300/1300/1300 1303/1303/1303 1302/1302/1302 
f 1304/1304/1304 1302/1302/1302 1303/1303/1303 
f 1303/1303/1303 1305/1305/1305 1304/1304/1304 
f 1306/1306/1306 1305/1305/1305 1303/1303/1303 
f 1306/1306/1306 1303/1303/1303 1307/1307/1307 
f 1306/1306/1306 1307/1307/1307 1308/1308/1308 
f 1306/1306/1306 1308/1308/1308 1309/1309/1309 
f 1310/1310/1310 1309/1309/1309 1308/1308/1308 
f 1310/1310/1310 1311/1311/1311 1309/1309/1309 
f 1312/1312/1312 1311/1311/1311 1310/1310/1310 
f 1313/1313/1313 1314/1314/1314 1315/1315/1315 
f 1313/1313/1313 1315/1315/1315 1316/1316/1316 
f 1313/1313/1313 1316/1316/1316 1317/1317/1317 
f 1317/1317/1317 1316/1316/1316 1318/1318/1318 
f 1313/1313/1313 1319/1319/1319 1314/1314/1314 
f 1319/1319/1319 1320/1320/1320 1314/1314/1314 
f 1319/1319/1319 1321/1321/1321 1320/1320/1320 
f 1322/1322/1322 1320/1320/1320 1321/1321/1321 
f 1323/1323/1323 1325/1325/1325 1324/1324/1324 
f 1326/1326/1326 1328/1328/1328 1327/1327/1327 
f 1326/1326/1326 1329/1329/1329 1328/1328/1328 
f 1328/1328/1328 1329/1329/1329 1330/1330/1330 
f 1328/1328/1328 1330/1330/1330 1331/1331/1331 
f 1330/1330/1330 1332/1332/1332 1331/1331/1331 
f 1334/1334/1334 1333/1333/1333 1335/1335/1335 
f 1335/1335/1335 1336/1336/1336 1334/1334/1334 
f 1334/1334/1334 1336/1336/1336 1337/1337/1337 
f 1337/1337/1337 1338/1338/1338 1334/1334/1334 
f 1339/1339/1339 1338/1338/1338 1337/1337/1337 
f 1340/1340/1340 1341/1341/1341 1342/1342/1342 
f 1345/1345/1345 1344/1344/1344 1343/1343/1343 
f 1346/1346/1346 1347/1347/1347 1348/1348/1348 
f 1348/1348/1348 1347/1347/1347 1349/1349/1349 
f 1348/1348/1348 1349/1349/1349 1350/1350/1350 
f 1350/1350/1350 1349/1349/1349 1351/1351/1351 
f 1352/1352/1352 1349/1349/1349 1347/1347/1347 
f 1352/1352/1352 1347/1347/1347 1354/1354/1354 
f 1352/1352/1352 1354/1354/1354 1353/1353/1353 
f 1346/1346/1346 1354/1354/1354 1347/1347/1347 
f 1355/1355/1355 1353/1353/1353 1354/1354/1354 
f 1346/1346/1346 1356/1356/1356 1354/1354/1354 
f 1355/1355/1355 1354/1354/1354 1356/1356/1356 
f 1346/1346/1346 1357/1357/1357 1356/1356/1356 
f 1357/1357/1357 1358/1358/1358 1356/1356/1356 
f 1357/1357/1357 1359/1359/1359 1358/1358/1358 
f 1360/1360/1360 1361/1361/1361 1362/1362/1362 
f 1364/1364/1364 1363/1363/1363 1365/1365/1365 
f 1365/1365/1365 1366/1366/1366 1364/1364/1364 
f 1365/1365/1365 1363/1363/1363 1367/1367/1367 
f 1366/1366/1366 1365/1365/1365 1367/1367/1367 
f 1366/1366/1366 1367/1367/1367 1368/1368/1368 
f 1369/1369/1369 1370/1370/1370 1371/1371/1371 
f 1369/1369/1369 1371/1371/1371 1372/1372/1372 
f 1369/1369/1369 1372/1372/1372 1373/1373/1373 
f 1372/1372/1372 1371/1371/1371 1374/1374/1374 
f 1375/1375/1375 1373/1373/1373 1372/1372/1372 
f 1375/1375/1375 1372/1372/1372 1376/1376/1376 
f 1377/1377/1377 1375/1375/1375 1376/1376/1376 
f 1377/1377/1377 1378/1378/1378 1375/1375/1375 
f 1378/1378/1378 1377/1377/1377 1380/1380/1380 
f 1378/1378/1378 1380/1380/1380 1381/1381/1381 
f 1379/1379/1379 1382/1382/1382 1380/1380/1380 
f 1382/1382/1382 1381/1381/1381 1380/1380/1380 
f 1382/1382/1382 1383/1383/1383 1381/1381/1381 
f 1384/1384/1384 1385/1385/1385 1386/1386/1386 
f 1384/1384/1384 1387/1387/1387 1385/1385/1385 
f 1388/1388/1388 1387/1387/1387 1384/1384/1384 
f 1389/1389/1389 1385/1385/1385 1387/1387/1387 
f 1389/1389/1389 1390/1390/1390 1385/1385/1385 
f 1391/1391/1391 1385/1385/1385 1390/1390/1390 
f 1391/1391/1391 1390/1390/1390 1392/1392/1392 
f 1389/1389/1389 1387/1387/1387 1393/1393/1393 
f 1388/1388/1388 1393/1393/1393 1387/1387/1387 
f 1389/1389/1389 1393/1393/1393 1394/1394/1394 
f 1388/1388/1388 1395/1395/1395 1393/1393/1393 
f 1394/1394/1394 1393/1393/1393 1395/1395/1395 
f 1394/1394/1394 1395/1395/1395 1396/1396/1396 
f 1397/1397/1397 1395/1395/1395 1388/1388/1388 
f 1398/1398/1398 1396/1396/1396 1395/1395/1395 
f 1399/1399/1399 1395/1395/1395 1397/1397/1397 
f 1398/1398/1398 1395/1395/1395 1399/1399/1399 
f 1400/1400/1400 1399/1399/1399 1397/1397/1397 
f 1401/1401/1401 1398/1398/1398 1399/1399/1399 
f 1400/1400/1400 1402/1402/1402 1399/1399/1399 
f 1401/1401/1401 1399/1399/1399 1402/1402/1402 
f 1403/1403/1403 1402/1402/1402 1400/1400/1400 
f 1401/1401/1401 1402/1402/1402 1403/1403/1403 
f 1404/1404/1404 1405/1405/1405 1406/1406/1406 
f 1407/1407/1407 1404/1404/1404 1406/1406/1406 
f 1407/1407/1407 1408/1408/1408 1404/1404/1404 
f 1407/1407/1407 1406/1406/1406 1409/1409/1409 
f 1407/1407/1407 1409/1409/1409 1410/1410/1410 
f 1410/1410/1410 1409/1409/1409 1411/1411/1411 
f 1409/1409/1409 1412/1412/1412 1411/1411/1411 
f 1406/1406/1406 1413/1413/1413 1409/1409/1409 
f 1409/1409/1409 1413/1413/1413 1412/1412/1412 
f 1406/1406/1406 1405/1405/1405 1413/1413/1413 
f 1414/1414/1414 1405/1405/1405 1415/1415/1415 
f 1404/1404/1404 1415/1415/1415 1405/1405/1405 
f 1414/1414/1414 1415/1415/1415 1416/1416/1416 
f 1414/1414/1414 1416/1416/1416 1417/1417/1417 
f 1418/1418/1418 1415/1415/1415 1404/1404/1404 
f 1408/1408/1408 1418/1418/1418 1404/1404/1404 
f 1418/1418/1418 1416/1416/1416 1415/1415/1415 
f 1408/1408/1408 1419/1419/1419 1418/1418/1418 
f 1420/1420/1420 1417/1417/1417 1416/1416/1416 
f 1420/1420/1420 1416/1416/1416 1421/1421/1421 
f 1422/1422/1422 1420/1420/1420 1421/1421/1421 
f 1423/1423/1423 1416/1416/1416 1418/1418/1418 
f 1419/1419/1419 1423/1423/1423 1418/1418/1418 
f 1423/1423/1423 1421/1421/1421 1416/1416/1416 
f 1423/1423/1423 1422/1422/1422 1421/1421/1421 
f 1419/1419/1419 1424/1424/1424 1423/1423/1423 
f 1424/1424/1424 1422/1422/1422 1423/1423/1423 
f 1425/1425/1425 1426/1426/1426 1427/1427/1427 
f 1426/1426/1426 1425/1425/1425 1428/1428/1428 
f 1427/1427/1427 1426/1426/1426 1429/1429/1429 
f 1429/1429/1429 1426/1426/1426 1430/1430/1430 
f 1430/1430/1430 1431/1431/1431 1429/1429/1429 
f 1432/1432/1432 1429/1429/1429 1431/1431/1431 
f 1433/1433/1433 1432/1432/1432 1431/1431/1431 
f 1432/1432/1432 1434/1434/1434 1429/1429/1429 
f 1435/1435/1435 1427/1427/1427 1429/1429/1429 
f 1435/1435/1435 1429/1429/1429 1434/1434/1434 
f 1435/1435/1435 1436/1436/1436 1427/1427/1427 
f 1435/1435/1435 1434/1434/1434 1437/1437/1437 
f 1438/1438/1438 1436/1436/1436 1435/1435/1435 
f 1435/1435/1435 1437/1437/1437 1438/1438/1438 
f 1438/1438/1438 1439/1439/1439 1436/1436/1436 
f 1440/1440/1440 1438/1438/1438 1437/1437/1437 
f 1441/1441/1441 1439/1439/1439 1438/1438/1438 
f 1440/1440/1440 1441/1441/1441 1438/1438/1438 
f 1443/1443/1443 1441/1441/1441 1440/1440/1440 
f 1443/1443/1443 1442/1442/1442 1441/1441/1441 
f 1444/1444/1444 1446/1446/1446 1445/1445/1445 
f 1444/1444/1444 1448/1448/1448 1446/1446/1446 
f 1447/1447/1447 1448/1448/1448 1444/1444/1444 
f 1447/1447/1447 1449/1449/1449 1448/1448/1448 
f 1450/1450/1450 1449/1449/1449 1447/1447/1447 
f 1452/1452/1452 1451/1451/1451 1453/1453/1453 
f 1455/1455/1455 1454/1454/1454 1453/1453/1453 
f 1455/1455/1455 1453/1453/1453 1456/1456/1456 
f 1455/1455/1455 1456/1456/1456 1457/1457/1457 
f 1458/1458/1458 1459/1459/1459 1460/1460/1460 
f 1458/1458/1458 1461/1461/1461 1459/1459/1459 
f 1460/1460/1460 1459/1459/1459 1462/1462/1462 
f 1460/1460/1460 1462/1462/1462 1463/1463/1463 
f 1462/1462/1462 1464/1464/1464 1463/1463/1463 
f 1462/1462/1462 1465/1465/1465 1464/1464/1464 
f 1466/1466/1466 1464/1464/1464 1465/1465/1465 
f 1466/1466/1466 1467/1467/1467 1464/1464/1464 
f 1466/1466/1466 1468/1468/1468 1467/1467/1467 
f 1469/1469/1469 1470/1470/1470 1471/1471/1471 
f 1471/1471/1471 1472/1472/1472 1469/1469/1469 
f 1473/1473/1473 1471/1471/1471 1470/1470/1470 
f 1469/1469/1469 1472/1472/1472 1474/1474/1474 
f 1470/1470/1470 1475/1475/1475 1473/1473/1473 
f 1475/1475/1475 1476/1476/1476 1473/1473/1473 
f 1477/1477/1477 1473/1473/1473 1476/1476/1476 
f 1478/1478/1478 1474/1474/1474 1472/1472/1472 
f 1478/1478/1478 1472/1472/1472 1479/1479/1479 
f 1478/1478/1478 1479/1479/1479 1480/1480/1480 
f 1481/1481/1481 1483/1483/1483 1482/1482/1482 
f 1481/1481/1481 1484/1484/1484 1483/1483/1483 
f 1485/1485/1485 1483/1483/1483 1484/1484/1484 
f 1485/1485/1485 1486/1486/1486 1483/1483/1483 
f 1485/1485/1485 1487/1487/1487 1486/1486/1486 
f 1488/1488/1488 1489/1489/1489 1490/1490/1490 
f 1488/1488/1488 1491/1491/1491 1489/1489/1489 
f 1490/1490/1490 1489/1489/1489 1492/1492/1492 
f 1490/1490/1490 1492/1492/1492 1493/1493/1493 
f 1494/1494/1494 1496/1496/1496 1495/1495/1495 
f 1498/1498/1498 1497/1497/1497 1499/1499/1499 
f 1498/1498/1498 1499/1499/1499 1500/1500/1500 
f 1501/1501/1501 1500/1500/1500 1499/1499/1499 
f 1502/1502/1502 1503/1503/1503 1504/1504/1504 
f 1504/1504/1504 1503/1503/1503 1505/1505/1505 
f 1504/1504/1504 1505/1505/1505 1506/1506/1506 
f 1505/1505/1505 1507/1507/1507 1506/1506/1506 
f 1505/1505/1505 1508/1508/1508 1507/1507/1507 
f 1509/1509/1509 1510/1510/1510 1511/1511/1511 
f 1512/1512/1512 1511/1511/1511 1510/1510/1510 
f 1512/1512/1512 1513/1513/1513 1511/1511/1511 
f 1514/1514/1514 1513/1513/1513 1512/1512/1512 
f 1515/1515/1515 1516/1516/1516 1517/1517/1517 
f 1518/1518/1518 1519/1519/1519 1520/1520/1520 
f 1521/1521/1521 1519/1519/1519 1518/1518/1518 
f 1520/1520/1520 1519/1519/1519 1522/1522/1522 
f 1521/1521/1521 1522/1522/1522 1519/1519/1519 
f 1521/1521/1521 1523/1523/1523 1522/1522/1522 
f 1520/1520/1520 1522/1522/1522 1524/1524/1524 
f 1525/1525/1525 1522/1522/1522 1523/1523/1523 
f 1525/1525/1525 1526/1526/1526 1522/1522/1522 
f 1525/1525/1525 1527/1527/1527 1526/1526/1526 
f 1528/1528/1528 1527/1527/1527 1525/1525/1525 
f 1531/1531/1531 1532/1532/1532 1529/1529/1529 
f 1532/1532/1532 1530/1530/1530 1529/1529/1529 
f 1532/1532/1532 1533/1533/1533 1530/1530/1530 
f 1533/1533/1533 1534/1534/1534 1530/1530/1530 
f 1533/1533/1533 1535/1535/1535 1534/1534/1534 
f 1535/1535/1535 1536/1536/1536 1534/1534/1534 
f 1535/1535/1535 1537/1537/1537 1536/1536/1536 
f 1538/1538/1538 1536/1536/1536 1537/1537/1537 
f 1540/1540/1540 1539/1539/1539 1541/1541/1541 
f 1542/1542/1542 1540/1540/1540 1541/1541/1541 
f 1542/1542/1542 1541/1541/1541 1544/1544/1544 
f 1544/1544/1544 1541/1541/1541 1543/1543/1543 
f 1542/1542/1542 1544/1544/1544 1545/1545/1545 
f 1544/1544/1544 1543/1543/1543 1546/1546/1546 
f 1544/1544/1544 1546/1546/1546 1545/1545/1545 
f 1547/1547/1547 1548/1548/1548 1549/1549/1549 
f 1550/1550/1550 1549/1549/1549 1548/1548/1548 
f 1551/1551/1551 1549/1549/1549 1550/1550/1550 
f 1550/1550/1550 1548/1548/1548 1552/1552/1552 
f 1547/1547/1547 1553/1553/1553 1548/1548/1548 
f 1552/1552/1552 1548/1548/1548 1553/1553/1553 
f 1547/1547/1547 1554/1554/1554 1553/1553/1553 
f 1552/1552/1552 1553/1553/1553 1555/1555/1555 
f 1556/1556/1556 1553/1553/1553 1554/1554/1554 
f 1556/1556/1556 1557/1557/1557 1553/1553/1553 
f 1557/1557/1557 1555/1555/1555 1553/1553/1553 
f 1558/1558/1558 1557/1557/1557 1556/1556/1556 
f 1555/1555/1555 1557/1557/1557 1559/1559/1559 
f 1558/1558/1558 1559/1559/1559 1557/1557/1557 
f 1555/1555/1555 1559/1559/1559 1560/1560/1560 
f 1558/1558/1558 1561/1561/1561 1559/1559/1559 
f 1560/1560/1560 1559/1559/1559 1561/1561/1561 
f 1560/1560/1560 1561/1561/1561 1562/1562/1562 
f 1563/1563/1563 1561/1561/1561 1558/1558/1558 
f 1562/1562/1562 1561/1561/1561 1564/1564/1564 
f 1563/1563/1563 1564/1564/1564 1561/1561/1561 
f 1565/1565/1565 1564/1564/1564 1563/1563/1563 
f 1565/1565/1565 1563/1563/1563 1566/1566/1566 
f 1569/1569/1569 1568/1568/1568 1570/1570/1570 
f 1567/1567/1567 1570/1570/1570 1568/1568/1568 
f 1567/1567/1567 1571/1571/1571 1570/1570/1570 
f 1572/1572/1572 1571/1571/1571 1567/1567/1567 
f 1572/1572/1572 1573/1573/1573 1571/1571/1571 
f 1574/1574/1574 1573/1573/1573 1572/1572/1572 
f 1574/1574/1574 1572/1572/1572 1575/1575/1575 
f 1574/1574/1574 1575/1575/1575 1576/1576/1576 
f 1574/1574/1574 1576/1576/1576 1577/1577/1577 
f 1578/1578/1578 1577/1577/1577 1576/1576/1576 
f 1578/1578/1578 1576/1576/1576 1579/1579/1579 
f 1580/1580/1580 1581/1581/1581 1582/1582/1582 
f 1580/1580/1580 1582/1582/1582 1583/1583/1583 
f 1581/1581/1581 1584/1584/1584 1582/1582/1582 
f 1580/1580/1580 1583/1583/1583 1585/1585/1585 
f 1580/1580/1580 1585/1585/1585 1586/1586/1586 
f 1587/1587/1587 1586/1586/1586 1585/1585/1585 
f 1581/1581/1581 1588/1588/1588 1584/1584/1584 
f 1584/1584/1584 1588/1588/1588 1589/1589/1589 
f 1584/1584/1584 1589/1589/1589 1590/1590/1590 
f 1590/1590/1590 1589/1589/1589 1591/1591/1591 
f 1593/1593/1593 1594/1594/1594 1592/1592/1592 
f 1593/1593/1593 1595/1595/1595 1594/1594/1594 
f 1594/1594/1594 1595/1595/1595 1596/1596/1596 
f 1594/1594/1594 1596/1596/1596 1597/1597/1597 
f 1598/1598/1598 1597/1597/1597 1596/1596/1596 
f 1598/1598/1598 1596/1596/1596 1599/1599/1599 
f 1598/1598/1598 1599/1599/1599 1600/1600/1600 
f 1601/1601/1601 1602/1602/1602 1603/1603/1603 
f 1601/1601/1601 1604/1604/1604 1602/1602/1602 
f 1602/1602/1602 1605/1605/1605 1603/1603/1603 
f 1602/1602/1602 1606/1606/1606 1605/1605/1605 
f 1607/1607/1607 1605/1605/1605 1606/1606/1606 
f 1608/1608/1608 1609/1609/1609 1610/1610/1610 
f 1611/1611/1611 1612/1612/1612 1613/1613/1613 
f 1611/1611/1611 1613/1613/1613 1614/1614/1614 
f 1615/1615/1615 1616/1616/1616 1617/1617/1617 
f 1618/1618/1618 1617/1617/1617 1616/1616/1616 
f 1618/1618/1618 1619/1619/1619 1617/1617/1617 
f 1620/1620/1620 1619/1619/1619 1618/1618/1618 
f 1620/1620/1620 1621/1621/1621 1619/1619/1619 
f 1622/1622/1622 1621/1621/1621 1620/1620/1620 
f 1622/1622/1622 1623/1623/1623 1621/1621/1621 
f 1624/1624/1624 1623/1623/1623 1622/1622/1622 
f 1624/1624/1624 1625/1625/1625 1623/1623/1623 
f 1624/1624/1624 1626/1626/1626 1625/1625/1625 
f 1627/1627/1627 1628/1628/1628 1629/1629/1629 
f 1627/1627/1627 1629/1629/1629 1630/1630/1630 
f 1628/1628/1628 1631/1631/1631 1629/1629/1629 
f 1628/1628/1628 1632/1632/1632 1631/1631/1631 
f 1633/1633/1633 1631/1631/1631 1632/1632/1632 
f 1633/1633/1633 1634/1634/1634 1631/1631/1631 
f 1635/1635/1635 1634/1634/1634 1633/1633/1633 
f 1637/1637/1637 1636/1636/1636 1638/1638/1638 
f 1636/1636/1636 1640/1640/1640 1638/1638/1638 
f 1639/1639/1639 1640/1640/1640 1636/1636/1636 
f 1641/1641/1641 1638/1638/1638 1640/1640/1640 
f 1641/1641/1641 1640/1640/1640 1642/1642/1642 
f 1639/1639/1639 1642/1642/1642 1640/1640/1640 
f 1641/1641/1641 1642/1642/1642 1643/1643/1643 
f 1639/1639/1639 1644/1644/1644 1642/1642/1642 
f 1643/1643/1643 1642/1642/1642 1645/1645/1645 
f 1644/1644/1644 1645/1645/1645 1642/1642/1642 
f 1643/1643/1643 1645/1645/1645 1646/1646/1646 
f 1644/1644/1644 1647/1647/1647 1645/1645/1645 
f 1646/1646/1646 1645/1645/1645 1648/1648/1648 
f 1647/1647/1647 1648/1648/1648 1645/1645/1645 
f 1646/1646/1646 1648/1648/1648 1649/1649/1649 
f 1649/1649/1649 1648/1648/1648 1650/1650/1650 
f 1647/1647/1647 1651/1651/1651 1648/1648/1648 
f 1650/1650/1650 1648/1648/1648 1651/1651/1651 
f 1650/1650/1650 1651/1651/1651 1652/1652/1652 
f 1653/1653/1653 1650/1650/1650 1652/1652/1652 
f 1654/1654/1654 1655/1655/1655 1656/1656/1656 
f 1654/1654/1654 1657/1657/1657 1655/1655/1655 
f 1658/1658/1658 1657/1657/1657 1654/1654/1654 
f 1656/1656/1656 1655/1655/1655 1659/1659/1659 
f 1656/1656/1656 1659/1659/1659 1660/1660/1660 
f 1661/1661/1661 1660/1660/1660 1659/1659/1659 
f 1661/1661/1661 1662/1662/1662 1660/1660/1660 
f 1661/1661/1661 1659/1659/1659 1663/1663/1663 
f 1664/1664/1664 1663/1663/1663 1659/1659/1659 
f 1668/1668/1668 1665/1665/1665 1666/1666/1666 
f 1670/1670/1670 1667/1667/1667 1669/1669/1669 
f 1668/1668/1668 1671/1671/1671 1669/1669/1669 
f 1670/1670/1670 1669/1669/1669 1671/1671/1671 
f 1668/1668/1668 1672/1672/1672 1671/1671/1671 
f 1670/1670/1670 1671/1671/1671 1673/1673/1673 
f 1672/1672/1672 1673/1673/1673 1671/1671/1671 
f 1670/1670/1670 1673/1673/1673 1674/1674/1674 
f 1672/1672/1672 1675/1675/1675 1673/1673/1673 
f 1674/1674/1674 1673/1673/1673 1676/1676/1676 
f 1675/1675/1675 1676/1676/1676 1673/1673/1673 
f 1678/1678/1678 1677/1677/1677 1679/1679/1679 
f 1680/1680/1680 1681/1681/1681 1682/1682/1682 
f 1682/1682/1682 1683/1683/1683 1680/1680/1680 
f 1680/1680/1680 1684/1684/1684 1681/1681/1681 
f 1685/1685/1685 1683/1683/1683 1682/1682/1682 
f 1685/1685/1685 1682/1682/1682 1686/1686/1686 
f 1688/1688/1688 1687/1687/1687 1684/1684/1684 
f 1689/1689/1689 1687/1687/1687 1688/1688/1688 
f 1690/1690/1690 1685/1685/1685 1686/1686/1686 
f 1690/1690/1690 1686/1686/1686 1691/1691/1691 
f 1690/1690/1690 1691/1691/1691 1692/1692/1692 
f 1690/1690/1690 1692/1692/1692 1693/1693/1693 
f 1693/1693/1693 1692/1692/1692 1694/1694/1694 
f 1695/1695/1695 1696/1696/1696 1697/1697/1697 
f 1698/1698/1698 1699/1699/1699 1700/1700/1700 
f 1701/1701/1701 1698/1698/1698 1700/1700/1700 
f 1701/1701/1701 1702/1702/1702 1698/1698/1698 
f 1703/1703/1703 1702/1702/1702 1701/1701/1701 
f 1698/1698/1698 1704/1704/1704 1699/1699/1699 
f 1699/1699/1699 1704/1704/1704 1705/1705/1705 
f 1699/1699/1699 1705/1705/1705 1706/1706/1706 
f 1707/1707/1707 1708/1708/1708 1709/1709/1709 
f 1712/1712/1712 1710/1710/1710 1711/1711/1711 
f 1712/1712/1712 1711/1711/1711 1713/1713/1713 
f 1712/1712/1712 1714/1714/1714 1710/1710/1710 
f 1715/1715/1715 1710/1710/1710 1714/1714/1714 
f 1716/1716/1716 1715/1715/1715 1714/1714/1714 
f 1716/1716/1716 1717/1717/1717 1715/1715/1715 
f 1718/1718/1718 1717/1717/1717 1716/1716/1716 
f 1719/1719/1719 1722/1722/1722 1723/1723/1723 
f 1721/1721/1721 1724/1724/1724 1720/1720/1720 
f 1724/1724/1724 1721/1721/1721 1725/1725/1725 
f 1726/1726/1726 1720/1720/1720 1724/1724/1724 
f 1726/1726/1726 1723/1723/1723 1722/1722/1722 
f 1725/1725/1725 1726/1726/1726 1724/1724/1724 
f 1726/1726/1726 1727/1727/1727 1723/1723/1723 
f 1727/1727/1727 1726/1726/1726 1725/1725/1725 
f 1731/1731/1731 1730/1730/1730 1729/1729/1729 
f 1731/1731/1731 1728/1728/1728 1730/1730/1730 
f 1732/1732/1732 1728/1728/1728 1731/1731/1731 
f 1733/1733/1733 1728/1728/1728 1732/1732/1732 
f 1733/1733/1733 1734/1734/1734 1728/1728/1728 
f 1733/1733/1733 1735/1735/1735 1734/1734/1734 
f 1733/1733/1733 1736/1736/1736 1735/1735/1735 
f 1738/1738/1738 1735/1735/1735 1736/1736/1736 
f 1738/1738/1738 1739/1739/1739 1735/1735/1735 
f 1740/1740/1740 1739/1739/1739 1738/1738/1738 
f 1741/1741/1741 1737/1737/1737 1735/1735/1735 
f 1742/1742/1742 1743/1743/1743 1744/1744/1744 
f 1745/1745/1745 1744/1744/1744 1743/1743/1743 
f 1745/1745/1745 1743/1743/1743 1746/1746/1746 
f 1747/1747/1747 1745/1745/1745 1746/1746/1746 
f 1747/1747/1747 1746/1746/1746 1748/1748/1748 
f 1749/1749/1749 1747/1747/1747 1748/1748/1748 
f 1749/1749/1749 1748/1748/1748 1750/1750/1750 
f 1751/1751/1751 1749/1749/1749 1750/1750/1750 
f 1751/1751/1751 1750/1750/1750 1752/1752/1752 
f 1751/1751/1751 1752/1752/1752 1753/1753/1753 
f 1754/1754/1754 1755/1755/1755 1756/1756/1756 
f 1757/1757/1757 1759/1759/1759 1758/1758/1758 
f 1759/1759/1759 1760/1760/1760 1758/1758/1758 
f 1761/1761/1761 1762/1762/1762 1763/1763/1763 
f 1764/1764/1764 1763/1763/1763 1762/1762/1762 
f 1764/1764/1764 1762/1762/1762 1765/1765/1765 
f 1766/1766/1766 1764/1764/1764 1765/1765/1765 
f 1766/1766/1766 1765/1765/1765 1767/1767/1767 
f 1768/1768/1768 1766/1766/1766 1767/1767/1767 
f 1768/1768/1768 1767/1767/1767 1769/1769/1769 
f 1770/1770/1770 1768/1768/1768 1769/1769/1769 
f 1770/1770/1770 1769/1769/1769 1771/1771/1771 
f 1770/1770/1770 1771/1771/1771 1772/1772/1772 
f 1773/1773/1773 1774/1774/1774 1775/1775/1775 
f 1775/1775/1775 1774/1774/1774 1776/1776/1776 
f 1778/1778/1778 1777/1777/1777 1779/1779/1779 
f 1778/1778/1778 1779/1779/1779 1780/1780/1780 
f 1781/1781/1781 1782/1782/1782 1783/1783/1783 
f 1781/1781/1781 1783/1783/1783 1784/1784/1784 
f 1781/1781/1781 1785/1785/1785 1782/1782/1782 
f 1786/1786/1786 1782/1782/1782 1785/1785/1785 
f 1781/1781/1781 1784/1784/1784 1787/1787/1787 
f 1787/1787/1787 1784/1784/1784 1788/1788/1788 
f 1787/1787/1787 1788/1788/1788 1789/1789/1789 
f 1790/1790/1790 1789/1789/1789 1788/1788/1788 
f 1790/1790/1790 1791/1791/1791 1789/1789/1789 
f 1792/1792/1792 1791/1791/1791 1790/1790/1790 
f 1792/1792/1792 1793/1793/1793 1791/1791/1791 
f 1792/1792/1792 1794/1794/1794 1793/1793/1793 
f 1795/1795/1795 1796/1796/1796 1797/1797/1797 
f 1798/1798/1798 1800/1800/1800 1801/1801/1801 
f 1798/1798/1798 1801/1801/1801 1802/1802/1802 
f 1799/1799/1799 1803/1803/1803 1805/1805/1805 
f 1799/1799/1799 1806/1806/1806 1804/1804/1804 
f 1806/1806/1806 1799/1799/1799 1805/1805/1805 
f 1806/1806/1806 1807/1807/1807 1804/1804/1804 
f 1810/1810/1810 1808/1808/1808 1809/1809/1809 
f 1811/1811/1811 1808/1808/1808 1810/1810/1810 
f 1814/1814/1814 1812/1812/1812 1813/1813/1813 
f 1816/1816/1816 1815/1815/1815 1817/1817/1817 
f 1815/1815/1815 1819/1819/1819 1817/1817/1817 
f 1820/1820/1820 1817/1817/1817 1819/1819/1819 
f 1820/1820/1820 1819/1819/1819 1821/1821/1821 
f 1818/1818/1818 1821/1821/1821 1819/1819/1819 
f 1820/1820/1820 1821/1821/1821 1822/1822/1822 
f 1818/1818/1818 1823/1823/1823 1821/1821/1821 
f 1822/1822/1822 1821/1821/1821 1824/1824/1824 
f 1823/1823/1823 1824/1824/1824 1821/1821/1821 
f 1822/1822/1822 1824/1824/1824 1825/1825/1825 
f 1823/1823/1823 1826/1826/1826 1824/1824/1824 
f 1825/1825/1825 1824/1824/1824 1827/1827/1827 
f 1826/1826/1826 1827/1827/1827 1824/1824/1824 
f 1825/1825/1825 1827/1827/1827 1828/1828/1828 
f 1828/1828/1828 1827/1827/1827 1829/1829/1829 
f 1826/1826/1826 1830/1830/1830 1827/1827/1827 
f 1829/1829/1829 1827/1827/1827 1830/1830/1830 
f 1831/1831/1831 1832/1832/1832 1833/1833/1833 
f 1834/1834/1834 1833/1833/1833 1832/1832/1832 
f 1835/1835/1835 1836/1836/1836 1837/1837/1837 
f 1836/1836/1836 1838/1838/1838 1837/1837/1837 
f 1835/1835/1835 1837/1837/1837 1839/1839/1839 
f 1840/1840/1840 1835/1835/1835 1839/1839/1839 
f 1840/1840/1840 1839/1839/1839 1841/1841/1841 
f 1842/1842/1842 1840/1840/1840 1841/1841/1841 
f 1843/1843/1843 1844/1844/1844 1845/1845/1845 
f 1843/1843/1843 1845/1845/1845 1846/1846/1846 
f 1844/1844/1844 1847/1847/1847 1845/1845/1845 
f 1844/1844/1844 1848/1848/1848 1847/1847/1847 
f 1848/1848/1848 1849/1849/1849 1847/1847/1847 
f 1848/1848/1848 1850/1850/1850 1849/1849/1849 
f 1851/1851/1851 1852/1852/1852 1853/1853/1853 
f 1857/1857/1857 1855/1855/1855 1854/1854/1854 
f 1856/1856/1856 1857/1857/1857 1854/1854/1854 
f 1855/1855/1855 1857/1857/1857 1858/1858/1858 
f 1859/1859/1859 1858/1858/1858 1857/1857/1857 
f 1859/1859/1859 1857/1857/1857 1856/1856/1856 
f 1860/1860/1860 1862/1862/1862 1861/1861/1861 
f 1861/1861/1861 1862/1862/1862 1864/1864/1864 
f 1865/1865/1865 1864/1864/1864 1862/1862/1862 
f 1865/1865/1865 1866/1866/1866 1864/1864/1864 
f 1863/1863/1863 1864/1864/1864 1866/1866/1866 
f 1865/1865/1865 1867/1867/1867 1866/1866/1866 
f 1863/1863/1863 1866/1866/1866 1868/1868/1868 
f 1867/1867/1867 1869/1869/1869 1866/1866/1866 
f 1868/1868/1868 1866/1866/1866 1869/1869/1869 
f 1867/1867/1867 1870/1870/1870 1869/1869/1869 
f 1868/1868/1868 1869/1869/1869 1871/1871/1871 
f 1870/1870/1870 1872/1872/1872 1869/1869/1869 
f 1871/1871/1871 1869/1869/1869 1872/1872/1872 
f 1870/1870/1870 1873/1873/1873 1872/1872/1872 
f 1873/1873/1873 1874/1874/1874 1872/1872/1872 
f 1871/1871/1871 1872/1872/1872 1875/1875/1875 
f 1874/1874/1874 1875/1875/1875 1872/1872/1872 
f 1878/1878/1878 1876/1876/1876 1879/1879/1879 
f 1882/1882/1882 1877/1877/1877 1881/1881/1881 
f 1880/1880/1880 1877/1877/1877 1882/1882/1882 
f 1882/1882/1882 1881/1881/1881 1883/1883/1883 
f 1884/1884/1884 1880/1880/1880 1882/1882/1882 
f 1884/1884/1884 1882/1882/1882 1883/1883/1883 
f 1884/1884/1884 1883/1883/1883 1885/1885/1885 
f 1884/1884/1884 1886/1886/1886 1880/1880/1880 
f 1884/1884/1884 1885/1885/1885 1887/1887/1887 
f 1886/1886/1886 1884/1884/1884 1888/1888/1888 
f 1884/1884/1884 1887/1887/1887 1888/1888/1888 
f 1886/1886/1886 1888/1888/1888 1889/1889/1889 
f 1890/1890/1890 1888/1888/1888 1887/1887/1887 
f 1890/1890/1890 1889/1889/1889 1888/1888/1888 
f 1890/1890/1890 1887/1887/1887 1891/1891/1891 
f 1890/1890/1890 1892/1892/1892 1889/1889/1889 
f 1890/1890/1890 1891/1891/1891 1893/1893/1893 
f 1893/1893/1893 1892/1892/1892 1890/1890/1890 
f 1897/1897/1897 1895/1895/1895 1896/1896/1896 
f 1897/1897/1897 1896/1896/1896 1894/1894/1894 
f 1898/1898/1898 1897/1897/1897 1894/1894/1894 
f 1899/1899/1899 1898/1898/1898 1894/1894/1894 
f 1900/1900/1900 1901/1901/1901 1902/1902/1902 
f 1902/1902/1902 1903/1903/1903 1900/1900/1900 
f 1904/1904/1904 1902/1902/1902 1901/1901/1901 
f 1901/1901/1901 1905/1905/1905 1904/1904/1904 
f 1904/1904/1904 1905/1905/1905 1906/1906/1906 
f 1906/1906/1906 1905/1905/1905 1907/1907/1907 
f 1906/1906/1906 1907/1907/1907 1908/1908/1908 
f 1910/1910/1910 1908/1908/1908 1907/1907/1907 
f 1910/1910/1910 1907/1907/1907 1911/1911/1911 
f 1910/1910/1910 1911/1911/1911 1909/1909/1909 
f 1913/1913/1913 1912/1912/1912 1914/1914/1914 
f 1915/1915/1915 1916/1916/1916 1917/1917/1917 
f 1915/1915/1915 1918/1918/1918 1916/1916/1916 
f 1915/1915/1915 1919/1919/1919 1918/1918/1918 
f 1920/1920/1920 1921/1921/1921 1922/1922/1922 
f 1923/1923/1923 1921/1921/1921 1920/1920/1920 
f 1922/1922/1922 1921/1921/1921 1924/1924/1924 
f 1922/1922/1922 1924/1924/1924 1925/1925/1925 
f 1926/1926/1926 1920/1920/1920 1922/1922/1922 
f 1926/1926/1926 1922/1922/1922 1925/1925/1925 
f 1926/1926/1926 1927/1927/1927 1920/1920/1920 
f 1926/1926/1926 1925/1925/1925 1928/1928/1928 
f 1927/1927/1927 1926/1926/1926 1929/1929/1929 
f 1929/1929/1929 1926/1926/1926 1928/1928/1928 
f 1927/1927/1927 1929/1929/1929 1930/1930/1930 
f 1929/1929/1929 1928/1928/1928 1931/1931/1931 
f 1932/1932/1932 1930/1930/1930 1929/1929/1929 
f 1929/1929/1929 1931/1931/1931 1932/1932/1932 
f 1933/1933/1933 1934/1934/1934 1935/1935/1935 
f 1937/1937/1937 1939/1939/1939 1936/1936/1936 
f 1936/1936/1936 1939/1939/1939 1938/1938/1938 
f 1940/1940/1940 1939/1939/1939 1937/1937/1937 
f 1941/1941/1941 1939/1939/1939 1940/1940/1940 
f 1941/1941/1941 1942/1942/1942 1939/1939/1939 
f 1941/1941/1941 1944/1944/1944 1942/1942/1942 
f 1943/1943/1943 1942/1942/1942 1945/1945/1945 
f 1945/1945/1945 1942/1942/1942 1944/1944/1944 
f 1947/1947/1947 1948/1948/1948 1946/1946/1946 
f 1947/1947/1947 1949/1949/1949 1948/1948/1948 
f 1949/1949/1949 1950/1950/1950 1948/1948/1948 
f 1949/1949/1949 1951/1951/1951 1950/1950/1950 
f 1951/1951/1951 1952/1952/1952 1950/1950/1950 
f 1953/1953/1953 1954/1954/1954 1955/1955/1955 
f 1955/1955/1955 1954/1954/1954 1956/1956/1956 
f 1953/1953/1953 1957/1957/1957 1954/1954/1954 
f 1958/1958/1958 1954/1954/1954 1957/1957/1957 
f 1959/1959/1959 1958/1958/1958 1957/1957/1957 
f 1959/1959/1959 1960/1960/1960 1958/1958/1958 
f 1961/1961/1961 1960/1960/1960 1959/1959/1959 
f 1961/1961/1961 1962/1962/1962 1960/1960/1960 
f 1963/1963/1963 1964/1964/1964 1965/1965/1965 
f 1963/1963/1963 1966/1966/1966 1964/1964/1964 
f 1965/1965/1965 1964/1964/1964 1967/1967/1967 
f 1964/1964/1964 1968/1968/1968 1967/1967/1967 
f 1964/1964/1964 1969/1969/1969 1968/1968/1968 
f 1970/1970/1970 1971/1971/1971 1972/1972/1972 
f 1972/1972/1972 1973/1973/1973 1970/1970/1970 
f 1974/1974/1974 1970/1970/1970 1973/1973/1973 
f 1971/1971/1971 1975/1975/1975 1972/1972/1972 
f 1971/1971/1971 1976/1976/1976 1975/1975/1975 
f 1977/1977/1977 1978/1978/1978 1979/1979/1979 
f 1980/1980/1980 1981/1981/1981 1982/1982/1982 
f 1982/1982/1982 1981/1981/1981 1983/1983/1983 
f 1982/1982/1982 1983/1983/1983 1984/1984/1984 
f 1981/1981/1981 1985/1985/1985 1983/1983/1983 
f 1987/1987/1987 1988/1988/1988 1986/1986/1986 
f 1989/1989/1989 1991/1991/1991 1990/1990/1990 
f 1993/1993/1993 1994/1994/1994 1992/1992/1992 
f 1996/1996/1996 1997/1997/1997 1995/1995/1995 
f 1996/1996/1996 1998/1998/1998 1997/1997/1997 
f 1999/1999/1999 1997/1997/1997 1998/1998/1998 
f 1999/1999/1999 2000/2000/2000 1997/1997/1997 
f 2001/2001/2001 2000/2000/2000 1999/1999/1999 
f 2001/2001/2001 2002/2002/2002 2000/2000/2000 
f 2002/2002/2002 2001/2001/2001 2003/2003/2003 
f 2004/2004/2004 2003/2003/2003 2001/2001/2001 
f 2005/2005/2005 2003/2003/2003 2004/2004/2004 
f 2006/2006/2006 2007/2007/2007 2008/2008/2008 
f 2008/2008/2008 2007/2007/2007 2009/2009/2009 
f 2007/2007/2007 2006/2006/2006 2010/2010/2010 
f 2007/2007/2007 2010/2010/2010 2011/2011/2011 
f 2012/2012/2012 2011/2011/2011 2010/2010/2010 
f 2012/2012/2012 2013/2013/2013 2011/2011/2011 
f 2014/2014/2014 2013/2013/2013 2012/2012/2012 
f 2015/2015/2015 2016/2016/2016 2017/2017/2017 
f 2018/2018/2018 2016/2016/2016 2015/2015/2015 
f 2019/2019/2019 2017/2017/2017 2016/2016/2016 
f 2017/2017/2017 2020/2020/2020 2015/2015/2015 
f 2017/2017/2017 2021/2021/2021 2020/2020/2020 
f 2022/2022/2022 2023/2023/2023 2024/2024/2024 
f 2025/2025/2025 2024/2024/2024 2023/2023/2023 
f 2022/2022/2022 2026/2026/2026 2023/2023/2023 
f 2026/2026/2026 2022/2022/2022 2027/2027/2027 
f 2027/2027/2027 2028/2028/2028 2026/2026/2026 
f 2027/2027/2027 2022/2022/2022 2029/2029/2029 
f 2034/2034/2034 2033/2033/2033 2032/2032/2032 
f 2034/2034/2034 2035/2035/2035 2033/2033/2033 
f 2036/2036/2036 2035/2035/2035 2034/2034/2034 
f 2036/2036/2036 2037/2037/2037 2035/2035/2035 
f 2038/2038/2038 2037/2037/2037 2036/2036/2036 
f 2039/2039/2039 2040/2040/2040 2041/2041/2041 
f 2041/2041/2041 2040/2040/2040 2042/2042/2042 
f 2039/2039/2039 2043/2043/2043 2040/2040/2040 
f 2044/2044/2044 2043/2043/2043 2039/2039/2039 
f 2045/2045/2045 2043/2043/2043 2044/2044/2044 
f 2045/2045/2045 2046/2046/2046 2043/2043/2043 
f 2045/2045/2045 2047/2047/2047 2046/2046/2046 
f 2045/2045/2045 2048/2048/2048 2047/2047/2047 
f 2048/2048/2048 2049/2049/2049 2047/2047/2047 
f 2050/2050/2050 2051/2051/2051 2052/2052/2052 
f 2050/2050/2050 2053/2053/2053 2051/2051/2051 
f 2054/2054/2054 2053/2053/2053 2050/2050/2050 
f 2054/2054/2054 2055/2055/2055 2053/2053/2053 
f 2056/2056/2056 2055/2055/2055 2054/2054/2054 
f 2056/2056/2056 2057/2057/2057 2055/2055/2055 
f 2058/2058/2058 2057/2057/2057 2056/2056/2056 
f 2058/2058/2058 2059/2059/2059 2057/2057/2057 
f 2060/2060/2060 2059/2059/2059 2058/2058/2058 
f 2060/2060/2060 2061/2061/2061 2059/2059/2059 
f 2062/2062/2062 2061/2061/2061 2060/2060/2060 
f 2063/2063/2063 2064/2064/2064 2065/2065/2065 
f 2066/2066/2066 2065/2065/2065 2064/2064/2064 
f 2065/2065/2065 2067/2067/2067 2063/2063/2063 
f 2065/2065/2065 2068/2068/2068 2067/2067/2067 
f 2069/2069/2069 2067/2067/2067 2068/2068/2068 
f 2069/2069/2069 2070/2070/2070 2067/2067/2067 
f 2071/2071/2071 2072/2072/2072 2070/2070/2070 
f 2073/2073/2073 2074/2074/2074 2075/2075/2075 
f 2073/2073/2073 2076/2076/2076 2074/2074/2074 
f 2073/2073/2073 2077/2077/2077 2076/2076/2076 
f 2073/2073/2073 2078/2078/2078 2077/2077/2077 
f 2075/2075/2075 2078/2078/2078 2073/2073/2073 
f 2075/2075/2075 2074/2074/2074 2079/2079/2079 
f 2075/2075/2075 2080/2080/2080 2078/2078/2078 
f 2075/2075/2075 2079/2079/2079 2081/2081/2081 
f 2081/2081/2081 2080/2080/2080 2075/2075/2075 
f 2081/2081/2081 2079/2079/2079 2082/2082/2082 
f 2081/2081/2081 2083/2083/2083 2080/2080/2080 
f 2081/2081/2081 2082/2082/2082 2084/2084/2084 
f 2084/2084/2084 2083/2083/2083 2081/2081/2081 
f 2084/2084/2084 2085/2085/2085 2083/2083/2083 
f 2084/2084/2084 2082/2082/2082 2086/2086/2086 
f 2087/2087/2087 2085/2085/2085 2084/2084/2084 
f 2084/2084/2084 2086/2086/2086 2087/2087/2087 
f 2088/2088/2088 2087/2087/2087 2086/2086/2086 
f 2089/2089/2089 2090/2090/2090 2091/2091/2091 
f 2091/2091/2091 2090/2090/2090 2092/2092/2092 
f 2093/2093/2093 2094/2094/2094 2095/2095/2095 
f 2096/2096/2096 2097/2097/2097 2098/2098/2098 
f 2096/2096/2096 2099/2099/2099 2097/2097/2097 
f 2098/2098/2098 2097/2097/2097 2100/2100/2100 
f 2096/2096/2096 2101/2101/2101 2099/2099/2099 
f 2096/2096/2096 2102/2102/2102 2101/2101/2101 
f 2103/2103/2103 2101/2101/2101 2102/2102/2102 
f 2098/2098/2098 2100/2100/2100 2104/2104/2104 
f 2105/2105/2105 2104/2104/2104 2100/2100/2100 
f 2106/2106/2106 2109/2109/2109 2107/2107/2107 
f 2108/2108/2108 2107/2107/2107 2110/2110/2110 
f 2108/2108/2108 2110/2110/2110 2111/2111/2111 
f 2111/2111/2111 2110/2110/2110 2112/2112/2112 
f 2111/2111/2111 2112/2112/2112 2113/2113/2113 
f 2112/2112/2112 2114/2114/2114 2113/2113/2113 
f 2115/2115/2115 2114/2114/2114 2112/2112/2112 
f 2116/2116/2116 2113/2113/2113 2114/2114/2114 
f 2119/2119/2119 2117/2117/2117 2118/2118/2118 
f 2119/2119/2119 2118/2118/2118 2120/2120/2120 
f 2121/2121/2121 2119/2119/2119 2120/2120/2120 
f 2121/2121/2121 2120/2120/2120 2122/2122/2122 
f 2123/2123/2123 2124/2124/2124 2125/2125/2125 
f 2123/2123/2123 2125/2125/2125 2126/2126/2126 
f 2124/2124/2124 2123/2123/2123 2127/2127/2127 
f 2124/2124/2124 2128/2128/2128 2125/2125/2125 
f 2124/2124/2124 2127/2127/2127 2129/2129/2129 
f 2124/2124/2124 2130/2130/2130 2128/2128/2128 
f 2130/2130/2130 2124/2124/2124 2129/2129/2129 
f 2130/2130/2130 2131/2131/2131 2128/2128/2128 
f 2130/2130/2130 2129/2129/2129 2132/2132/2132 
f 2130/2130/2130 2133/2133/2133 2131/2131/2131 
f 2133/2133/2133 2130/2130/2130 2132/2132/2132 
f 2133/2133/2133 2132/2132/2132 2134/2134/2134 
f 2133/2133/2133 2135/2135/2135 2131/2131/2131 
f 2136/2136/2136 2133/2133/2133 2134/2134/2134 
f 2133/2133/2133 2136/2136/2136 2135/2135/2135 
f 2137/2137/2137 2135/2135/2135 2136/2136/2136 
f 2138/2138/2138 2139/2139/2139 2140/2140/2140 
f 2138/2138/2138 2141/2141/2141 2139/2139/2139 
f 2139/2139/2139 2142/2142/2142 2140/2140/2140 
f 2139/2139/2139 2143/2143/2143 2142/2142/2142 
f 2144/2144/2144 2143/2143/2143 2145/2145/2145 
f 2146/2146/2146 2144/2144/2144 2145/2145/2145 
f 2146/2146/2146 2145/2145/2145 2147/2147/2147 
f 2148/2148/2148 2149/2149/2149 2150/2150/2150 
f 2151/2151/2151 2148/2148/2148 2150/2150/2150 
f 2148/2148/2148 2152/2152/2152 2149/2149/2149 
f 2030/2030/2030 2150/2150/2150 2149/2149/2149 
f 2031/2031/2031 2149/2149/2149 2153/2153/2153 
f 2030/2030/2030 2154/2154/2154 2150/2150/2150 
f 2030/2030/2030 2029/2029/2029 2154/2154/2154 
f 2029/2029/2029 2155/2155/2155 2154/2154/2154 
f 2154/2154/2154 2156/2156/2156 2150/2150/2150 
f 2155/2155/2155 2157/2157/2157 2154/2154/2154 
f 2154/2154/2154 2157/2157/2157 2156/2156/2156 
f 2156/2156/2156 2157/2157/2157 2158/2158/2158 
f 2156/2156/2156 2158/2158/2158 2159/2159/2159 
f 2158/2158/2158 2160/2160/2160 2159/2159/2159 
f 2149/2149/2149 2161/2161/2161 2153/2153/2153 
f 2149/2149/2149 2162/2162/2162 2161/2161/2161 
f 2161/2161/2161 2162/2162/2162 2164/2164/2164 
f 2164/2164/2164 2162/2162/2162 2165/2165/2165 
f 2164/2164/2164 2165/2165/2165 2166/2166/2166 
f 2167/2167/2167 2166/2166/2166 2165/2165/2165 
f 2168/2168/2168 2167/2167/2167 2169/2169/2169 
f 2166/2166/2166 2170/2170/2170 2164/2164/2164 
f 2163/2163/2163 2164/2164/2164 2171/2171/2171 
f 2170/2170/2170 2171/2171/2171 2164/2164/2164 
f 2163/2163/2163 2171/2171/2171 2172/2172/2172 
f 2173/2173/2173 2172/2172/2172 2171/2171/2171 
f 2173/2173/2173 2171/2171/2171 2170/2170/2170 
f 2173/2173/2173 2170/2170/2170 2174/2174/2174 
f 2175/2175/2175 2176/2176/2176 2177/2177/2177 
f 2175/2175/2175 2178/2178/2178 2179/2179/2179 
f 2176/2176/2176 2175/2175/2175 2179/2179/2179 
f 2176/2176/2176 2180/2180/2180 2177/2177/2177 
f 2182/2182/2182 2181/2181/2181 2184/2184/2184 
f 2182/2182/2182 2185/2185/2185 2183/2183/2183 
f 2185/2185/2185 2182/2182/2182 2184/2184/2184 
f 2185/2185/2185 2184/2184/2184 2186/2186/2186 
f 2185/2185/2185 2187/2187/2187 2183/2183/2183 
f 2188/2188/2188 2185/2185/2185 2186/2186/2186 
f 2185/2185/2185 2188/2188/2188 2187/2187/2187 
f 2189/2189/2189 2187/2187/2187 2188/2188/2188 
f 2190/2190/2190 2191/2191/2191 2192/2192/2192 
f 2193/2193/2193 2194/2194/2194 2195/2195/2195 
f 2196/2196/2196 2195/2195/2195 2194/2194/2194 
f 2197/2197/2197 2195/2195/2195 2196/2196/2196 
f 2198/2198/2198 2196/2196/2196 2194/2194/2194 
f 2198/2198/2198 2194/2194/2194 2199/2199/2199 
f 2200/2200/2200 2198/2198/2198 2199/2199/2199 
f 2200/2200/2200 2201/2201/2201 2198/2198/2198 
f 2202/2202/2202 2203/2203/2203 2204/2204/2204 
f 2202/2202/2202 2204/2204/2204 2205/2205/2205 
f 2205/2205/2205 2204/2204/2204 2206/2206/2206 
f 2207/2207/2207 2208/2208/2208 2209/2209/2209 
f 2207/2207/2207 2210/2210/2210 2208/2208/2208 
f 2211/2211/2211 2210/2210/2210 2207/2207/2207 
f 2209/2209/2209 2208/2208/2208 2212/2212/2212 
f 2209/2209/2209 2212/2212/2212 2213/2213/2213 
f 2214/2214/2214 2213/2213/2213 2212/2212/2212 
f 2214/2214/2214 2212/2212/2212 2215/2215/2215 
f 2218/2218/2218 2217/2217/2217 2216/2216/2216 
f 2218/2218/2218 2216/2216/2216 2219/2219/2219 
f 2220/2220/2220 2221/2221/2221 2219/2219/2219 
f 2220/2220/2220 2222/2222/2222 2223/2223/2223 
f 2224/2224/2224 2225/2225/2225 2226/2226/2226 
f 2227/2227/2227 2226/2226/2226 2225/2225/2225 
f 2224/2224/2224 2228/2228/2228 2225/2225/2225 
f 2227/2227/2227 2225/2225/2225 2229/2229/2229 
f 2224/2224/2224 2230/2230/2230 2228/2228/2228 
f 2224/2224/2224 2231/2231/2231 2230/2230/2230 
f 2232/2232/2232 2230/2230/2230 2231/2231/2231 
f 2232/2232/2232 2231/2231/2231 2233/2233/2233 
f 2233/2233/2233 2234/2234/2234 2232/2232/2232 
f 2236/2236/2236 2237/2237/2237 2235/2235/2235 
f 2239/2239/2239 2241/2241/2241 2238/2238/2238 
f 2242/2242/2242 2239/2239/2239 2240/2240/2240 
f 2239/2239/2239 2242/2242/2242 2241/2241/2241 
f 2242/2242/2242 2240/2240/2240 2243/2243/2243 
f 2244/2244/2244 2241/2241/2241 2242/2242/2242 
f 2245/2245/2245 2242/2242/2242 2243/2243/2243 
f 2244/2244/2244 2242/2242/2242 2245/2245/2245 
f 2245/2245/2245 2243/2243/2243 2246/2246/2246 
f 2247/2247/2247 2244/2244/2244 2245/2245/2245 
f 2247/2247/2247 2245/2245/2245 2246/2246/2246 
f 2248/2248/2248 2249/2249/2249 2250/2250/2250 
f 2251/2251/2251 2250/2250/2250 2249/2249/2249 
f 2253/2253/2253 2251/2251/2251 2252/2252/2252 
f 2255/2255/2255 2256/2256/2256 2254/2254/2254 
f 2257/2257/2257 2258/2258/2258 2259/2259/2259 
f 2258/2258/2258 2257/2257/2257 2260/2260/2260 
f 2259/2259/2259 2258/2258/2258 2261/2261/2261 
f 2262/2262/2262 2259/2259/2259 2261/2261/2261 
f 2262/2262/2262 2263/2263/2263 2259/2259/2259 
f 2264/2264/2264 2263/2263/2263 2262/2262/2262 
f 2264/2264/2264 2265/2265/2265 2263/2263/2263 
f 2266/2266/2266 2265/2265/2265 2264/2264/2264 
f 2266/2266/2266 2267/2267/2267 2265/2265/2265 
f 2268/2268/2268 2267/2267/2267 2266/2266/2266 
f 2271/2271/2271 2269/2269/2269 2270/2270/2270 
f 2271/2271/2271 2270/2270/2270 2272/2272/2272 
f 2271/2271/2271 2272/2272/2272 2273/2273/2273 
f 2273/2273/2273 2272/2272/2272 2275/2275/2275 
f 2274/2274/2274 2275/2275/2275 2272/2272/2272 
f 2273/2273/2273 2275/2275/2275 2276/2276/2276 
f 2275/2275/2275 2274/2274/2274 2277/2277/2277 
f 2275/2275/2275 2277/2277/2277 2278/2278/2278 
f 2276/2276/2276 2278/2278/2278 2279/2279/2279 
f 2282/2282/2282 2278/2278/2278 2277/2277/2277 
f 2282/2282/2282 2280/2280/2280 2278/2278/2278 
f 2281/2281/2281 2280/2280/2280 2282/2282/2282 
f 2285/2285/2285 2283/2283/2283 2284/2284/2284 
f 2286/2286/2286 2287/2287/2287 2283/2283/2283 
f 2288/2288/2288 2289/2289/2289 2290/2290/2290 
f 2290/2290/2290 2289/2289/2289 2291/2291/2291 
f 2290/2290/2290 2291/2291/2291 2292/2292/2292 
f 2288/2288/2288 2293/2293/2293 2289/2289/2289 
f 2293/2293/2293 2288/2288/2288 2294/2294/2294 
f 2293/2293/2293 2294/2294/2294 2295/2295/2295 
f 2296/2296/2296 2295/2295/2295 2294/2294/2294 
f 2296/2296/2296 2297/2297/2297 2295/2295/2295 
f 2296/2296/2296 2298/2298/2298 2297/2297/2297 
f 2296/2296/2296 2299/2299/2299 2298/2298/2298 
f 2299/2299/2299 2300/2300/2300 2298/2298/2298 
f 2301/2301/2301 2302/2302/2302 2303/2303/2303 
f 2303/2303/2303 2305/2305/2305 2304/2304/2304 
f 2306/2306/2306 2308/2308/2308 2307/2307/2307 
f 2309/2309/2309 2307/2307/2307 2308/2308/2308 
f 2309/2309/2309 2308/2308/2308 2310/2310/2310 
f 2311/2311/2311 2309/2309/2309 2310/2310/2310 
f 2312/2312/2312 2313/2313/2313 2314/2314/2314 
f 2312/2312/2312 2314/2314/2314 2315/2315/2315 
f 2312/2312/2312 2315/2315/2315 2316/2316/2316 
f 2316/2316/2316 2315/2315/2315 2317/2317/2317 
f 2316/2316/2316 2317/2317/2317 2318/2318/2318 
f 2319/2319/2319 2320/2320/2320 2321/2321/2321 
f 2321/2321/2321 2320/2320/2320 2322/2322/2322 
f 2321/2321/2321 2322/2322/2322 2323/2323/2323 
f 2322/2322/2322 2324/2324/2324 2323/2323/2323 
f 2322/2322/2322 2325/2325/2325 2324/2324/2324 
f 2324/2324/2324 2325/2325/2325 2326/2326/2326 
f 2324/2324/2324 2326/2326/2326 2327/2327/2327 
f 2328/2328/2328 2327/2327/2327 2326/2326/2326 
f 2328/2328/2328 2329/2329/2329 2327/2327/2327 
f 2330/2330/2330 2329/2329/2329 2328/2328/2328 
f 2331/2331/2331 2332/2332/2332 2333/2333/2333 
f 2331/2331/2331 2333/2333/2333 2334/2334/2334 
f 2332/2332/2332 2331/2331/2331 2335/2335/2335 
f 2332/2332/2332 2336/2336/2336 2333/2333/2333 
f 2332/2332/2332 2335/2335/2335 2337/2337/2337 
f 2332/2332/2332 2338/2338/2338 2336/2336/2336 
f 2338/2338/2338 2332/2332/2332 2337/2337/2337 
f 2338/2338/2338 2339/2339/2339 2336/2336/2336 
f 2338/2338/2338 2337/2337/2337 2340/2340/2340 
f 2338/2338/2338 2341/2341/2341 2339/2339/2339 
f 2341/2341/2341 2338/2338/2338 2340/2340/2340 
f 2341/2341/2341 2342/2342/2342 2339/2339/2339 
f 2341/2341/2341 2340/2340/2340 2343/2343/2343 
f 2345/2345/2345 2344/2344/2344 2346/2346/2346 
f 2345/2345/2345 2346/2346/2346 2347/2347/2347 
f 2347/2347/2347 2346/2346/2346 2348/2348/2348 
f 2349/2349/2349 2347/2347/2347 2348/2348/2348 
f 2350/2350/2350 2351/2351/2351 2352/2352/2352 
f 2353/2353/2353 2354/2354/2354 2355/2355/2355 
f 2354/2354/2354 2356/2356/2356 2355/2355/2355 
f 2353/2353/2353 2355/2355/2355 2357/2357/2357 
f 2358/2358/2358 2353/2353/2353 2357/2357/2357 
f 2359/2359/2359 2360/2360/2360 2361/2361/2361 
f 2359/2359/2359 2362/2362/2362 2360/2360/2360 
f 2359/2359/2359 2363/2363/2363 2362/2362/2362 
f 2359/2359/2359 2364/2364/2364 2363/2363/2363 
f 2364/2364/2364 2365/2365/2365 2363/2363/2363 
f 2364/2364/2364 2366/2366/2366 2365/2365/2365 
f 2366/2366/2366 2367/2367/2367 2365/2365/2365 
f 2366/2366/2366 2368/2368/2368 2367/2367/2367 
f 2369/2369/2369 2370/2370/2370 2371/2371/2371 
f 2374/2374/2374 2373/2373/2373 2372/2372/2372 
f 2374/2374/2374 2375/2375/2375 2373/2373/2373 
f 2374/2374/2374 2376/2376/2376 2375/2375/2375 
f 2374/2374/2374 2377/2377/2377 2376/2376/2376 
f 2377/2377/2377 2378/2378/2378 2376/2376/2376 
f 2377/2377/2377 2379/2379/2379 2378/2378/2378 
f 2380/2380/2380 2378/2378/2378 2379/2379/2379 
f 2381/2381/2381 2382/2382/2382 2383/2383/2383 
f 2384/2384/2384 2381/2381/2381 2383/2383/2383 
f 2384/2384/2384 2383/2383/2383 2385/2385/2385 
f 2384/2384/2384 2385/2385/2385 2386/2386/2386 
f 2384/2384/2384 2386/2386/2386 2387/2387/2387 
f 2388/2388/2388 2387/2387/2387 2386/2386/2386 
f 2388/2388/2388 2386/2386/2386 2389/2389/2389 
f 2388/2388/2388 2389/2389/2389 2390/2390/2390 
f 2390/2390/2390 2389/2389/2389 2391/2391/2391 
f 2394/2394/2394 2393/2393/2393 2395/2395/2395 
f 2396/2396/2396 2392/2392/2392 2397/2397/2397 
f 2398/2398/2398 2396/2396/2396 2397/2397/2397 
f 2398/2398/2398 2399/2399/2399 2396/2396/2396 
f 2400/2400/2400 2399/2399/2399 2398/2398/2398 
f 2403/2403/2403 2402/2402/2402 2401/2401/2401 
f 2402/2402/2402 2403/2403/2403 2404/2404/2404 
f 2405/2405/2405 2404/2404/2404 2403/2403/2403 
f 2405/2405/2405 2406/2406/2406 2404/2404/2404 
f 2405/2405/2405 2407/2407/2407 2406/2406/2406 
f 2408/2408/2408 2406/2406/2406 2407/2407/2407 
f 2408/2408/2408 2409/2409/2409 2406/2406/2406 
f 2410/2410/2410 2409/2409/2409 2408/2408/2408 
f 2411/2411/2411 2413/2413/2413 2412/2412/2412 

