# Blender 3.3.15
# www.blender.org
mtllib Naruto.mtl
o SK_CHR_Man_SpikyHair_01.mo
v 0.066566 1.563819 -0.060589
v 0.062158 1.562611 -0.065841
v 0.072360 1.541784 -0.074045
v -0.066566 1.563819 -0.060589
v -0.072360 1.541784 -0.074045
v -0.062158 1.562611 -0.065841
v -0.002774 1.629297 -0.109245
v -0.003705 1.634180 -0.106982
v -0.018674 1.624634 -0.117687
v 0.003783 1.634204 -0.106956
v 0.002843 1.629321 -0.109286
v 0.018739 1.624608 -0.117714
v -0.002774 1.629297 -0.109245
v -0.018674 1.624634 -0.117687
v -0.003705 1.634180 -0.106982
v 0.003783 1.634204 -0.106956
v 0.018739 1.624608 -0.117714
v 0.002843 1.629321 -0.109286
v 0.042950 1.561668 -0.055426
v 0.047492 1.566910 -0.049754
v 0.039575 1.557121 -0.049547
v 0.051382 1.574713 -0.043743
v 0.044408 1.562429 -0.042681
v 0.056379 1.584357 -0.039219
v 0.048522 1.568080 -0.036934
v 0.076774 1.599341 0.004088
v 0.079138 1.613965 0.005658
v 0.077576 1.614137 -0.000997
v 0.076482 1.616014 0.014475
v 0.076154 1.625976 0.016379
v 0.081423 1.605568 0.006722
v 0.080770 1.615346 0.008351
v 0.080783 1.606405 0.004822
v 0.080771 1.613827 0.000377
v 0.081611 1.605598 0.002712
v 0.084251 1.614719 0.003695
v 0.083460 1.604458 0.004709
v 0.077748 1.599176 0.001465
v 0.079928 1.598813 0.002710
v 0.076850 1.585674 0.003504
v 0.077013 1.599287 0.006735
v 0.079560 1.598875 0.006263
v 0.077266 1.608449 0.009363
v 0.075875 1.597997 0.006266
v 0.075845 1.611987 0.010220
v 0.080758 1.625910 -0.004987
v 0.069965 1.603054 -0.012011
v 0.077451 1.604667 0.011244
v 0.079041 1.605487 0.013131
v 0.085098 1.627380 0.004376
v 0.082230 1.591951 0.005185
v 0.082470 1.627698 0.010572
v 0.083948 1.630934 -0.010626
v 0.080185 1.615734 0.011667
v 0.086329 1.645157 0.003386
v 0.073741 1.643347 0.027750
v 0.077251 1.606612 0.014423
v 0.077513 1.595842 0.014910
v 0.086020 1.659013 0.010920
v 0.073782 1.652151 0.034121
v 0.075065 1.663779 0.026706
v 0.083969 1.673022 0.018238
v 0.072733 1.678899 0.032220
v 0.086753 1.667092 -0.011438
v 0.079400 1.691286 0.025046
v 0.085072 1.638050 -0.029649
v 0.084919 1.685027 0.011174
v 0.073528 1.695178 0.033780
v 0.068975 1.690881 0.041603
v 0.065579 1.696413 0.045893
v 0.066095 1.693497 0.045740
v 0.077141 1.698669 0.027043
v 0.072581 1.692233 0.047429
v 0.077546 1.691915 0.035864
v 0.073331 1.695213 0.056770
v 0.084700 1.695585 0.031607
v 0.065057 1.707785 0.060428
v 0.056716 1.707988 0.061261
v 0.081725 1.681933 0.051469
v 0.048037 1.695396 0.070982
v 0.057574 1.696504 0.060008
v 0.080546 1.681163 0.044634
v 0.089210 1.670441 0.037149
v 0.087567 1.669222 0.041310
v 0.083409 1.681986 0.037343
v 0.087729 1.669816 0.045559
v 0.096182 1.651505 0.037054
v 0.091320 1.671839 0.046183
v 0.091915 1.672705 0.035535
v 0.088681 1.685253 0.034228
v 0.094384 1.673853 0.038704
v 0.094302 1.673164 0.043483
v 0.092397 1.687985 0.039304
v 0.087607 1.685154 0.052486
v 0.091915 1.687620 0.047155
v 0.081792 1.699294 0.056444
v 0.089331 1.700462 0.038830
v 0.088144 1.701663 0.049350
v 0.074819 1.713655 0.059766
v 0.085140 1.712257 0.037859
v 0.079489 1.702883 0.025302
v 0.083048 1.715377 0.049204
v 0.086288 1.695058 0.017885
v 0.078732 1.725250 0.035032
v 0.088653 1.705607 0.015994
v 0.064378 1.728762 0.059031
v 0.097396 1.717402 0.022869
v 0.074729 1.729762 0.045821
v 0.062098 1.726635 0.059483
v 0.068993 1.735586 0.044875
v 0.059536 1.732497 0.058385
v 0.066827 1.721978 0.068004
v 0.069526 1.708148 0.073745
v 0.049411 1.738759 0.072046
v 0.067114 1.703759 0.063477
v 0.059153 1.724660 0.078878
v 0.059815 1.701002 0.066104
v 0.069264 1.691837 0.069988
v 0.064040 1.709231 0.083318
v 0.071265 1.693520 0.078372
v 0.061818 1.691575 0.070704
v 0.070534 1.679790 0.074785
v 0.052032 1.701650 0.077312
v 0.071623 1.680961 0.081350
v 0.055750 1.691662 0.079038
v 0.066992 1.694633 0.086256
v 0.063936 1.679955 0.075356
v 0.059156 1.679859 0.080807
v 0.054702 1.692535 0.086678
v 0.065697 1.666615 0.078616
v 0.050653 1.703697 0.085390
v 0.070440 1.666714 0.078802
v 0.058650 1.693899 0.089419
v 0.058105 1.680388 0.087106
v 0.061612 1.681421 0.089506
v 0.048030 1.709819 0.075426
v 0.048804 1.711089 0.068927
v 0.036307 1.711846 0.077292
v 0.034313 1.693358 0.080563
v 0.039236 1.717909 0.071922
v 0.027237 1.712160 0.081660
v 0.022738 1.691189 0.086751
v 0.021092 1.694422 0.086277
v 0.045940 1.714107 0.082889
v 0.016013 1.712007 0.086086
v 0.014439 1.690111 0.090317
v 0.013182 1.693104 0.089387
v 0.006844 1.688713 0.092028
v 0.020921 1.717355 0.082485
v 0.008292 1.712303 0.087617
v 0.005674 1.691006 0.091206
v 0.015440 1.721398 0.082097
v 0.035931 1.720390 0.081115
v 0.000000 1.712211 0.089691
v 0.000000 1.687557 0.092638
v -0.005674 1.691006 0.091206
v 0.000000 1.718097 0.086517
v -0.008292 1.712303 0.087617
v -0.006844 1.688713 0.092028
v -0.016013 1.712007 0.086086
v -0.013182 1.693104 0.089387
v -0.014439 1.690111 0.090317
v -0.021092 1.694422 0.086277
v -0.015440 1.721398 0.082097
v -0.027237 1.712160 0.081660
v -0.022738 1.691189 0.086751
v -0.034312 1.693358 0.080563
v -0.020921 1.717355 0.082485
v -0.036307 1.711846 0.077292
v -0.048037 1.695396 0.070982
v -0.039236 1.717909 0.071922
v -0.048804 1.711089 0.068941
v -0.056716 1.707988 0.061309
v -0.057574 1.696504 0.060043
v -0.048030 1.709819 0.075426
v -0.035931 1.720390 0.081115
v -0.045940 1.714107 0.082889
v -0.022389 1.720798 0.085100
v -0.041760 1.725719 0.084523
v -0.032982 1.729076 0.097755
v -0.013614 1.728873 0.089880
v -0.027152 1.735942 0.099377
v 0.000000 1.723279 0.091915
v -0.016232 1.745086 0.085746
v -0.008215 1.736624 0.101304
v 0.013614 1.728873 0.089880
v -0.028964 1.744894 0.097481
v 0.022389 1.720798 0.085100
v -0.040188 1.741053 0.106937
v 0.032982 1.729076 0.097755
v -0.043131 1.737839 0.106543
v 0.027152 1.735942 0.099377
v -0.043866 1.729727 0.092117
v -0.048312 1.737417 0.103756
v -0.045386 1.739555 0.090095
v -0.055109 1.746128 0.113832
v -0.049076 1.742402 0.102337
v -0.041316 1.745340 0.105593
v -0.046598 1.746011 0.102704
v -0.043770 1.746468 0.104045
v -0.040072 1.746973 0.091668
v -0.034106 1.747608 0.094539
v -0.034096 1.748731 0.078449
v -0.024535 1.749480 0.082014
v -0.042484 1.737475 0.075965
v -0.019345 1.750869 0.073025
v -0.049865 1.719662 0.084942
v -0.012670 1.746042 0.079689
v -0.011184 1.751568 0.083388
v 0.000000 1.753420 0.087950
v -0.021357 1.762422 0.074305
v -0.010209 1.747443 0.098106
v -0.007465 1.765652 0.094148
v -0.004012 1.745527 0.112540
v -0.030297 1.751268 0.063331
v 0.000000 1.733689 0.102862
v -0.004968 1.750697 0.110613
v 0.008215 1.736624 0.101304
v 0.000000 1.743890 0.113519
v 0.016232 1.745086 0.085746
v 0.004012 1.745527 0.112540
v 0.000000 1.754124 0.124470
v 0.004968 1.750697 0.110613
v 0.000000 1.753708 0.109321
v 0.010209 1.747443 0.098106
v 0.000000 1.753675 0.095968
v 0.012670 1.746042 0.079689
v 0.024535 1.749480 0.082014
v 0.011184 1.751568 0.083388
v 0.028964 1.744894 0.097481
v 0.019345 1.750869 0.073025
v 0.040188 1.741053 0.106937
v 0.034106 1.747608 0.094539
v 0.041316 1.745340 0.105593
v 0.043131 1.737839 0.106543
v 0.055109 1.746128 0.113832
v 0.043770 1.746468 0.104045
v 0.034096 1.748731 0.078449
v 0.040072 1.746973 0.091668
v 0.046598 1.746011 0.102704
v 0.049076 1.742402 0.102337
v 0.048312 1.737417 0.103756
v 0.045386 1.739555 0.090095
v 0.043866 1.729727 0.092117
v 0.041760 1.725719 0.084523
v 0.042484 1.737475 0.075965
v 0.049865 1.719662 0.084942
v 0.054597 1.706552 0.087298
v 0.042741 1.742092 0.066445
v 0.068228 1.681656 0.087338
v 0.061198 1.667498 0.087057
v 0.064182 1.667482 0.089452
v 0.061996 1.667223 0.082681
v 0.064340 1.655549 0.085987
v 0.065801 1.655629 0.087602
v 0.066944 1.655174 0.080972
v 0.064541 1.654856 0.083570
v 0.067925 1.639873 0.083903
v 0.069441 1.654371 0.081363
v 0.068795 1.667173 0.088104
v 0.068905 1.655502 0.087182
v 0.070167 1.655117 0.084627
v 0.070866 1.666780 0.083993
v 0.030297 1.751268 0.063331
v 0.057023 1.766279 0.064458
v 0.062459 1.758506 0.066518
v 0.068880 1.755663 0.061872
v 0.085126 1.781775 0.068298
v 0.073897 1.756729 0.054514
v 0.056953 1.773619 0.056497
v 0.074036 1.763664 0.046360
v 0.068767 1.746701 0.032675
v 0.068645 1.771848 0.043659
v 0.066367 1.740102 0.027038
v 0.062231 1.774415 0.049108
v 0.049930 1.761789 0.021749
v 0.040097 1.767755 0.029845
v 0.029591 1.766405 0.044578
v 0.022556 1.766378 0.041243
v 0.031670 1.765516 0.021789
v 0.057742 1.744767 0.017170
v 0.061848 1.752448 0.008310
v 0.064572 1.742102 0.011270
v 0.072759 1.738867 0.025857
v 0.070869 1.740754 0.009126
v 0.095745 1.736708 0.023266
v 0.096079 1.727478 0.027723
v 0.095686 1.739943 0.014724
v 0.121945 1.731160 0.017987
v 0.097670 1.714017 0.013873
v 0.096684 1.736301 0.005855
v 0.098329 1.717026 0.005044
v 0.097328 1.726689 0.000264
v 0.080406 1.734603 -0.003680
v 0.084637 1.716543 -0.008441
v 0.091921 1.711497 -0.001666
v 0.100713 1.694714 -0.000945
v 0.090871 1.698602 -0.013155
v 0.098157 1.691841 0.010736
v 0.099689 1.690244 -0.008513
v 0.095497 1.686123 0.012709
v 0.107881 1.683288 0.000834
v 0.106433 1.681688 0.007278
v 0.104996 1.678466 0.007828
v 0.116248 1.670046 0.002494
v 0.092817 1.679766 0.008637
v 0.103874 1.675152 0.005170
v 0.092347 1.678092 -0.001060
v 0.103660 1.674338 0.000904
v 0.105159 1.675536 -0.004561
v 0.107106 1.680468 -0.002916
v 0.095903 1.680106 -0.010571
v 0.082247 1.680464 -0.009976
v 0.089560 1.684836 -0.019949
v 0.082738 1.669268 -0.040947
v 0.084280 1.676561 -0.032992
v 0.085987 1.660276 -0.039613
v 0.089828 1.673157 -0.040909
v 0.083093 1.633660 -0.051405
v 0.087061 1.667803 -0.043828
v 0.080226 1.666020 -0.049723
v 0.077195 1.652979 -0.063247
v 0.084099 1.619181 -0.032384
v 0.074736 1.660908 -0.065296
v 0.081413 1.625883 -0.016329
v 0.072241 1.616382 -0.017523
v 0.080329 1.615965 -0.020440
v 0.074736 1.602957 -0.023043
v 0.072963 1.589165 -0.025045
v 0.057569 1.589676 -0.020193
v 0.083276 1.602582 -0.035508
v 0.082964 1.616419 -0.052129
v 0.082082 1.583729 -0.039782
v 0.074901 1.630380 -0.067798
v 0.081703 1.600938 -0.051780
v 0.074381 1.600774 -0.067410
v 0.079286 1.582741 -0.052450
v 0.070981 1.573628 -0.028077
v 0.082927 1.537429 -0.048481
v 0.051198 1.575682 -0.027497
v 0.047303 1.559362 -0.033656
v 0.050799 1.572865 -0.031541
v 0.045246 1.554352 -0.038661
v 0.041485 1.548368 -0.044224
v 0.037265 1.547147 -0.049468
v 0.034992 1.552675 -0.053764
v 0.059797 1.552728 -0.031479
v 0.036637 1.558549 -0.060470
v 0.032172 1.537182 -0.054000
v 0.030276 1.546292 -0.057490
v 0.066903 1.553539 -0.027815
v 0.069697 1.525057 -0.032089
v 0.073112 1.553304 -0.029889
v 0.074843 1.569074 -0.036920
v 0.072795 1.553130 -0.037342
v 0.070851 1.557519 -0.043392
v 0.065627 1.550060 -0.041295
v 0.059701 1.552351 -0.037775
v 0.063194 1.549119 -0.044709
v 0.056359 1.551602 -0.041688
v 0.074123 1.566316 -0.053950
v 0.043593 1.547259 -0.051699
v 0.064311 1.551621 -0.056882
v 0.071245 1.567865 -0.062810
v 0.072869 1.583458 -0.067586
v 0.072403 1.570053 -0.068940
v 0.066252 1.570454 -0.073581
v 0.059036 1.567637 -0.070956
v 0.064008 1.584358 -0.075660
v 0.060333 1.575306 -0.074669
v 0.057191 1.549427 -0.064720
v 0.050001 1.566971 -0.076984
v 0.051045 1.589018 -0.085943
v 0.064285 1.602359 -0.078107
v 0.064413 1.628224 -0.081274
v 0.051048 1.604397 -0.088148
v 0.062238 1.647347 -0.082850
v 0.049343 1.626893 -0.091810
v 0.063567 1.656908 -0.081877
v 0.042329 1.643786 -0.096133
v 0.046082 1.651436 -0.095232
v 0.037104 1.608014 -0.097763
v 0.035751 1.626048 -0.097762
v 0.039530 1.595955 -0.100777
v 0.046510 1.595093 -0.093804
v 0.031217 1.593947 -0.102247
v 0.047680 1.585987 -0.092034
v 0.044090 1.569110 -0.114553
v 0.044455 1.578528 -0.087654
v 0.039312 1.574259 -0.097681
v 0.029276 1.585476 -0.100956
v 0.023662 1.603009 -0.102537
v 0.020985 1.587932 -0.097227
v 0.029259 1.579927 -0.093111
v 0.037219 1.576053 -0.089956
v 0.043839 1.549745 -0.082464
v 0.028642 1.559874 -0.087650
v 0.048335 1.552355 -0.069519
v 0.037209 1.549995 -0.084730
v 0.048056 1.541529 -0.073107
v 0.038800 1.511302 -0.081511
v 0.030126 1.538794 -0.081127
v 0.045913 1.543989 -0.063203
v 0.045138 1.538327 -0.067755
v 0.037277 1.538361 -0.065929
v 0.032189 1.537880 -0.070196
v 0.028923 1.555936 -0.064802
v 0.026849 1.532462 -0.059164
v 0.023191 1.539825 -0.060982
v 0.050347 1.531597 -0.054052
v 0.020218 1.554260 -0.068912
v 0.020191 1.528078 -0.063855
v 0.016788 1.544471 -0.064823
v 0.025178 1.535578 -0.082637
v 0.010982 1.553521 -0.071878
v 0.012507 1.533938 -0.066744
v 0.008075 1.545357 -0.068086
v 0.018653 1.535694 -0.075965
v 0.020232 1.542618 -0.090065
v 0.012879 1.503658 -0.088061
v 0.011596 1.534970 -0.076985
v 0.000000 1.553521 -0.072949
v 0.004484 1.539381 -0.067826
v 0.000000 1.546295 -0.069454
v -0.004484 1.539381 -0.067826
v -0.008075 1.545357 -0.068086
v 0.000000 1.536648 -0.087284
v -0.010982 1.553521 -0.071878
v -0.012507 1.533938 -0.066744
v -0.016788 1.544471 -0.064823
v 0.004214 1.533098 -0.089993
v -0.020218 1.554260 -0.068912
v -0.020191 1.528078 -0.063855
v -0.023191 1.539825 -0.060982
v 0.013222 1.543128 -0.093290
v 0.000000 1.552643 -0.093644
v 0.017878 1.562043 -0.095115
v 0.012258 1.572956 -0.097938
v 0.008009 1.563665 -0.097164
v 0.007549 1.587487 -0.099552
v 0.006116 1.572893 -0.101778
v 0.000000 1.544343 -0.111133
v 0.011615 1.591701 -0.103373
v 0.000000 1.587460 -0.101421
v 0.016621 1.610118 -0.102404
v 0.000000 1.580700 -0.121336
v 0.006907 1.597663 -0.109122
v 0.000000 1.573478 -0.102939
v -0.006116 1.572893 -0.101778
v -0.007549 1.587487 -0.099552
v -0.008009 1.563665 -0.097164
v -0.012258 1.572956 -0.097938
v -0.011615 1.591701 -0.103373
v -0.017878 1.562043 -0.095115
v -0.020985 1.587932 -0.097227
v -0.006907 1.597663 -0.109122
v 0.000000 1.599569 -0.110599
v 0.000000 1.612246 -0.106072
v -0.016621 1.610118 -0.102404
v -0.023662 1.603009 -0.102537
v 0.017846 1.625306 -0.102996
v 0.000000 1.625288 -0.105097
v 0.018581 1.641630 -0.104514
v -0.017846 1.625306 -0.102996
v 0.000000 1.640412 -0.107390
v -0.035751 1.626048 -0.097762
v -0.018581 1.641630 -0.104514
v 0.000000 1.653359 -0.109237
v -0.037104 1.608014 -0.097763
v -0.042329 1.643786 -0.096133
v -0.031217 1.593947 -0.102247
v -0.049343 1.626893 -0.091810
v -0.039530 1.595955 -0.100777
v -0.051048 1.604397 -0.088148
v -0.029276 1.585476 -0.100956
v -0.044090 1.569110 -0.114553
v -0.029259 1.579927 -0.093111
v -0.039312 1.574259 -0.097681
v -0.046510 1.595093 -0.093804
v -0.047680 1.585987 -0.092034
v -0.051045 1.589018 -0.085943
v -0.044455 1.578528 -0.087654
v -0.037219 1.576053 -0.089956
v -0.028642 1.559874 -0.087650
v -0.043839 1.549745 -0.082464
v -0.037209 1.549995 -0.084730
v -0.020232 1.542618 -0.090065
v -0.050001 1.566971 -0.076984
v -0.013222 1.543128 -0.093290
v -0.004214 1.533098 -0.089993
v -0.012879 1.503658 -0.088061
v -0.011596 1.534970 -0.076985
v -0.025178 1.535578 -0.082637
v -0.018653 1.535694 -0.075965
v -0.030126 1.538794 -0.081127
v -0.028923 1.555936 -0.064802
v -0.026849 1.532462 -0.059164
v -0.030276 1.546292 -0.057490
v -0.038800 1.511302 -0.081511
v -0.032189 1.537880 -0.070196
v -0.037277 1.538361 -0.065929
v -0.036637 1.558549 -0.060470
v -0.032172 1.537182 -0.054000
v -0.034992 1.552675 -0.053764
v -0.045138 1.538327 -0.067755
v -0.042950 1.561668 -0.055426
v -0.037265 1.547147 -0.049468
v -0.039575 1.557121 -0.049547
v -0.048056 1.541529 -0.073107
v -0.045913 1.543989 -0.063203
v -0.048335 1.552355 -0.069519
v -0.043593 1.547259 -0.051699
v -0.057191 1.549427 -0.064720
v -0.056359 1.551602 -0.041688
v -0.047492 1.566910 -0.049754
v -0.041485 1.548368 -0.044224
v -0.044408 1.562429 -0.042681
v -0.045246 1.554352 -0.038661
v -0.051382 1.574713 -0.043743
v -0.048522 1.568080 -0.036934
v -0.047303 1.559362 -0.033656
v -0.056379 1.584357 -0.039219
v -0.050799 1.572865 -0.031541
v -0.051198 1.575682 -0.027497
v -0.057569 1.589676 -0.020193
v -0.059797 1.552728 -0.031479
v -0.070981 1.573628 -0.028077
v -0.059701 1.552351 -0.037775
v -0.066903 1.553539 -0.027814
v -0.069697 1.525057 -0.032089
v -0.073112 1.553304 -0.029889
v -0.072963 1.589165 -0.025045
v -0.069965 1.603054 -0.012011
v -0.072795 1.553130 -0.037342
v -0.074843 1.569074 -0.036920
v -0.065627 1.550060 -0.041295
v -0.070851 1.557519 -0.043392
v -0.063195 1.549119 -0.044709
v -0.082927 1.537429 -0.048481
v -0.082082 1.583729 -0.039782
v -0.074123 1.566316 -0.053950
v -0.079286 1.582741 -0.052450
v -0.083276 1.602582 -0.035508
v -0.064311 1.551621 -0.056882
v -0.074736 1.602957 -0.023043
v -0.081703 1.600938 -0.051780
v -0.082964 1.616419 -0.052129
v -0.074381 1.600774 -0.067410
v -0.084099 1.619181 -0.032384
v -0.072241 1.616382 -0.017523
v -0.080329 1.615965 -0.020440
v -0.081413 1.625883 -0.016329
v -0.083093 1.633660 -0.051405
v -0.085072 1.638050 -0.029649
v -0.083948 1.630934 -0.010610
v -0.080758 1.625910 -0.005080
v -0.077576 1.614137 -0.000997
v -0.086329 1.645157 0.003402
v -0.085098 1.627380 0.004151
v -0.080771 1.613827 0.000377
v -0.084251 1.614719 0.003695
v -0.082470 1.627698 0.010588
v -0.083460 1.604458 0.004709
v -0.081611 1.605598 0.002713
v -0.080770 1.615346 0.008351
v -0.081423 1.605568 0.006722
v -0.082230 1.591951 0.005185
v -0.080783 1.606405 0.004822
v -0.079560 1.598875 0.006263
v -0.079928 1.598813 0.002710
v -0.076850 1.585674 0.003504
v -0.077012 1.599287 0.006735
v -0.077748 1.599176 0.001465
v -0.076774 1.599341 0.004088
v -0.077266 1.608449 0.009363
v -0.079138 1.613965 0.005658
v -0.075875 1.597997 0.006266
v -0.075845 1.611987 0.010220
v -0.076154 1.625976 0.016433
v -0.076482 1.616014 0.014555
v -0.080185 1.615734 0.011708
v -0.077251 1.606612 0.014423
v -0.077451 1.604667 0.011244
v -0.073741 1.643347 0.027779
v -0.079041 1.605487 0.013131
v -0.077513 1.595842 0.014910
v -0.086020 1.659013 0.010937
v -0.073782 1.652151 0.034143
v -0.075065 1.663779 0.026722
v -0.086753 1.667092 -0.011423
v -0.083969 1.673022 0.018254
v -0.072733 1.678899 0.032233
v -0.085987 1.660276 -0.039598
v -0.079400 1.691286 0.025062
v -0.077195 1.652979 -0.063247
v -0.073528 1.695178 0.033796
v -0.068975 1.690881 0.041620
v -0.084919 1.685027 0.011190
v -0.065579 1.696413 0.045910
v -0.066095 1.693497 0.045757
v -0.077141 1.698669 0.027060
v -0.072581 1.692233 0.047429
v -0.077546 1.691915 0.035864
v -0.084700 1.695585 0.031614
v -0.073330 1.695213 0.056770
v -0.088681 1.685253 0.034228
v -0.083409 1.681986 0.037343
v -0.080546 1.681163 0.044634
v -0.091915 1.672705 0.035535
v -0.089210 1.670441 0.037146
v -0.087567 1.669222 0.041305
v -0.096182 1.651505 0.037054
v -0.094384 1.673853 0.038704
v -0.087729 1.669816 0.045559
v -0.092397 1.687985 0.039304
v -0.094302 1.673164 0.043483
v -0.091320 1.671839 0.046183
v -0.081725 1.681933 0.051469
v -0.087607 1.685154 0.052482
v -0.091915 1.687620 0.047155
v -0.081792 1.699294 0.056444
v -0.089331 1.700462 0.038818
v -0.088144 1.701663 0.049350
v -0.074819 1.713655 0.059745
v -0.079489 1.702883 0.025318
v -0.085140 1.712257 0.037829
v -0.083048 1.715377 0.049173
v -0.086288 1.695058 0.017885
v -0.078732 1.725250 0.034909
v -0.088653 1.705607 0.015994
v -0.074729 1.729762 0.045674
v -0.064378 1.728762 0.058929
v -0.068993 1.735586 0.044728
v -0.062098 1.726635 0.059401
v -0.097396 1.717402 0.022713
v -0.065057 1.707785 0.060428
v -0.059536 1.732497 0.058237
v -0.066827 1.721978 0.068033
v -0.059815 1.701002 0.066104
v -0.067114 1.703759 0.063477
v -0.069526 1.708148 0.073745
v -0.069264 1.691837 0.069988
v -0.052032 1.701650 0.077312
v -0.061818 1.691575 0.070704
v -0.050653 1.703697 0.085390
v -0.055750 1.691662 0.079039
v -0.054597 1.706552 0.087298
v -0.054702 1.692535 0.086678
v -0.058650 1.693899 0.089419
v -0.064040 1.709231 0.083318
v -0.061612 1.681421 0.089506
v -0.058105 1.680388 0.087106
v -0.059156 1.679859 0.080807
v -0.066992 1.694633 0.086256
v -0.061198 1.667498 0.087057
v -0.064182 1.667482 0.089452
v -0.065801 1.655629 0.087602
v -0.064340 1.655549 0.085987
v -0.061996 1.667223 0.082681
v -0.063936 1.679955 0.075356
v -0.070534 1.679790 0.074785
v -0.065697 1.666615 0.078616
v -0.064541 1.654856 0.083570
v -0.066944 1.655174 0.080972
v -0.067925 1.639873 0.083903
v -0.070440 1.666714 0.078802
v -0.069441 1.654371 0.081363
v -0.070166 1.655117 0.084627
v -0.070866 1.666780 0.083993
v -0.068905 1.655502 0.087182
v -0.068795 1.667173 0.088104
v -0.068228 1.681656 0.087338
v -0.071623 1.680961 0.081350
v -0.071265 1.693520 0.078372
v -0.059153 1.724660 0.078486
v -0.049411 1.738759 0.071979
v -0.042741 1.742092 0.066445
v -0.062459 1.758506 0.066518
v -0.057023 1.766279 0.064458
v -0.068880 1.755663 0.061872
v -0.085126 1.781775 0.068298
v -0.073897 1.756729 0.054487
v -0.056953 1.773619 0.056240
v -0.074036 1.763664 0.046331
v -0.068767 1.746701 0.032542
v -0.068645 1.771848 0.043370
v -0.066367 1.740102 0.026890
v -0.062231 1.774415 0.048829
v -0.049930 1.761789 0.021785
v -0.040097 1.767755 0.029928
v -0.029591 1.766405 0.044705
v -0.022556 1.766378 0.041298
v -0.031670 1.765516 0.021830
v -0.057742 1.744767 0.017022
v -0.061848 1.752448 0.008219
v -0.064572 1.742102 0.011111
v -0.072759 1.738867 0.025712
v -0.070869 1.740754 0.008979
v -0.095745 1.736708 0.023149
v -0.096079 1.727478 0.027590
v -0.095686 1.739943 0.014594
v -0.121945 1.731160 0.017862
v -0.096684 1.736301 0.005721
v -0.097670 1.714017 0.013769
v -0.097328 1.726689 0.000112
v -0.098329 1.717026 0.004953
v -0.080406 1.734603 -0.003826
v -0.084637 1.716543 -0.008441
v -0.091921 1.711497 -0.001666
v -0.100713 1.694714 -0.001073
v -0.090871 1.698602 -0.013257
v -0.098157 1.691841 0.010736
v -0.099689 1.690244 -0.008641
v -0.095497 1.686123 0.012725
v -0.107881 1.683288 0.000839
v -0.106433 1.681688 0.007294
v -0.104996 1.678466 0.007849
v -0.116248 1.670046 0.002511
v -0.092817 1.679766 0.008654
v -0.103874 1.675152 0.005186
v -0.092347 1.678092 -0.001043
v -0.103660 1.674338 0.000920
v -0.105159 1.675536 -0.004545
v -0.107106 1.680468 -0.002916
v -0.095903 1.680106 -0.010565
v -0.082247 1.680464 -0.009959
v -0.089560 1.684836 -0.019932
v -0.082738 1.669268 -0.040930
v -0.084280 1.676561 -0.032975
v -0.080226 1.666020 -0.049723
v -0.089828 1.673157 -0.040900
v -0.087061 1.667803 -0.043811
v -0.087542 1.684213 -0.035810
v -0.092172 1.678559 -0.043132
v -0.097884 1.663425 -0.048188
v -0.099928 1.665522 -0.049211
v -0.095653 1.661433 -0.049475
v -0.108118 1.653395 -0.054947
v -0.085101 1.665054 -0.050893
v -0.094259 1.660508 -0.052923
v -0.094117 1.660842 -0.056802
v -0.084591 1.665561 -0.058653
v -0.076561 1.667283 -0.059284
v -0.086062 1.669738 -0.063768
v -0.095541 1.662527 -0.059359
v -0.074736 1.660908 -0.065296
v -0.097709 1.664669 -0.059799
v -0.074428 1.674479 -0.067294
v -0.099736 1.666343 -0.057490
v -0.088603 1.675318 -0.064649
v -0.100844 1.666962 -0.053805
v -0.091216 1.679927 -0.060031
v -0.078288 1.682858 -0.068587
v -0.092857 1.681902 -0.052664
v -0.084423 1.690732 -0.051536
v -0.082160 1.689763 -0.061691
v -0.071559 1.686551 -0.074157
v -0.070412 1.674844 -0.068896
v -0.069875 1.699759 -0.065312
v -0.063567 1.656908 -0.081877
v -0.074537 1.675664 -0.084981
v -0.070850 1.664634 -0.078374
v -0.062238 1.647347 -0.082850
v -0.071316 1.683484 -0.083130
v -0.074901 1.630380 -0.067798
v -0.076119 1.696048 -0.080360
v -0.064285 1.602359 -0.078107
v -0.064413 1.628224 -0.081274
v -0.064009 1.584358 -0.075660
v -0.060333 1.575306 -0.074669
v -0.072869 1.583458 -0.067586
v -0.066252 1.570454 -0.073581
v -0.059036 1.567637 -0.070956
v -0.072404 1.570053 -0.068940
v -0.071245 1.567865 -0.062810
v -0.062075 1.533956 -0.055040
v -0.062133 1.534894 -0.049632
v -0.058764 1.532789 -0.059365
v -0.058090 1.533608 -0.046451
v -0.057746 1.512861 -0.053488
v -0.052913 1.532229 -0.047989
v -0.052985 1.531838 -0.058568
v -0.050347 1.531597 -0.054052
v -0.046082 1.651436 -0.095232
v -0.056831 1.651402 -0.100346
v -0.067194 1.653800 -0.088721
v -0.067609 1.648161 -0.104612
v -0.072781 1.649190 -0.098518
v -0.073365 1.658547 -0.089108
v -0.075804 1.665901 -0.093537
v -0.075878 1.651483 -0.098993
v -0.077045 1.655160 -0.101227
v -0.078408 1.642690 -0.109193
v -0.075227 1.657104 -0.104532
v -0.068753 1.653368 -0.106848
v -0.071826 1.656541 -0.106977
v -0.059112 1.662317 -0.104817
v -0.072296 1.669790 -0.100120
v -0.065329 1.668661 -0.105061
v -0.069352 1.681497 -0.094830
v -0.049471 1.670289 -0.101938
v -0.058781 1.679802 -0.102300
v -0.068492 1.683854 -0.093878
v -0.056777 1.687021 -0.101273
v -0.040222 1.662095 -0.099250
v -0.037678 1.677853 -0.096521
v -0.079638 1.691673 -0.093837
v -0.074727 1.688808 -0.098819
v -0.068768 1.692435 -0.105333
v -0.086012 1.697103 -0.107868
v -0.082903 1.698899 -0.111134
v -0.088665 1.698554 -0.105427
v -0.066899 1.699337 -0.107712
v -0.082363 1.698674 -0.091551
v -0.100014 1.705663 -0.120084
v -0.090226 1.702071 -0.104386
v -0.075420 1.707361 -0.081501
v -0.082067 1.706180 -0.092401
v -0.090169 1.705815 -0.104904
v -0.078364 1.710882 -0.096658
v -0.088293 1.708150 -0.107105
v -0.085549 1.708368 -0.109766
v -0.082018 1.702345 -0.112391
v -0.083186 1.706010 -0.111764
v -0.073168 1.711367 -0.102029
v -0.068843 1.706657 -0.106218
v -0.069880 1.714533 -0.087781
v -0.062404 1.715411 -0.095872
v -0.056356 1.708361 -0.102281
v -0.066319 1.716956 -0.081304
v -0.053849 1.697411 -0.104728
v -0.045527 1.719313 -0.096460
v -0.045459 1.702346 -0.102035
v -0.039408 1.689312 -0.099682
v -0.034705 1.682001 -0.095319
v -0.037951 1.691188 -0.112300
v -0.026662 1.686421 -0.113980
v -0.027477 1.679839 -0.106442
v -0.043548 1.703274 -0.111602
v -0.037453 1.669367 -0.104884
v -0.037692 1.697618 -0.126411
v -0.042079 1.716597 -0.111937
v -0.041618 1.705741 -0.126198
v -0.038105 1.703938 -0.140368
v -0.040742 1.714581 -0.126564
v -0.040515 1.708694 -0.140314
v -0.033501 1.702041 -0.140821
v -0.040034 1.713893 -0.140541
v -0.030005 1.694358 -0.127328
v -0.037834 1.712764 -0.159600
v -0.027759 1.704505 -0.141553
v -0.020341 1.698621 -0.128711
v -0.036291 1.717182 -0.141130
v -0.034514 1.720161 -0.127561
v -0.031307 1.717498 -0.141671
v -0.034611 1.724250 -0.114016
v -0.026251 1.720765 -0.128570
v -0.027335 1.714202 -0.141992
v -0.025836 1.709180 -0.141917
v -0.019605 1.715206 -0.129275
v -0.017224 1.706658 -0.129283
v -0.020664 1.726120 -0.115128
v -0.010859 1.717788 -0.116559
v -0.006440 1.704661 -0.114661
v -0.035812 1.725787 -0.110273
v -0.018391 1.729130 -0.109586
v -0.003399 1.714306 -0.108579
v 0.000000 1.728356 -0.099750
v 0.000000 1.715029 -0.108867
v -0.010828 1.695211 -0.120289
v 0.000000 1.697513 -0.121252
v -0.023056 1.684582 -0.115913
v -0.005416 1.681532 -0.136238
v 0.000000 1.682692 -0.136770
v -0.011531 1.676171 -0.133794
v 0.005416 1.681532 -0.136238
v 0.000000 1.669651 -0.153978
v -0.012163 1.668471 -0.130452
v -0.023949 1.669236 -0.113140
v -0.007981 1.661786 -0.127584
v -0.029501 1.672111 -0.109968
v -0.031403 1.660073 -0.116623
v -0.015015 1.656286 -0.107065
v -0.036667 1.658237 -0.113234
v -0.025328 1.658861 -0.118365
v -0.031892 1.646375 -0.123271
v -0.038374 1.653375 -0.109477
v -0.034502 1.645445 -0.121577
v -0.028859 1.645809 -0.124142
v -0.037440 1.651898 -0.098648
v -0.031992 1.632506 -0.129794
v -0.035298 1.643011 -0.119698
v -0.036436 1.648003 -0.106904
v -0.019920 1.646687 -0.104468
v -0.034282 1.640344 -0.118412
v -0.027871 1.638958 -0.120081
v -0.023455 1.644936 -0.110366
v -0.020074 1.648949 -0.114317
v -0.026139 1.640901 -0.122118
v 0.000000 1.659563 -0.126678
v 0.007981 1.661786 -0.127584
v 0.015015 1.656286 -0.107065
v 0.012163 1.668471 -0.130452
v 0.019920 1.646687 -0.104468
v 0.011531 1.676171 -0.133794
v 0.023056 1.684582 -0.115913
v 0.023949 1.669236 -0.113140
v 0.010828 1.695211 -0.120289
v 0.006440 1.704661 -0.114661
v 0.026662 1.686421 -0.113980
v 0.003399 1.714306 -0.108579
v 0.020341 1.698621 -0.128711
v 0.010859 1.717788 -0.116559
v 0.017224 1.706658 -0.129283
v 0.027759 1.704505 -0.141553
v 0.019605 1.715206 -0.129275
v 0.030005 1.694358 -0.127329
v 0.025836 1.709180 -0.141917
v 0.033501 1.702041 -0.140821
v 0.027335 1.714202 -0.141992
v 0.037834 1.712764 -0.159600
v 0.026251 1.720765 -0.128570
v 0.037692 1.697618 -0.126411
v 0.031307 1.717498 -0.141671
v 0.020664 1.726120 -0.115128
v 0.034514 1.720161 -0.127561
v 0.018391 1.729130 -0.109586
v 0.034611 1.724250 -0.114016
v 0.035812 1.725787 -0.110273
v 0.036291 1.717182 -0.141130
v 0.040033 1.713893 -0.140541
v 0.040742 1.714581 -0.126564
v 0.040515 1.708694 -0.140314
v 0.038105 1.703938 -0.140368
v 0.041618 1.705741 -0.126198
v 0.042079 1.716597 -0.111937
v 0.043548 1.703274 -0.111602
v 0.037951 1.691188 -0.112300
v 0.045459 1.702346 -0.102035
v 0.039408 1.689312 -0.099682
v 0.034705 1.682001 -0.095319
v 0.045527 1.719313 -0.096460
v 0.053849 1.697411 -0.104728
v 0.027477 1.679839 -0.106442
v 0.056776 1.687021 -0.101273
v 0.037678 1.677853 -0.096521
v 0.029501 1.672111 -0.109968
v 0.037453 1.669367 -0.104884
v 0.031403 1.660073 -0.116623
v 0.025328 1.658861 -0.118365
v 0.036667 1.658237 -0.113234
v 0.020074 1.648949 -0.114317
v 0.031892 1.646375 -0.123271
v 0.028859 1.645809 -0.124142
v 0.026139 1.640901 -0.122118
v 0.031992 1.632506 -0.129794
v 0.027871 1.638958 -0.120081
v 0.023455 1.644936 -0.110366
v 0.034282 1.640344 -0.118412
v 0.034502 1.645445 -0.121577
v 0.035298 1.643011 -0.119698
v 0.036436 1.648003 -0.106904
v 0.038374 1.653375 -0.109477
v 0.037440 1.651898 -0.098648
v 0.040222 1.662095 -0.099250
v 0.049471 1.670289 -0.101938
v 0.059112 1.662317 -0.104817
v 0.058781 1.679802 -0.102300
v 0.056831 1.651402 -0.100346
v 0.065329 1.668661 -0.105061
v 0.068753 1.653368 -0.106848
v 0.071826 1.656541 -0.106977
v 0.067609 1.648161 -0.104612
v 0.078408 1.642690 -0.109193
v 0.072781 1.649190 -0.098518
v 0.072296 1.669790 -0.100120
v 0.075227 1.657104 -0.104532
v 0.069352 1.681497 -0.094830
v 0.075804 1.665901 -0.093537
v 0.077045 1.655160 -0.101227
v 0.075878 1.651483 -0.098993
v 0.073365 1.658547 -0.089108
v 0.067194 1.653800 -0.088721
v 0.070850 1.664634 -0.078374
v 0.070412 1.674844 -0.068896
v 0.074537 1.675664 -0.084981
v 0.076561 1.667283 -0.059284
v 0.068492 1.683854 -0.093878
v 0.084591 1.665561 -0.058653
v 0.068768 1.692435 -0.105333
v 0.085101 1.665054 -0.050893
v 0.066899 1.699337 -0.107712
v 0.095653 1.661433 -0.049475
v 0.056356 1.708361 -0.102281
v 0.097884 1.663425 -0.048188
v 0.094259 1.660508 -0.052923
v 0.099928 1.665522 -0.049211
v 0.108118 1.653395 -0.054947
v 0.094117 1.660842 -0.056802
v 0.092172 1.678559 -0.043138
v 0.086062 1.669738 -0.063768
v 0.095541 1.662527 -0.059359
v 0.074428 1.674479 -0.067294
v 0.097709 1.664669 -0.059799
v 0.088603 1.675318 -0.064649
v 0.078288 1.682858 -0.068587
v 0.099736 1.666343 -0.057490
v 0.100844 1.666962 -0.053805
v 0.091216 1.679927 -0.060031
v 0.092857 1.681902 -0.052664
v 0.082160 1.689763 -0.061691
v 0.071559 1.686551 -0.074157
v 0.084423 1.690732 -0.051536
v 0.071316 1.683484 -0.083130
v 0.069875 1.699759 -0.065312
v 0.076118 1.696048 -0.080360
v 0.079638 1.691673 -0.093837
v 0.074727 1.688808 -0.098819
v 0.082903 1.698899 -0.111134
v 0.086012 1.697103 -0.107868
v 0.088665 1.698554 -0.105427
v 0.082018 1.702345 -0.112391
v 0.100014 1.705663 -0.120084
v 0.068843 1.706657 -0.106218
v 0.082363 1.698674 -0.091551
v 0.090226 1.702071 -0.104386
v 0.075420 1.707361 -0.081501
v 0.082067 1.706180 -0.092401
v 0.090169 1.705815 -0.104904
v 0.069880 1.714533 -0.087781
v 0.078364 1.710882 -0.096658
v 0.088293 1.708150 -0.107105
v 0.085549 1.708368 -0.109766
v 0.083186 1.706010 -0.111764
v 0.073168 1.711367 -0.102029
v 0.062404 1.715411 -0.095872
v 0.066319 1.716956 -0.081304
v 0.054044 1.726578 -0.085576
v 0.071272 1.709628 -0.070975
v 0.069859 1.735779 -0.084731
v 0.075958 1.723699 -0.082137
v 0.075558 1.710457 -0.057967
v 0.080723 1.721119 -0.075249
v 0.083837 1.706765 -0.054677
v 0.084191 1.723355 -0.067320
v 0.085502 1.731583 -0.084175
v 0.091023 1.731066 -0.074305
v 0.088687 1.729573 -0.079585
v 0.081709 1.740500 -0.085970
v 0.091626 1.734197 -0.071221
v 0.098494 1.740894 -0.087041
v 0.101337 1.740607 -0.082125
v 0.100080 1.739913 -0.084745
v 0.111424 1.748018 -0.089892
v 0.096694 1.745172 -0.087961
v 0.081155 1.749330 -0.082045
v 0.096284 1.749511 -0.085966
v 0.101763 1.742088 -0.080613
v 0.097078 1.750971 -0.083413
v 0.100932 1.746745 -0.079362
v 0.098674 1.750404 -0.080984
v 0.089946 1.743761 -0.068712
v 0.085888 1.751108 -0.072067
v 0.082880 1.752222 -0.076971
v 0.081992 1.741127 -0.058792
v 0.068325 1.748428 -0.078675
v 0.070771 1.752908 -0.071030
v 0.075323 1.751468 -0.063682
v 0.053098 1.741522 -0.078787
v 0.053744 1.753908 -0.069476
v 0.053996 1.739676 -0.100720
v 0.046296 1.751047 -0.072806
v 0.048840 1.733984 -0.108784
v 0.052967 1.748831 -0.094193
v 0.040707 1.733105 -0.115194
v 0.047708 1.757681 -0.091128
v 0.053640 1.757018 -0.116377
v 0.054098 1.752506 -0.119454
v 0.051589 1.749697 -0.123264
v 0.050935 1.761403 -0.114832
v 0.055943 1.764374 -0.143812
v 0.047558 1.749271 -0.126307
v 0.032564 1.738419 -0.117025
v 0.043477 1.751903 -0.127273
v 0.014117 1.737585 -0.106051
v 0.027022 1.747023 -0.114414
v 0.040653 1.756179 -0.126022
v 0.040542 1.760635 -0.122714
v 0.042705 1.763704 -0.118783
v 0.026918 1.756012 -0.107555
v 0.014685 1.750147 -0.098339
v 0.031357 1.762212 -0.099540
v 0.046754 1.763793 -0.115934
v 0.039422 1.762456 -0.093481
v 0.023482 1.759340 -0.087008
v 0.033507 1.758381 -0.077761
v 0.039994 1.763621 -0.074760
v 0.023608 1.768708 -0.073131
v 0.025593 1.768656 -0.068707
v 0.059954 1.771231 -0.069103
v 0.012165 1.779371 -0.066056
v 0.031381 1.775218 -0.069719
v 0.051689 1.777661 -0.072381
v 0.021718 1.777982 -0.054473
v 0.008429 1.783241 -0.079289
v 0.045036 1.785308 -0.068803
v 0.015741 1.776569 -0.085161
v 0.062326 1.791096 -0.070636
v 0.016485 1.767353 -0.093360
v 0.066918 1.787403 -0.068824
v 0.011531 1.759200 -0.100650
v 0.068835 1.787137 -0.065225
v 0.005768 1.776617 -0.106876
v 0.063400 1.770824 -0.062565
v 0.008246 1.780809 -0.103656
v 0.059101 1.753440 -0.059012
v 0.007873 1.785502 -0.099906
v 0.058761 1.750049 -0.043827
v 0.004218 1.788899 -0.097204
v 0.000000 1.796359 -0.120565
v 0.000000 1.790007 -0.096245
v 0.000000 1.785692 -0.077487
v 0.000000 1.774850 -0.108285
v 0.000000 1.784475 -0.070404
v 0.000000 1.755731 -0.103752
v 0.000000 1.737455 -0.101079
v -0.011531 1.759200 -0.100650
v -0.014685 1.750147 -0.098339
v -0.005768 1.776617 -0.106876
v -0.016485 1.767353 -0.093360
v -0.008246 1.780809 -0.103656
v -0.007873 1.785502 -0.099906
v -0.023482 1.759340 -0.087008
v -0.015741 1.776569 -0.085161
v -0.004218 1.788899 -0.097204
v -0.008429 1.783241 -0.079289
v -0.023608 1.768708 -0.073131
v -0.012165 1.779371 -0.066056
v -0.006352 1.800068 -0.064758
v -0.025593 1.768656 -0.068706
v 0.000000 1.799317 -0.067195
v -0.033507 1.758381 -0.077761
v 0.006352 1.800068 -0.064758
v 0.000000 1.835525 -0.066223
v 0.011856 1.802220 -0.057369
v 0.012417 1.805236 -0.046755
v -0.021718 1.777982 -0.054473
v -0.011856 1.802220 -0.057369
v -0.012417 1.805236 -0.046680
v 0.008687 1.807835 -0.037112
v -0.008687 1.807835 -0.037040
v 0.021082 1.788098 -0.031840
v 0.000000 1.808972 -0.033294
v 0.014758 1.787610 -0.012613
v -0.021082 1.788098 -0.031765
v -0.014758 1.787610 -0.012541
v 0.000000 1.788953 -0.006754
v 0.035894 1.802772 -0.017837
v -0.035894 1.802772 -0.017889
v 0.026476 1.783647 -0.037703
v -0.034412 1.803890 -0.008708
v 0.023235 1.778924 -0.042443
v -0.017422 1.784051 0.004656
v 0.031443 1.782368 -0.045485
v 0.027185 1.781714 -0.056633
v 0.045419 1.779978 -0.038525
v 0.043437 1.789432 -0.061075
v 0.046177 1.789746 -0.054205
v 0.057886 1.797554 -0.064405
v 0.058485 1.795596 -0.068093
v 0.059469 1.797727 -0.060624
v 0.077204 1.806364 -0.068482
v 0.054135 1.784670 -0.048920
v 0.063965 1.794903 -0.057715
v 0.068269 1.790305 -0.059129
v 0.069163 1.788504 -0.061299
v 0.062051 1.776480 -0.051491
v 0.063849 1.773292 -0.055432
v 0.059766 1.757375 -0.047602
v 0.057298 1.759970 -0.038239
v 0.066608 1.754032 -0.039963
v 0.054450 1.777624 -0.028365
v 0.073123 1.741219 -0.039872
v 0.048948 1.798126 -0.025166
v 0.071296 1.738104 -0.041911
v 0.041648 1.800567 -0.023891
v 0.057388 1.823448 -0.003139
v 0.055073 1.796589 -0.019391
v 0.061879 1.775655 -0.015233
v 0.034412 1.803890 -0.008632
v 0.058104 1.796254 -0.010559
v 0.017422 1.784051 0.004594
v 0.036981 1.803652 0.000021
v 0.056136 1.797603 -0.001580
v 0.043369 1.802041 0.004639
v 0.057622 1.776781 -0.000346
v 0.050707 1.799712 0.004415
v 0.046430 1.779137 0.012620
v 0.030980 1.781620 0.013608
v 0.026659 1.775922 0.025310
v 0.061291 1.765399 -0.003344
v 0.063564 1.769559 -0.016440
v 0.070109 1.756491 0.003430
v 0.064308 1.766135 -0.004397
v 0.062191 1.764649 -0.030361
v 0.084356 1.769963 -0.011529
v 0.083250 1.769166 -0.025272
v 0.082872 1.771965 -0.018239
v 0.085037 1.763239 -0.030463
v 0.110551 1.773019 -0.019647
v 0.087826 1.755936 -0.030152
v 0.086892 1.764568 -0.007019
v 0.090500 1.749931 -0.025928
v 0.089669 1.757245 -0.007126
v 0.076546 1.743641 0.003199
v 0.091683 1.750754 -0.011234
v 0.091883 1.748241 -0.018706
v 0.081409 1.727118 -0.018916
v 0.079119 1.731020 -0.032084
v 0.090157 1.712034 -0.016961
v 0.076478 1.726744 -0.033557
v 0.088005 1.719311 -0.029716
v 0.101946 1.702148 -0.031261
v 0.073144 1.726405 -0.043798
v 0.085459 1.717676 -0.045239
v 0.100672 1.705829 -0.037884
v 0.085044 1.727715 -0.062683
v 0.077453 1.718359 -0.050233
v 0.099593 1.705260 -0.045174
v 0.099662 1.700008 -0.049709
v 0.120457 1.689894 -0.044655
v 0.101476 1.691357 -0.048561
v 0.087542 1.684213 -0.035826
v 0.103658 1.687300 -0.040147
v 0.103925 1.689349 -0.032890
v 0.103205 1.695432 -0.029630
v 0.004912 1.631586 -0.108877
v 0.006684 1.625724 -0.113226
v 0.005778 1.627197 -0.118843
v 0.005328 1.624312 -0.120367
v -0.000409 1.627423 -0.125233
v -0.001176 1.630850 -0.124217
v -0.005173 1.632589 -0.124984
v -0.004847 1.636177 -0.121350
v -0.011095 1.634955 -0.117677
v -0.009212 1.628929 -0.123477
v -0.007621 1.638677 -0.117818
v -0.004271 1.638519 -0.111114
v -0.010538 1.630396 -0.112235
v -0.003699 1.642446 -0.119461
v 0.001301 1.636716 -0.126664
v -0.006055 1.627495 -0.109835
v 0.003278 1.641057 -0.122482
v 0.010113 1.635762 -0.120066
v 0.000063 1.624809 -0.108995
v 0.010580 1.632642 -0.115317
v 0.009645 1.637486 -0.111366
v 0.005475 1.641644 -0.111904
v 0.000095 1.643286 -0.113245
v 0.086165 1.643562 -0.061851
v 0.088633 1.649498 -0.044333
v 0.091733 1.641127 -0.041769
v 0.089603 1.654938 -0.024595
v 0.093817 1.645884 -0.022186
v 0.092687 1.655583 -0.003442
v 0.088246 1.659799 -0.004769
v 0.093631 1.646548 -0.000453
v 0.086961 1.665404 0.020477
v 0.090027 1.649290 0.021812
v 0.090431 1.661479 0.021666
v 0.079517 1.653907 0.045857
v 0.079751 1.672249 0.046024
v 0.063610 1.658822 0.066830
v 0.050617 1.652588 0.084735
v 0.065892 1.650271 0.066254
v 0.064791 1.676748 0.066116
v 0.065987 1.694917 0.065618
v 0.080698 1.687772 0.045972
v 0.053094 1.680621 0.083790
v 0.065119 1.704326 0.062428
v 0.026396 1.682719 0.096777
v 0.023091 1.653180 0.098312
v 0.078264 1.693465 0.042344
v 0.089245 1.681001 0.019161
v 0.086106 1.684443 0.017120
v 0.089330 1.674421 -0.007445
v 0.087291 1.676829 -0.008170
v 0.091443 1.670995 -0.026284
v 0.086961 1.665404 0.020477
v 0.088246 1.659799 -0.004769
v 0.089603 1.654938 -0.024595
v 0.089744 1.665943 -0.044843
v 0.088633 1.649498 -0.044333
v 0.085308 1.660211 -0.064481
v 0.072522 1.654281 -0.085944
v 0.071504 1.626098 -0.076589
v 0.050771 1.649711 -0.102249
v 0.083965 1.630165 -0.055007
v 0.051915 1.623548 -0.093855
v 0.028299 1.647118 -0.110457
v 0.087960 1.633878 -0.038333
v 0.028286 1.622361 -0.103260
v 0.000001 1.646107 -0.113259
v 0.000001 1.621074 -0.107733
v 0.089370 1.636847 -0.018845
v 0.090072 1.639583 0.001009
v 0.087739 1.642549 0.021206
v 0.085334 1.640878 0.021049
v 0.077846 1.646732 0.045355
v 0.075609 1.644828 0.044017
v 0.064523 1.648012 0.063877
v 0.049575 1.650494 0.081496
v 0.022983 1.651455 0.095615
v 0.000001 1.651923 0.098021
v 0.000001 1.653569 0.099981
v -0.023090 1.653180 0.098312
v -0.022982 1.651455 0.095615
v -0.050615 1.652588 0.084735
v -0.049573 1.650494 0.081496
v -0.065890 1.650271 0.066316
v -0.064521 1.648012 0.063877
v -0.077845 1.646732 0.045323
v -0.075608 1.644828 0.044077
v -0.085333 1.640878 0.021273
v -0.087738 1.642548 0.021270
v -0.090071 1.639583 0.001442
v -0.093629 1.646548 -0.000453
v -0.089369 1.636846 -0.018046
v -0.093816 1.645884 -0.022015
v -0.087958 1.633878 -0.037663
v -0.090026 1.649289 0.021812
v -0.091731 1.641127 -0.041769
v -0.083964 1.630165 -0.055007
v -0.079515 1.653907 0.045857
v -0.086164 1.643562 -0.061851
v -0.092686 1.655578 -0.003442
v -0.090430 1.661479 0.021666
v -0.071502 1.626098 -0.076589
v -0.085306 1.660211 -0.064481
v -0.072521 1.654281 -0.085944
v -0.050770 1.649711 -0.102249
v -0.051914 1.623548 -0.093855
v -0.028298 1.647118 -0.110458
v -0.028284 1.622361 -0.103260
v -0.089601 1.654938 -0.024615
v -0.088632 1.649497 -0.044333
v -0.088244 1.659799 -0.004769
v -0.086960 1.665404 0.020477
v -0.088632 1.649497 -0.044333
v -0.089743 1.665943 -0.045246
v -0.079750 1.672249 0.046024
v -0.089601 1.654938 -0.024615
v -0.091442 1.670995 -0.026631
v -0.088244 1.659799 -0.004769
v -0.089329 1.674421 -0.007545
v -0.086960 1.665404 0.020477
v -0.089243 1.681001 0.019161
v -0.080697 1.687772 0.045972
v -0.063609 1.658822 0.066830
v -0.064789 1.676748 0.066116
v -0.053093 1.680621 0.083790
v -0.065985 1.694917 0.065618
v -0.026395 1.682719 0.096777
v -0.065118 1.704326 0.062096
v -0.078262 1.693465 0.042344
v -0.086105 1.684443 0.017021
v -0.087290 1.676829 -0.008489
v -0.052996 1.711531 0.084220
v -0.052262 1.714447 0.081571
v -0.037949 1.720253 0.090640
v -0.037816 1.717850 0.093542
v -0.020751 1.724010 0.093770
v -0.021508 1.721136 0.098633
v 0.000001 1.724992 0.096509
v 0.000001 1.721764 0.099984
v 0.021510 1.721136 0.098633
v 0.020752 1.724011 0.093770
v 0.037818 1.717850 0.093542
v 0.037950 1.720254 0.090640
v 0.052997 1.711531 0.084220
v 0.052264 1.714448 0.081571
v 0.037781 1.710286 0.092789
v 0.037462 1.713819 0.091804
v 0.021312 1.711880 0.097829
v 0.021090 1.716235 0.096494
v 0.000001 1.683442 0.099652
v 0.000001 1.712206 0.099335
v 0.000001 1.716745 0.097514
v -0.021088 1.716235 0.096494
v -0.021311 1.711880 0.097829
v -0.037460 1.713819 0.091804
v -0.037779 1.710286 0.092789
v 0.008327 1.629541 -0.121482
v 0.008233 1.629446 -0.114221
v 0.001222 1.620596 -0.118457
v 0.002411 1.621292 -0.111718
v -0.002160 1.621261 -0.114644
v -0.004500 1.622874 -0.123554
v -0.009510 1.625223 -0.116962
v -0.010533 1.625984 -0.122424
v -0.015278 1.633001 -0.120024
v -0.018013 1.631863 -0.132325
v -0.011336 1.624934 -0.132978
v -0.024351 1.623750 -0.131911
v -0.019107 1.631582 -0.148449
v -0.011206 1.624788 -0.148462
v -0.027190 1.624454 -0.149070
v -0.019116 1.630932 -0.168069
v -0.010354 1.625033 -0.167882
v -0.028496 1.624903 -0.168004
v -0.019370 1.630504 -0.188654
v -0.009593 1.625287 -0.188650
v -0.029701 1.625328 -0.188646
v -0.019301 1.630153 -0.210822
v -0.008300 1.625158 -0.210777
v -0.030899 1.625199 -0.210778
v -0.019141 1.630134 -0.234813
v -0.007688 1.625086 -0.234845
v -0.031491 1.625124 -0.234845
v -0.019263 1.630111 -0.258457
v -0.032038 1.625041 -0.258451
v -0.007127 1.625005 -0.258451
v -0.032035 1.625087 -0.282641
v -0.019265 1.630086 -0.282647
v -0.006942 1.625052 -0.282640
v -0.032034 1.625130 -0.306834
v -0.019266 1.630062 -0.306839
v -0.006755 1.625097 -0.306833
v -0.032033 1.625106 -0.331023
v -0.006756 1.625073 -0.331023
v -0.019266 1.630038 -0.331028
v -0.032033 1.625081 -0.355210
v -0.006756 1.625048 -0.355210
v -0.019266 1.630013 -0.355216
v -0.032033 1.625056 -0.379401
v -0.006756 1.625023 -0.379401
v -0.019266 1.629988 -0.379407
v -0.032033 1.625031 -0.402554
v -0.006756 1.624998 -0.402554
v -0.019266 1.629963 -0.402560
v -0.032033 1.625006 -0.426744
v -0.006756 1.624973 -0.426744
v -0.019266 1.629938 -0.426750
v -0.032033 1.624981 -0.450931
v -0.006756 1.624949 -0.450931
v -0.019266 1.629913 -0.450936
v -0.032033 1.624956 -0.475121
v -0.006756 1.624924 -0.475120
v -0.019266 1.629888 -0.475126
v -0.032033 1.624931 -0.499312
v -0.006756 1.624899 -0.499311
v -0.019269 1.629829 -0.499317
v 0.010589 1.626032 -0.122459
v 0.015362 1.632985 -0.120025
v 0.018099 1.631856 -0.132325
v 0.011394 1.624995 -0.132987
v 0.024405 1.623688 -0.131928
v 0.019192 1.631579 -0.148450
v 0.011271 1.624843 -0.148463
v 0.027254 1.624398 -0.149075
v 0.019202 1.630933 -0.168069
v 0.010425 1.625080 -0.167882
v 0.028567 1.624856 -0.168005
v 0.019456 1.630504 -0.188654
v 0.009668 1.625327 -0.188650
v 0.029777 1.625288 -0.188647
v 0.019387 1.630154 -0.210822
v 0.008378 1.625194 -0.210777
v 0.030978 1.625165 -0.210778
v 0.019226 1.630135 -0.234813
v 0.007767 1.625120 -0.234845
v 0.031570 1.625091 -0.234845
v 0.019349 1.630111 -0.258457
v 0.032117 1.625010 -0.258451
v 0.007205 1.625038 -0.258451
v 0.032115 1.625056 -0.282641
v 0.019350 1.630087 -0.282647
v 0.007021 1.625084 -0.282640
v 0.032113 1.625099 -0.306834
v 0.019351 1.630062 -0.306839
v 0.006835 1.625128 -0.306833
v 0.032113 1.625075 -0.331023
v 0.006836 1.625104 -0.331023
v 0.019351 1.630038 -0.331029
v 0.032113 1.625050 -0.355210
v 0.006836 1.625079 -0.355210
v 0.019351 1.630013 -0.355216
v 0.032113 1.625025 -0.379401
v 0.006836 1.625055 -0.379401
v 0.019351 1.629988 -0.379407
v 0.032113 1.625000 -0.402554
v 0.006836 1.625030 -0.402554
v 0.019351 1.629963 -0.402560
v 0.032113 1.624975 -0.426744
v 0.006836 1.625005 -0.426744
v 0.019351 1.629938 -0.426750
v 0.032113 1.624950 -0.450931
v 0.006836 1.624980 -0.450931
v 0.019351 1.629913 -0.450936
v 0.032113 1.624925 -0.475120
v 0.006836 1.624955 -0.475121
v 0.019351 1.629888 -0.475126
v 0.032113 1.624900 -0.499311
v 0.006836 1.624930 -0.499312
v 0.019348 1.629829 -0.499317
v -0.010533 1.625984 -0.122424
v -0.015278 1.633001 -0.120024
v -0.018013 1.631863 -0.132325
v -0.011336 1.624934 -0.132978
v -0.024351 1.623750 -0.131911
v -0.019107 1.631582 -0.148449
v -0.011206 1.624788 -0.148462
v -0.027190 1.624454 -0.149070
v -0.019116 1.630932 -0.168069
v -0.010354 1.625033 -0.167882
v -0.028496 1.624903 -0.168004
v -0.019370 1.630504 -0.188654
v -0.009593 1.625287 -0.188650
v -0.029701 1.625328 -0.188646
v -0.019301 1.630153 -0.210822
v -0.008300 1.625158 -0.210777
v -0.030899 1.625199 -0.210778
v -0.019141 1.630134 -0.234813
v -0.007688 1.625086 -0.234845
v -0.031491 1.625124 -0.234845
v -0.019263 1.630111 -0.258457
v -0.032038 1.625041 -0.258451
v -0.007127 1.625005 -0.258451
v -0.032035 1.625087 -0.282641
v -0.019265 1.630086 -0.282647
v -0.006942 1.625052 -0.282640
v -0.032034 1.625130 -0.306834
v -0.019266 1.630062 -0.306839
v -0.006755 1.625097 -0.306833
v -0.032033 1.625106 -0.331023
v -0.006756 1.625073 -0.331023
v -0.019266 1.630038 -0.331028
v -0.032033 1.625081 -0.355210
v -0.006756 1.625048 -0.355210
v -0.019266 1.630013 -0.355216
v -0.032033 1.625056 -0.379401
v -0.006756 1.625023 -0.379401
v -0.019266 1.629988 -0.379407
v -0.032033 1.625031 -0.402554
v -0.006756 1.624998 -0.402554
v -0.019266 1.629963 -0.402560
v -0.032033 1.625006 -0.426744
v -0.006756 1.624973 -0.426744
v -0.019266 1.629938 -0.426750
v -0.032033 1.624981 -0.450931
v -0.006756 1.624949 -0.450931
v -0.019266 1.629913 -0.450936
v -0.032033 1.624956 -0.475121
v -0.006756 1.624924 -0.475120
v -0.019266 1.629888 -0.475126
v -0.032033 1.624931 -0.499312
v -0.006756 1.624899 -0.499311
v -0.019269 1.629829 -0.499317
v 0.010589 1.626032 -0.122459
v 0.015362 1.632985 -0.120025
v 0.018099 1.631856 -0.132325
v 0.011394 1.624995 -0.132987
v 0.024405 1.623688 -0.131928
v 0.019192 1.631579 -0.148450
v 0.011271 1.624843 -0.148463
v 0.027254 1.624398 -0.149075
v 0.019202 1.630933 -0.168069
v 0.010425 1.625080 -0.167882
v 0.028567 1.624856 -0.168005
v 0.019456 1.630504 -0.188654
v 0.009668 1.625327 -0.188650
v 0.029777 1.625288 -0.188647
v 0.019387 1.630154 -0.210822
v 0.008378 1.625194 -0.210777
v 0.030978 1.625165 -0.210778
v 0.019226 1.630135 -0.234813
v 0.007767 1.625120 -0.234845
v 0.031570 1.625091 -0.234845
v 0.019349 1.630111 -0.258457
v 0.032117 1.625010 -0.258451
v 0.007205 1.625038 -0.258451
v 0.032115 1.625056 -0.282641
v 0.019350 1.630087 -0.282647
v 0.007021 1.625084 -0.282640
v 0.032113 1.625099 -0.306834
v 0.019351 1.630062 -0.306839
v 0.006835 1.625128 -0.306833
v 0.032113 1.625075 -0.331023
v 0.006836 1.625104 -0.331023
v 0.019351 1.630038 -0.331029
v 0.032113 1.625050 -0.355210
v 0.006836 1.625079 -0.355210
v 0.019351 1.630013 -0.355216
v 0.032113 1.625025 -0.379401
v 0.006836 1.625055 -0.379401
v 0.019351 1.629988 -0.379407
v 0.032113 1.625000 -0.402554
v 0.006836 1.625030 -0.402554
v 0.019351 1.629963 -0.402560
v 0.032113 1.624975 -0.426744
v 0.006836 1.625005 -0.426744
v 0.019351 1.629938 -0.426750
v 0.032113 1.624950 -0.450931
v 0.006836 1.624980 -0.450931
v 0.019351 1.629913 -0.450936
v 0.032113 1.624925 -0.475120
v 0.006836 1.624955 -0.475121
v 0.019351 1.629888 -0.475126
v 0.032113 1.624900 -0.499311
v 0.006836 1.624930 -0.499312
v 0.019348 1.629829 -0.499317
v -0.071272 1.709628 -0.070975
v -0.075558 1.710457 -0.057967
v -0.075958 1.723699 -0.082137
v -0.083837 1.706765 -0.054677
v -0.080723 1.721119 -0.075249
v -0.099662 1.700008 -0.049709
v -0.084191 1.723355 -0.067320
v -0.101476 1.691357 -0.048561
v -0.099593 1.705260 -0.045174
v -0.103658 1.687300 -0.040130
v -0.120457 1.689894 -0.044655
v -0.103925 1.689349 -0.032890
v -0.103205 1.695432 -0.029686
v -0.101946 1.702148 -0.031357
v -0.100672 1.705829 -0.037959
v -0.090157 1.712034 -0.016996
v -0.088005 1.719311 -0.029844
v -0.085459 1.717676 -0.045386
v -0.081409 1.727118 -0.019062
v -0.076478 1.726744 -0.033703
v -0.077453 1.718359 -0.050233
v -0.073144 1.726405 -0.043944
v -0.085044 1.727715 -0.062683
v -0.071296 1.738104 -0.042013
v -0.081992 1.741127 -0.058792
v -0.091626 1.734197 -0.071221
v -0.091023 1.731066 -0.074305
v -0.089946 1.743761 -0.068712
v -0.088687 1.729573 -0.079585
v -0.101337 1.740607 -0.082125
v -0.101763 1.742088 -0.080613
v -0.100080 1.739913 -0.084745
v -0.100932 1.746745 -0.079362
v -0.111424 1.748018 -0.089892
v -0.098674 1.750404 -0.080984
v -0.098494 1.740894 -0.087041
v -0.085502 1.731583 -0.084175
v -0.096694 1.745172 -0.087961
v -0.069859 1.735779 -0.084731
v -0.081709 1.740500 -0.085970
v -0.054044 1.726578 -0.085576
v -0.068325 1.748428 -0.078675
v -0.053098 1.741522 -0.078787
v -0.053996 1.739676 -0.100720
v -0.081155 1.749330 -0.082045
v -0.096284 1.749511 -0.085966
v -0.097078 1.750971 -0.083413
v -0.082880 1.752222 -0.076971
v -0.085888 1.751108 -0.072067
v -0.070771 1.752908 -0.071030
v -0.075323 1.751468 -0.063682
v -0.053744 1.753908 -0.069476
v -0.059101 1.753440 -0.059012
v -0.058761 1.750049 -0.043827
v -0.046296 1.751047 -0.072806
v -0.063400 1.770824 -0.062565
v -0.047708 1.757681 -0.091128
v -0.059766 1.757375 -0.047602
v -0.052967 1.748831 -0.094193
v -0.053640 1.757018 -0.116377
v -0.050935 1.761403 -0.114832
v -0.039422 1.762456 -0.093481
v -0.039994 1.763621 -0.074760
v -0.031357 1.762212 -0.099539
v -0.046754 1.763793 -0.115934
v -0.055943 1.764374 -0.143812
v -0.042705 1.763704 -0.118783
v -0.026918 1.756012 -0.107555
v -0.040542 1.760635 -0.122714
v -0.027022 1.747023 -0.114414
v -0.014117 1.737585 -0.106051
v -0.040653 1.756179 -0.126022
v -0.032564 1.738419 -0.117025
v -0.043477 1.751903 -0.127273
v -0.047558 1.749271 -0.126307
v -0.040707 1.733105 -0.115194
v -0.051589 1.749697 -0.123264
v -0.048840 1.733984 -0.108784
v -0.054099 1.752506 -0.119454
v -0.059954 1.771231 -0.069103
v -0.051689 1.777661 -0.072381
v -0.068835 1.787137 -0.065225
v -0.031381 1.775218 -0.069719
v -0.066918 1.787403 -0.068824
v -0.062326 1.791096 -0.070636
v -0.063849 1.773292 -0.055432
v -0.077204 1.806364 -0.068482
v -0.069163 1.788504 -0.061299
v -0.062051 1.776480 -0.051491
v -0.045036 1.785308 -0.068803
v -0.058485 1.795596 -0.068093
v -0.043437 1.789432 -0.061075
v -0.057886 1.797554 -0.064405
v -0.027185 1.781714 -0.056633
v -0.046177 1.789746 -0.054205
v -0.031443 1.782368 -0.045644
v -0.023235 1.778924 -0.042372
v -0.059469 1.797727 -0.060624
v -0.026476 1.783647 -0.037632
v -0.045419 1.779978 -0.038610
v -0.041648 1.800567 -0.023931
v -0.054135 1.784670 -0.048920
v -0.063965 1.794903 -0.057715
v -0.068269 1.790305 -0.059129
v -0.057298 1.759970 -0.038272
v -0.048948 1.798126 -0.025166
v -0.054450 1.777624 -0.028438
v -0.057388 1.823448 -0.003064
v -0.055073 1.796589 -0.019379
v -0.061879 1.775655 -0.015315
v -0.036981 1.803652 0.000131
v -0.058104 1.796254 -0.010532
v -0.043368 1.802041 0.004734
v -0.056136 1.797603 -0.001558
v -0.030980 1.781620 0.013727
v -0.050707 1.799712 0.004472
v -0.046430 1.779137 0.012637
v -0.057622 1.776781 -0.000311
v -0.026659 1.775922 0.025369
v -0.061291 1.765399 -0.003369
v -0.070109 1.756491 0.003506
v -0.063564 1.769559 -0.016471
v -0.064308 1.766135 -0.004384
v -0.076546 1.743641 0.003051
v -0.084356 1.769963 -0.011538
v -0.089669 1.757245 -0.007263
v -0.086892 1.764568 -0.007106
v -0.091683 1.750754 -0.011381
v -0.091883 1.748241 -0.018680
v -0.110551 1.773019 -0.019794
v -0.079119 1.731020 -0.032220
v -0.090500 1.749931 -0.025892
v -0.073123 1.741219 -0.039966
v -0.087826 1.755936 -0.030120
v -0.066608 1.754032 -0.039991
v -0.085037 1.763239 -0.030475
v -0.062191 1.764649 -0.030395
v -0.083250 1.769166 -0.025282
v -0.082872 1.771965 -0.018242
v 0.052913 1.532229 -0.047989
v 0.058090 1.533608 -0.046451
v 0.057746 1.512861 -0.053488
v 0.062133 1.534894 -0.049632
v 0.062075 1.533956 -0.055040
v 0.058764 1.532789 -0.059365
v 0.052985 1.531838 -0.058568
v 0.000000 1.796457 0.003996
v 0.013964 1.794729 0.009860
v -0.013964 1.794729 0.009983
v 0.000000 1.812766 0.024644
v 0.019636 1.788582 0.029026
v 0.006829 1.811787 0.027383
v -0.006829 1.811787 0.027563
v 0.009666 1.808387 0.036502
v 0.000000 1.831441 0.039689
v 0.006136 1.805544 0.044592
v 0.012655 1.783513 0.045878
v 0.000000 1.804971 0.046174
v 0.000000 1.782540 0.049461
v -0.006136 1.805544 0.044592
v -0.009666 1.808387 0.036698
v -0.019636 1.788582 0.029156
v -0.012655 1.783513 0.045894
v 0.000000 1.774869 0.050379
v -0.020377 1.768775 0.048052
v 0.020377 1.768775 0.047979
v -0.015289 1.774698 0.064348
v 0.015289 1.774698 0.064348
v 0.000000 1.778003 0.061824
v 0.000000 1.781864 0.078148
v -0.010203 1.779860 0.079920
v -0.014247 1.772327 0.087098
v 0.000000 1.785453 0.094998
v -0.005115 1.784416 0.095798
v -0.007138 1.780480 0.098837
v 0.010203 1.779860 0.079920
v -0.003747 1.776989 0.101534
v 0.000000 1.789559 0.112006
v 0.000000 1.776310 0.102057
v 0.000000 1.764346 0.095311
v 0.005115 1.784416 0.095798
v 0.007465 1.765652 0.094148
v 0.003747 1.776989 0.101534
v 0.007138 1.780480 0.098837
v 0.014248 1.772327 0.087098
v 0.021357 1.762422 0.074305
v 0.000001 1.653350 -0.010940
v 0.051915 1.623548 -0.093855
v 0.071504 1.626098 -0.076589
v 0.028286 1.622361 -0.103260
v 0.083965 1.630165 -0.055007
v 0.000001 1.621074 -0.107733
v 0.087960 1.633878 -0.038333
v -0.028284 1.622361 -0.103260
v 0.089370 1.636847 -0.018845
v -0.051914 1.623548 -0.093855
v 0.090072 1.639583 0.001009
v -0.071502 1.626098 -0.076589
v 0.085334 1.640878 0.021049
v -0.083964 1.630165 -0.055007
v 0.075609 1.644828 0.044017
v -0.087958 1.633878 -0.037663
v 0.064523 1.648012 0.063877
v -0.089369 1.636846 -0.018046
v 0.049575 1.650494 0.081496
v -0.090071 1.639583 0.001442
v 0.022983 1.651455 0.095615
v -0.085333 1.640878 0.021273
v 0.000001 1.651923 0.098021
v -0.075608 1.644828 0.044077
v -0.022982 1.651455 0.095615
v -0.064521 1.648012 0.063877
v -0.049573 1.650494 0.081496
v 0.072522 1.654281 -0.085944
v 0.050771 1.649711 -0.102249
v 0.000001 1.663005 -0.012383
v 0.085308 1.660211 -0.064481
v 0.028299 1.647118 -0.110457
v 0.089744 1.665943 -0.044843
v 0.000001 1.646107 -0.113259
v 0.091443 1.670995 -0.026284
v -0.028298 1.647118 -0.110458
v 0.087291 1.676829 -0.008170
v -0.050770 1.649711 -0.102249
v 0.086106 1.684443 0.017120
v -0.072521 1.654281 -0.085944
v 0.078264 1.693465 0.042344
v -0.085306 1.660211 -0.064481
v 0.065119 1.704326 0.062428
v -0.089743 1.665943 -0.045246
v 0.052264 1.714448 0.081571
v -0.091442 1.670995 -0.026631
v 0.037950 1.720254 0.090640
v -0.087290 1.676829 -0.008489
v 0.020752 1.724011 0.093770
v -0.086105 1.684443 0.017021
v 0.000001 1.724992 0.096509
v -0.078262 1.693465 0.042344
v -0.020751 1.724010 0.093770
v -0.065118 1.704326 0.062096
v -0.037949 1.720253 0.090640
v -0.052262 1.714447 0.081571
v -0.054915 1.682055 0.087949
v -0.054417 1.683671 0.086891
v -0.054812 1.681971 0.086694
v -0.054324 1.680339 0.087123
v -0.054609 1.683369 0.088102
v -0.053288 1.684790 0.087639
v -0.054537 1.680794 0.088280
v -0.053137 1.679398 0.088013
v -0.053736 1.684234 0.088680
v -0.051856 1.684900 0.088652
v -0.053620 1.680067 0.088969
v -0.052630 1.684319 0.089463
v -0.052514 1.680152 0.089752
v -0.051706 1.679509 0.089026
v -0.053683 1.681089 0.089501
v -0.051641 1.681017 0.090330
v -0.050577 1.680627 0.089774
v -0.053180 1.681309 0.089913
v -0.052636 1.681592 0.090221
v -0.051335 1.682331 0.090482
v -0.050181 1.682328 0.089971
v -0.050670 1.683960 0.089543
v -0.051713 1.683593 0.090151
v -0.052674 1.682953 0.090126
v -0.052657 1.682277 0.090238
v -0.053542 1.682222 0.089801
v -0.053232 1.683160 0.089785
v -0.054079 1.681594 0.089260
v -0.054367 1.682141 0.088962
v -0.054111 1.682739 0.089180
v -0.053744 1.683293 0.089348
v -0.052001 1.696482 0.089535
v -0.051580 1.698059 0.088388
v -0.051946 1.696344 0.088281
v -0.051405 1.694743 0.088762
v -0.051719 1.697808 0.089617
v -0.050448 1.699233 0.089041
v -0.051584 1.695245 0.089906
v -0.050165 1.693867 0.089645
v -0.050843 1.698715 0.090121
v -0.048981 1.699417 0.089990
v -0.050625 1.694568 0.090589
v -0.049710 1.698858 0.090855
v -0.049491 1.694711 0.091323
v -0.048698 1.694052 0.090595
v -0.050689 1.695612 0.091078
v -0.048616 1.695618 0.091827
v -0.047566 1.695226 0.091247
v -0.050176 1.695860 0.091460
v -0.049627 1.696167 0.091732
v -0.048333 1.696943 0.091909
v -0.047200 1.696941 0.091354
v -0.047741 1.698541 0.090874
v -0.048751 1.698181 0.091538
v -0.049698 1.697523 0.091580
v -0.049662 1.696852 0.091720
v -0.050273 1.697703 0.091252
v -0.050562 1.696760 0.091322
v -0.050805 1.697805 0.090830
v -0.051166 1.697236 0.090702
v -0.051106 1.696098 0.090830
v -0.051417 1.696624 0.090520
v -0.054848 1.694816 0.081672
v -0.054455 1.697630 0.085571
v -0.053661 1.698386 0.082297
v -0.051739 1.701087 0.083502
v -0.055518 1.694081 0.085114
v -0.055578 1.681053 0.081604
v -0.052766 1.700249 0.086562
v -0.049026 1.702641 0.085313
v -0.056337 1.680944 0.085013
v -0.050278 1.701949 0.088198
v -0.045204 1.703581 0.087610
v -0.055679 1.668156 0.085420
v -0.054819 1.667496 0.082008
v -0.046388 1.702925 0.090581
v -0.034718 1.704778 0.091559
v -0.049881 1.699356 0.090080
v -0.035505 1.704280 0.094678
v -0.020447 1.705298 0.095625
v -0.037538 1.701105 0.095443
v -0.049960 1.695760 0.090223
v -0.037602 1.696854 0.095860
v -0.021629 1.701724 0.100289
v -0.050275 1.681646 0.090451
v -0.037859 1.682716 0.095886
v -0.021686 1.697254 0.100644
v -0.021913 1.683299 0.101738
v -0.037293 1.668212 0.096518
v -0.049490 1.667579 0.090495
v -0.054603 1.664736 0.086143
v -0.053602 1.663880 0.082825
v -0.051664 1.661603 0.084024
v -0.049293 1.663454 0.090634
v -0.052865 1.662528 0.087184
v -0.048956 1.659875 0.085610
v -0.050240 1.660863 0.088693
v -0.044932 1.659096 0.087847
v -0.046202 1.660163 0.090945
v -0.034526 1.658879 0.093519
v -0.037152 1.663723 0.096866
v -0.035328 1.660136 0.096530
v -0.020359 1.658666 0.098768
v -0.021589 1.668442 0.102188
v -0.021508 1.663498 0.102589
v -0.020960 1.659921 0.101656
v 0.000000 1.659884 0.103034
v 0.000000 1.658700 0.100397
v 0.020359 1.658666 0.098768
v 0.000000 1.663215 0.104089
v 0.000000 1.668285 0.103815
v 0.020960 1.659921 0.101656
v 0.035328 1.660136 0.096530
v 0.034526 1.658879 0.093519
v 0.021508 1.663498 0.102589
v 0.046202 1.660163 0.090945
v 0.044932 1.659096 0.087847
v 0.037152 1.663723 0.096866
v 0.021589 1.668442 0.102188
v 0.050240 1.660863 0.088693
v 0.048956 1.659875 0.085610
v 0.049293 1.663454 0.090634
v 0.052865 1.662528 0.087184
v 0.051664 1.661603 0.084024
v 0.054603 1.664736 0.086143
v 0.053602 1.663880 0.082825
v 0.054819 1.667496 0.082008
v 0.037293 1.668212 0.096518
v 0.049490 1.667579 0.090495
v 0.055679 1.668156 0.085420
v 0.055578 1.681053 0.081604
v 0.050275 1.681646 0.090451
v 0.056337 1.680944 0.085013
v 0.055518 1.694081 0.085114
v 0.054848 1.694816 0.081672
v 0.037859 1.682716 0.095886
v 0.054455 1.697630 0.085571
v 0.053661 1.698386 0.082297
v 0.051739 1.701087 0.083502
v 0.049960 1.695760 0.090223
v 0.052766 1.700249 0.086562
v 0.049026 1.702641 0.085313
v 0.049881 1.699356 0.090080
v 0.050278 1.701949 0.088198
v 0.045204 1.703581 0.087610
v 0.046388 1.702925 0.090581
v 0.034718 1.704778 0.091559
v 0.037602 1.696854 0.095860
v 0.037538 1.701105 0.095443
v 0.035505 1.704280 0.094678
v 0.020447 1.705298 0.095625
v 0.021913 1.683299 0.101738
v 0.021686 1.697254 0.100644
v 0.000000 1.683646 0.103598
v 0.000000 1.697398 0.102374
v 0.021629 1.701724 0.100289
v 0.000000 1.701817 0.101910
v 0.021090 1.704772 0.098761
v -0.021090 1.704772 0.098761
v 0.000000 1.704758 0.100711
v 0.000000 1.705239 0.097173
v 0.054417 1.683671 0.086891
v 0.054915 1.682055 0.087949
v 0.054812 1.681971 0.086694
v 0.054324 1.680339 0.087123
v 0.054609 1.683369 0.088102
v 0.053288 1.684790 0.087639
v 0.054537 1.680794 0.088280
v 0.053137 1.679398 0.088013
v 0.053736 1.684234 0.088680
v 0.051856 1.684900 0.088652
v 0.053620 1.680067 0.088969
v 0.052630 1.684319 0.089463
v 0.052514 1.680152 0.089752
v 0.051706 1.679509 0.089026
v 0.051713 1.683593 0.090151
v 0.050670 1.683960 0.089543
v 0.051641 1.681017 0.090330
v 0.050577 1.680627 0.089774
v 0.051335 1.682331 0.090482
v 0.050181 1.682328 0.089971
v 0.052636 1.681592 0.090221
v 0.053180 1.681309 0.089913
v 0.052657 1.682277 0.090238
v 0.053683 1.681089 0.089501
v 0.052674 1.682953 0.090126
v 0.054079 1.681594 0.089260
v 0.053542 1.682222 0.089801
v 0.054367 1.682141 0.088962
v 0.053232 1.683160 0.089785
v 0.054111 1.682739 0.089180
v 0.053744 1.683293 0.089348
v 0.051580 1.698059 0.088388
v 0.052001 1.696482 0.089535
v 0.051946 1.696344 0.088281
v 0.051405 1.694743 0.088762
v 0.051719 1.697808 0.089617
v 0.050448 1.699233 0.089041
v 0.051584 1.695245 0.089906
v 0.050165 1.693867 0.089645
v 0.050843 1.698715 0.090121
v 0.048981 1.699417 0.089990
v 0.050625 1.694568 0.090589
v 0.049710 1.698858 0.090855
v 0.049491 1.694711 0.091323
v 0.048698 1.694052 0.090595
v 0.048751 1.698181 0.091538
v 0.047741 1.698541 0.090874
v 0.048616 1.695618 0.091827
v 0.047566 1.695226 0.091247
v 0.048333 1.696943 0.091909
v 0.047200 1.696941 0.091354
v 0.049627 1.696167 0.091732
v 0.049698 1.697523 0.091580
v 0.049662 1.696852 0.091720
v 0.050273 1.697703 0.091252
v 0.050562 1.696760 0.091322
v 0.050805 1.697805 0.090830
v 0.051166 1.697236 0.090702
v 0.051417 1.696624 0.090520
v 0.051106 1.696098 0.090830
v 0.050176 1.695860 0.091460
v 0.050689 1.695612 0.091078
v -0.048157 1.667985 0.090656
v -0.048748 1.666318 0.091578
v -0.047629 1.666344 0.090994
v -0.048024 1.664648 0.090762
v -0.049156 1.667586 0.091317
v -0.049406 1.668945 0.089878
v -0.049053 1.665007 0.091398
v -0.049190 1.663545 0.090048
v -0.050121 1.668328 0.090715
v -0.049955 1.664154 0.090847
v -0.050683 1.663456 0.089126
v -0.050112 1.666939 0.091331
v -0.051275 1.668259 0.090003
v -0.050899 1.668856 0.088956
v -0.050692 1.667152 0.091034
v -0.050082 1.666259 0.091417
v -0.052177 1.667407 0.089451
v -0.052066 1.667753 0.088243
v -0.050057 1.665575 0.091374
v -0.050993 1.666211 0.091037
v -0.050618 1.665298 0.091092
v -0.051233 1.667295 0.090636
v -0.051605 1.666743 0.090472
v -0.052482 1.666096 0.089272
v -0.052460 1.666056 0.088011
v -0.051932 1.664415 0.088348
v -0.051871 1.666151 0.090250
v -0.051560 1.665597 0.090509
v -0.052074 1.664827 0.089533
v -0.051144 1.665088 0.090706
v -0.051108 1.664085 0.090134
v 0.048748 1.666318 0.091578
v 0.048157 1.667985 0.090656
v 0.047629 1.666344 0.090994
v 0.048024 1.664648 0.090762
v 0.049156 1.667586 0.091317
v 0.049406 1.668945 0.089878
v 0.049053 1.665007 0.091398
v 0.049190 1.663545 0.090048
v 0.050121 1.668328 0.090715
v 0.049955 1.664154 0.090847
v 0.050683 1.663456 0.089126
v 0.051275 1.668259 0.090003
v 0.050899 1.668856 0.088956
v 0.050112 1.666939 0.091331
v 0.050692 1.667152 0.091034
v 0.052177 1.667407 0.089451
v 0.052066 1.667753 0.088243
v 0.051233 1.667295 0.090636
v 0.051605 1.666743 0.090472
v 0.052482 1.666096 0.089272
v 0.052460 1.666056 0.088011
v 0.051932 1.664415 0.088348
v 0.050993 1.666211 0.091037
v 0.051871 1.666151 0.090250
v 0.052074 1.664827 0.089533
v 0.051560 1.665597 0.090509
v 0.051108 1.664085 0.090134
v 0.051144 1.665088 0.090706
v 0.050618 1.665298 0.091092
v 0.050057 1.665575 0.091374
v 0.050082 1.666259 0.091417
vn 0.7339 -0.6755 -0.0716
vn -0.0101 -0.9189 -0.3943
vn 0.2319 -0.9381 -0.2572
vn -0.7339 -0.6755 -0.0716
vn -0.2319 -0.9381 -0.2572
vn 0.0101 -0.9189 -0.3943
vn 0.0407 -0.6497 0.7591
vn -0.0463 -0.8112 0.5829
vn 0.8747 -0.4302 -0.2232
vn 0.1752 0.4068 -0.8965
vn 0.8710 -0.3878 -0.3016
vn -0.8580 0.5005 -0.1157
vn 0.8516 -0.3749 -0.3664
vn -0.9932 0.0080 -0.1163
vn -0.4892 -0.4848 0.7250
vn 0.5941 -0.3533 -0.7226
vn -0.5949 -0.0388 0.8029
vn 0.6384 -0.2454 0.7295
vn -0.2354 -0.1116 0.9655
vn 0.8674 -0.1989 0.4561
vn 0.1061 -0.9478 0.3006
vn 0.5534 -0.2435 -0.7965
vn -0.2153 -0.2340 -0.9481
vn 0.9886 -0.1455 -0.0385
vn 0.9960 -0.0872 0.0194
vn -0.3441 -0.1466 -0.9274
vn 0.8732 -0.1967 -0.4460
vn -0.1091 -0.9925 -0.0552
vn -0.6309 -0.1862 0.7532
vn 0.7136 -0.2520 0.6536
vn -0.9403 -0.3276 0.0920
vn 0.9692 -0.1922 0.1540
vn 0.8334 -0.1923 0.5182
vn 0.8209 -0.4851 -0.3014
vn 0.8994 -0.3127 0.3055
vn -0.2942 -0.4011 -0.8675
vn 0.9804 -0.1183 0.1575
vn 0.9848 -0.1430 0.0984
vn 0.0178 -0.9993 0.0339
vn 0.8516 -0.1241 0.5093
vn 0.9277 -0.3702 -0.0475
vn 0.8629 -0.1691 0.4762
vn 0.9814 -0.0786 0.1750
vn 0.8704 -0.2115 0.4447
vn -0.4522 -0.0109 0.8919
vn -0.0414 -0.9778 0.2056
vn 0.9583 -0.0456 0.2823
vn 0.8916 -0.0891 0.4440
vn 0.8098 0.0230 0.5863
vn 0.9090 -0.0424 0.4146
vn 0.7949 -0.0836 0.6010
vn 0.9892 0.1392 -0.0469
vn 0.8895 0.0828 0.4494
vn 0.9961 -0.0876 -0.0137
vn 0.6323 -0.4557 0.6265
vn 0.4904 -0.8563 0.1621
vn 0.8587 0.0297 0.5117
vn -0.1845 -0.8581 0.4792
vn 0.8494 0.1234 0.5131
vn 0.8537 -0.5207 -0.0024
vn -0.6773 -0.7350 0.0333
vn -0.4911 -0.6723 -0.5539
vn -0.3186 -0.5113 0.7981
vn 0.4799 -0.2481 -0.8415
vn 0.5273 -0.7332 0.4294
vn 0.0801 -0.9842 0.1576
vn -0.4316 -0.5514 0.7139
vn 0.6384 0.0568 0.7676
vn 0.7555 -0.0151 0.6550
vn -0.8429 -0.5310 -0.0872
vn -0.6532 -0.2676 -0.7083
vn -0.8873 -0.4271 -0.1743
vn -0.6321 -0.3869 -0.6714
vn -0.4983 -0.5701 0.6532
vn 0.2532 -0.9488 -0.1891
vn 0.4139 -0.2907 0.8626
vn 0.2400 -0.0311 -0.9703
vn 0.2797 -0.0833 -0.9565
vn 0.9403 0.1233 -0.3172
vn 0.9192 -0.0083 0.3937
vn 0.9401 0.1812 -0.2888
vn 0.4386 -0.1597 0.8844
vn 0.9151 0.1272 0.3826
vn 0.4551 -0.0384 0.8896
vn 0.9323 0.2495 -0.2618
vn 0.8819 0.2403 0.4055
vn 0.4326 0.1829 0.8829
vn 0.9060 0.3451 -0.2453
vn 0.9486 -0.2459 0.1993
vn 0.8327 0.4211 0.3594
vn 0.5149 -0.2602 0.8168
vn 0.7581 0.4665 0.4557
vn 0.8242 -0.3068 0.4760
vn 0.3621 0.4423 0.8205
vn 0.5139 -0.5757 0.6360
vn 0.7293 0.6262 0.2759
vn 0.7791 0.3275 0.5345
vn 0.9328 0.2756 0.2322
vn 0.7326 0.3281 0.5963
vn 0.9273 0.3732 0.0273
vn 0.9719 0.2115 0.1030
vn 0.4275 0.8091 0.4033
vn 0.6330 -0.2538 -0.7314
vn 0.5604 0.5252 0.6404
vn -0.4468 -0.5545 -0.7021
vn 0.6115 -0.2556 -0.7488
vn 0.6232 0.3218 0.7128
vn 0.9848 0.1185 0.1269
vn -0.4521 -0.4324 -0.7802
vn 0.6360 -0.2248 -0.7382
vn -0.8562 -0.4284 -0.2887
vn 0.9836 0.0290 0.1780
vn -0.8728 -0.3496 -0.3405
vn 0.6447 0.1993 0.7380
vn -0.4412 -0.3281 -0.8353
vn -0.8702 -0.2814 -0.4045
vn -0.8593 -0.2457 0.4486
vn -0.3901 -0.2616 -0.8828
vn -0.8178 -0.2302 0.5275
vn 0.7013 -0.2118 -0.6806
vn -0.0973 0.0491 0.9940
vn -0.8770 -0.2269 0.4236
vn -0.1198 -0.0235 0.9925
vn -0.7722 -0.6215 -0.1319
vn 0.0329 -0.7926 0.6089
vn 0.4776 0.2884 0.8299
vn 0.4934 0.1040 0.8635
vn -0.0035 -0.5340 0.8455
vn 0.4131 0.2617 0.8723
vn 0.3338 0.1541 0.9299
vn 0.2850 0.1712 0.9431
vn -0.6513 -0.4144 0.6357
vn 0.2710 0.2526 0.9289
vn 0.2313 0.1685 0.9582
vn 0.0286 0.1678 0.9854
vn 0.0664 0.1635 0.9843
vn 0.1846 -0.0716 0.9802
vn 0.1979 0.2910 0.9360
vn -0.0635 0.1632 0.9845
vn 0.0417 -0.2939 0.9549
vn -0.0092 -0.8579 0.5137
vn -0.0000 0.3002 0.9539
vn -0.0000 0.1187 0.9929
vn 0.0635 0.1632 0.9845
vn -0.0000 -0.1026 0.9947
vn -0.1979 0.2910 0.9360
vn -0.0664 0.1635 0.9843
vn -0.2710 0.2526 0.9289
vn -0.0286 0.1678 0.9854
vn -0.2313 0.1685 0.9582
vn -0.2850 0.1712 0.9431
vn -0.0417 -0.2939 0.9549
vn -0.4131 0.2617 0.8723
vn -0.3338 0.1541 0.9299
vn -0.4934 0.1040 0.8635
vn -0.1846 -0.0716 0.9802
vn -0.4774 0.2884 0.8300
vn -0.6377 0.0563 0.7682
vn 0.0038 -0.5336 0.8457
vn -0.0321 -0.7924 0.6091
vn -0.0770 -0.9848 0.1557
vn -0.7545 -0.0159 0.6562
vn 0.7722 -0.6215 -0.1322
vn 0.0092 -0.8579 0.5137
vn 0.6513 -0.4144 0.6357
vn 0.1071 -0.6917 0.7142
vn -0.5419 -0.3155 0.7790
vn 0.0693 -0.7303 0.6797
vn -0.1684 -0.5178 0.8387
vn 0.5267 -0.1255 0.8407
vn -0.0000 -0.7149 0.6993
vn -0.0711 0.8770 0.4751
vn -0.6941 -0.4049 0.5952
vn 0.1684 -0.5178 0.8387
vn 0.4859 0.6309 0.6048
vn -0.1071 -0.6917 0.7142
vn 0.4554 -0.0242 0.8899
vn -0.0693 -0.7303 0.6797
vn 0.0581 -0.6568 0.7518
vn -0.5267 -0.1255 0.8407
vn -0.7388 -0.6550 0.1588
vn -0.7042 -0.6898 0.1679
vn -0.9363 0.2176 -0.2757
vn -0.6906 0.2921 0.6616
vn -0.8931 0.1688 -0.4170
vn 0.3981 0.6955 0.5982
vn -0.4620 0.8438 -0.2729
vn 0.0521 0.9878 0.1467
vn -0.4698 0.8710 -0.1440
vn 0.0856 0.9738 0.2107
vn -0.4345 0.9003 0.0244
vn 0.1137 0.9685 0.2216
vn -0.7215 0.6061 0.3348
vn -0.5312 0.4988 0.6849
vn -0.0734 0.2320 0.9699
vn -0.4462 0.6861 0.5745
vn -0.5401 -0.3835 0.7491
vn -0.0000 0.3222 0.9467
vn -0.8890 0.1887 0.4173
vn -0.8343 0.4859 0.2605
vn -0.5356 -0.3707 0.7588
vn -0.7401 -0.3842 0.5519
vn -0.3379 0.7600 0.5552
vn -0.0000 -0.7183 0.6957
vn -0.8485 0.4863 0.2087
vn 0.6941 -0.4049 0.5952
vn -0.0000 -0.7263 0.6874
vn 0.0711 0.8770 0.4751
vn 0.7401 -0.3842 0.5519
vn -0.0000 0.3850 0.9229
vn 0.8485 0.4863 0.2087
vn -0.0000 0.9999 -0.0143
vn 0.8343 0.4859 0.2605
vn -0.0000 0.9998 -0.0187
vn 0.4462 0.6861 0.5745
vn -0.1137 0.9685 0.2216
vn 0.5401 -0.3835 0.7492
vn -0.4859 0.6309 0.6048
vn 0.5312 0.4988 0.6849
vn -0.4555 -0.0242 0.8899
vn -0.0856 0.9738 0.2107
vn -0.3981 0.6955 0.5982
vn -0.0581 -0.6568 0.7518
vn 0.6906 0.2921 0.6616
vn -0.0521 0.9878 0.1467
vn 0.4345 0.9003 0.0244
vn 0.4698 0.8710 -0.1440
vn 0.4620 0.8438 -0.2729
vn 0.8931 0.1688 -0.4170
vn 0.7042 -0.6898 0.1679
vn 0.9363 0.2176 -0.2757
vn 0.7388 -0.6550 0.1588
vn 0.5419 -0.3155 0.7790
vn 0.7199 0.6073 0.3361
vn 0.0654 0.2277 0.9715
vn -0.0692 0.1502 0.9862
vn 0.4182 0.5841 0.6957
vn 0.6358 0.0906 0.7665
vn -0.9006 -0.2334 0.3666
vn -0.1820 -0.1047 0.9777
vn -0.8809 -0.2452 -0.4049
vn -0.9068 -0.2389 0.3474
vn -0.3185 -0.2055 0.9254
vn -0.3440 -0.2135 -0.9144
vn -0.9047 -0.2135 -0.3687
vn 0.0383 -0.9990 -0.0245
vn 0.6729 -0.1866 -0.7159
vn 0.6292 -0.0052 0.7773
vn 0.5716 -0.1277 0.8105
vn 0.9843 -0.1006 0.1450
vn 0.9792 -0.0327 0.2001
vn 0.3375 0.7601 0.5552
vn -0.3136 0.4333 0.8449
vn 0.1282 -0.1300 0.9832
vn 0.6120 -0.4316 0.6627
vn 0.6745 0.5767 0.4609
vn 0.9187 -0.3698 0.1385
vn -0.3626 0.8849 0.2924
vn 0.8831 0.0427 -0.4671
vn 0.9011 0.0872 -0.4247
vn 0.4268 0.6622 -0.6159
vn 0.7637 0.6402 -0.0827
vn -0.1051 0.9632 -0.2473
vn 0.6683 0.7436 0.0221
vn -0.0079 0.9633 -0.2683
vn -0.2551 0.9079 0.3325
vn 0.4944 0.7928 0.3564
vn 0.3721 0.8442 0.3858
vn 0.8011 0.5927 0.0825
vn 0.5996 0.3919 0.6978
vn 0.4633 0.7220 0.5139
vn 0.1830 0.8574 0.4810
vn 0.4034 0.8079 0.4295
vn 0.2326 0.7381 0.6333
vn 0.3685 0.0346 0.9290
vn 0.2026 0.9792 -0.0144
vn 0.9804 0.1494 0.1288
vn 0.6381 -0.7698 0.0179
vn 0.3301 0.7493 -0.5741
vn 0.7000 -0.5360 -0.4720
vn 0.5490 0.1250 -0.8264
vn 0.9552 0.2843 -0.0830
vn 0.8969 0.3294 -0.2950
vn 0.8998 0.1330 -0.4156
vn 0.8562 0.5105 -0.0788
vn 0.9646 0.2600 -0.0435
vn 0.7141 0.3007 0.6322
vn 0.7526 0.2800 -0.5960
vn 0.2374 -0.2686 0.9335
vn 0.8566 0.5112 -0.0706
vn 0.6755 0.2861 0.6796
vn 0.2049 -0.3441 0.9163
vn 0.7927 -0.6061 0.0644
vn -0.2661 -0.7906 0.5515
vn -0.2119 -0.8291 0.5173
vn -0.3132 -0.9496 0.0136
vn -0.3131 -0.9489 -0.0396
vn 0.2024 -0.6038 -0.7710
vn 0.7058 0.2214 -0.6729
vn 0.3197 -0.6953 -0.6437
vn 0.8268 -0.5308 -0.1862
vn 0.7305 -0.6812 -0.0479
vn 0.8947 -0.3639 0.2590
vn 0.8685 -0.4171 0.2678
vn 0.9727 0.1307 -0.1915
vn 0.5616 -0.3333 0.7573
vn 0.9618 -0.0052 -0.2736
vn 0.0232 -0.7638 0.6450
vn 0.7325 -0.6418 -0.2268
vn 0.8738 0.0837 -0.4791
vn 0.9853 -0.1205 0.1208
vn 0.8633 0.1311 -0.4873
vn 0.8493 -0.4542 0.2692
vn 0.8322 -0.4069 0.3768
vn 0.7240 -0.3759 0.5784
vn 0.8466 -0.1848 0.4991
vn 0.6278 -0.3016 0.7176
vn -0.1243 -0.3723 0.9197
vn 0.9583 -0.1161 0.2610
vn 0.9633 -0.0325 -0.2665
vn 0.9649 -0.1270 0.2298
vn 0.8362 -0.0027 -0.5484
vn 0.9597 -0.0863 -0.2675
vn 0.8194 -0.0639 -0.5696
vn 0.9313 -0.0913 -0.3526
vn 0.5226 -0.1807 0.8332
vn 0.2522 -0.9628 -0.0970
vn -0.7984 0.0009 0.6021
vn 0.9087 -0.3721 -0.1894
vn 0.9258 -0.2795 0.2545
vn 0.8290 -0.3572 -0.4304
vn 0.8120 -0.3920 -0.4323
vn 0.7129 -0.4864 -0.5052
vn 0.8058 -0.4329 -0.4040
vn -0.7481 -0.3812 0.5433
vn 0.0631 -0.9329 0.3546
vn 0.6893 -0.3381 -0.6407
vn 0.5866 -0.3057 -0.7499
vn -0.0358 -0.1418 0.9892
vn 0.1128 -0.9898 0.0867
vn 0.8116 -0.1056 0.5746
vn 0.8008 -0.1658 0.5756
vn 0.8933 -0.2417 -0.3790
vn 0.4629 -0.8754 -0.1393
vn 0.2686 -0.7514 -0.6026
vn -0.7642 -0.6394 0.0843
vn 0.6577 -0.6594 0.3641
vn -0.4980 -0.3087 0.8104
vn 0.6048 -0.3632 -0.7088
vn -0.8466 -0.2158 0.4866
vn 0.8577 -0.3376 -0.3878
vn 0.9428 -0.3328 0.0215
vn 0.8281 -0.0765 -0.5554
vn 0.9346 0.0313 -0.3544
vn 0.2413 -0.0674 -0.9681
vn 0.1364 -0.4062 -0.9036
vn 0.5865 -0.1331 -0.7989
vn 0.2779 -0.3177 -0.9065
vn 0.4908 -0.3707 -0.7885
vn 0.6812 -0.2894 -0.6725
vn 0.7226 -0.2059 -0.6599
vn 0.6657 -0.0895 -0.7408
vn 0.6939 -0.0347 -0.7192
vn 0.6300 -0.0411 -0.7755
vn 0.6864 -0.0082 -0.7272
vn 0.5135 -0.0382 -0.8573
vn 0.7937 -0.5876 -0.1573
vn 0.4335 -0.0753 -0.8980
vn 0.3056 -0.3694 -0.8776
vn 0.3863 0.1224 -0.9142
vn 0.3361 -0.0278 -0.9414
vn 0.3984 0.3636 -0.8420
vn 0.8122 0.1005 -0.5746
vn -0.1462 0.1192 -0.9820
vn 0.9406 -0.2440 -0.2362
vn 0.2350 -0.6654 -0.7086
vn 0.7236 -0.4496 -0.5237
vn -0.0188 -0.9925 0.1205
vn -0.6258 -0.3621 -0.6909
vn 0.1436 0.0475 -0.9885
vn 0.0403 -0.3325 -0.9422
vn -0.0802 -0.5639 -0.8220
vn 0.1495 -0.7704 -0.6198
vn 0.6853 -0.1254 -0.7174
vn 0.3422 -0.2219 -0.9130
vn 0.7378 -0.3705 -0.5643
vn 0.1335 -0.1884 -0.9730
vn 0.9814 -0.1652 -0.0982
vn 0.0144 -0.9756 -0.2189
vn -0.4953 -0.6640 -0.5601
vn -0.1097 -0.9914 0.0719
vn 0.6294 -0.5032 0.5921
vn -0.2395 -0.4363 0.8673
vn -0.8090 -0.3448 0.4760
vn 0.0847 -0.9959 0.0310
vn 0.4491 -0.2460 -0.8590
vn 0.4892 -0.2123 -0.8459
vn -0.8974 -0.4410 -0.0165
vn 0.2568 -0.9664 0.0117
vn 0.5395 -0.1602 -0.8266
vn 0.0500 -0.2417 -0.9691
vn 0.8776 -0.4789 -0.0218
vn -0.1158 -0.9929 0.0273
vn 0.3540 -0.2113 -0.9111
vn -0.0628 -0.3051 -0.9502
vn 0.3084 -0.3542 0.8829
vn 0.5639 -0.1838 -0.8051
vn -0.0446 -0.9932 -0.1080
vn -0.4417 -0.3238 0.8367
vn -0.0000 -0.9953 -0.0967
vn 0.1653 -0.2892 -0.9429
vn -0.0000 -0.4354 -0.9002
vn -0.1653 -0.2892 -0.9429
vn 0.0628 -0.3051 -0.9502
vn -0.0000 -0.9991 0.0432
vn 0.1158 -0.9929 0.0273
vn -0.3540 -0.2113 -0.9111
vn -0.0500 -0.2417 -0.9691
vn -0.6962 -0.4999 -0.5152
vn -0.2568 -0.9664 0.0117
vn -0.5395 -0.1602 -0.8266
vn -0.4892 -0.2123 -0.8459
vn 0.1317 -0.1567 -0.9788
vn -0.0000 -0.5586 -0.8294
vn 0.3208 -0.1871 -0.9285
vn 0.3472 -0.1122 -0.9311
vn 0.5786 -0.3006 -0.7582
vn 0.4019 -0.5500 -0.7322
vn 0.4503 0.0441 -0.8918
vn -0.0000 -0.8058 -0.5922
vn 0.5763 -0.4429 -0.6868
vn -0.0000 -0.8416 -0.5401
vn 0.2437 0.0545 -0.9683
vn -0.0000 -0.6033 -0.7975
vn 0.5391 0.1958 -0.8192
vn -0.0000 0.1870 -0.9824
vn -0.4503 0.0441 -0.8918
vn -0.4019 -0.5500 -0.7322
vn -0.5786 -0.3006 -0.7582
vn -0.3472 -0.1122 -0.9311
vn -0.5763 -0.4429 -0.6868
vn -0.3208 -0.1871 -0.9285
vn -0.0403 -0.3325 -0.9422
vn -0.5391 0.1958 -0.8192
vn -0.0000 0.4091 -0.9125
vn -0.0000 0.1627 -0.9867
vn -0.2437 0.0545 -0.9683
vn -0.1436 0.0475 -0.9885
vn 0.2204 -0.0717 -0.9728
vn -0.0000 -0.0381 -0.9993
vn 0.2508 -0.0945 -0.9634
vn -0.2203 -0.0717 -0.9728
vn -0.0000 -0.1337 -0.9910
vn -0.3361 -0.0278 -0.9414
vn -0.2508 -0.0945 -0.9634
vn -0.0000 -0.6153 -0.7883
vn -0.3863 0.1224 -0.9142
vn -0.4335 -0.0753 -0.8980
vn 0.1462 0.1192 -0.9820
vn -0.5135 -0.0382 -0.8573
vn -0.3984 0.3636 -0.8420
vn -0.6300 -0.0411 -0.7755
vn 0.6258 -0.3621 -0.6909
vn -0.2350 -0.6654 -0.7086
vn 0.0802 -0.5639 -0.8220
vn 0.0188 -0.9925 0.1205
vn -0.8122 0.1005 -0.5746
vn -0.9406 -0.2440 -0.2362
vn -0.7226 -0.2059 -0.6599
vn -0.7236 -0.4496 -0.5237
vn -0.1495 -0.7704 -0.6198
vn -0.3422 -0.2219 -0.9130
vn -0.6853 -0.1254 -0.7174
vn -0.1335 -0.1884 -0.9730
vn -0.5639 -0.1838 -0.8051
vn -0.6812 -0.2894 -0.6725
vn -0.1317 -0.1567 -0.9788
vn 0.6962 -0.4999 -0.5152
vn 0.0446 -0.9932 -0.1080
vn 0.4417 -0.3238 0.8367
vn -0.8776 -0.4789 -0.0218
vn -0.3083 -0.3542 0.8829
vn 0.4953 -0.6640 -0.5601
vn -0.0847 -0.9959 0.0310
vn -0.4491 -0.2460 -0.8590
vn -0.5866 -0.3057 -0.7499
vn -0.0144 -0.9756 -0.2189
vn 0.8090 -0.3448 0.4760
vn 0.2395 -0.4363 0.8673
vn -0.0631 -0.9329 0.3546
vn -0.6893 -0.3381 -0.6407
vn -0.8058 -0.4329 -0.4040
vn -0.6294 -0.5032 0.5921
vn -0.0407 -0.6497 0.7591
vn -0.7129 -0.4864 -0.5052
vn -0.8747 -0.4302 -0.2232
vn -0.9814 -0.1652 -0.0982
vn 0.1097 -0.9914 0.0719
vn -0.7378 -0.3705 -0.5643
vn 0.8466 -0.2158 0.4866
vn -0.4908 -0.3707 -0.7885
vn 0.4980 -0.3087 0.8104
vn 0.0462 -0.8112 0.5829
vn -0.8120 -0.3920 -0.4323
vn -0.8710 -0.3878 -0.3016
vn -0.8290 -0.3572 -0.4304
vn -0.1752 0.4068 -0.8965
vn -0.8516 -0.3749 -0.3664
vn -0.9087 -0.3721 -0.1894
vn 0.8580 0.5005 -0.1157
vn -0.9258 -0.2795 0.2545
vn 0.7984 0.0009 0.6021
vn 0.1243 -0.3723 0.9197
vn 0.7481 -0.3812 0.5433
vn -0.5226 -0.1807 0.8332
vn 0.7642 -0.6394 0.0843
vn 0.0358 -0.1418 0.9892
vn -0.1128 -0.9898 0.0867
vn -0.8116 -0.1056 0.5746
vn -0.6278 -0.3016 0.7176
vn -0.8993 -0.3131 0.3054
vn -0.8933 -0.2417 -0.3790
vn -0.8008 -0.1658 0.5756
vn -0.2686 -0.7514 -0.6026
vn -0.4629 -0.8754 -0.1393
vn -0.6577 -0.6594 0.3641
vn -0.2522 -0.9628 -0.0970
vn -0.9649 -0.1270 0.2298
vn -0.6048 -0.3632 -0.7088
vn -0.9313 -0.0913 -0.3525
vn -0.9583 -0.1161 0.2610
vn -0.8577 -0.3376 -0.3878
vn -0.8466 -0.1848 0.4991
vn -0.9597 -0.0863 -0.2675
vn -0.9633 -0.0325 -0.2665
vn -0.8194 -0.0639 -0.5696
vn -0.9853 -0.1205 0.1208
vn -0.8324 -0.4071 0.3760
vn -0.7240 -0.3759 0.5784
vn -0.8494 -0.4541 0.2688
vn -0.9618 -0.0052 -0.2736
vn -0.9961 -0.0876 -0.0137
vn -0.9279 -0.3697 -0.0485
vn -0.8200 -0.4860 -0.3024
vn -0.5931 -0.3562 -0.7221
vn -0.9814 -0.0787 0.1750
vn -0.9855 -0.1451 0.0876
vn -0.5533 -0.2460 -0.7958
vn -0.9889 -0.1444 -0.0358
vn -0.8551 -0.1246 0.5033
vn -0.9960 -0.0872 0.0194
vn 0.2153 -0.2340 -0.9481
vn -0.8690 -0.1971 0.4538
vn 0.2354 -0.1116 0.9655
vn -0.0178 -0.9993 0.0339
vn -0.1061 -0.9478 0.3006
vn -0.7136 -0.2520 0.6536
vn -0.8732 -0.1967 -0.4459
vn 0.1091 -0.9925 -0.0552
vn 0.6309 -0.1862 0.7532
vn 0.3441 -0.1466 -0.9274
vn 0.9932 0.0080 -0.1163
vn 0.9408 -0.3254 0.0947
vn 0.4883 -0.4835 0.7265
vn -0.9692 -0.1922 0.1540
vn -0.8334 -0.1932 0.5178
vn -0.6401 -0.2442 0.7284
vn 0.5894 -0.0417 0.8068
vn -0.8644 -0.1694 0.4734
vn 0.4530 -0.0137 0.8914
vn 0.2942 -0.4011 -0.8675
vn -0.8706 -0.2112 0.4445
vn -0.9804 -0.1188 0.1572
vn 0.0414 -0.9778 0.2056
vn -0.9583 -0.0455 0.2822
vn -0.8916 -0.0889 0.4439
vn -0.8098 0.0231 0.5863
vn -0.9891 0.1392 -0.0469
vn -0.9090 -0.0424 0.4146
vn -0.7948 -0.0836 0.6010
vn -0.9728 0.1307 -0.1913
vn -0.8895 0.0828 0.4494
vn -0.8738 0.0837 -0.4790
vn -0.4896 -0.8567 0.1621
vn -0.8587 0.0297 0.5116
vn -0.6324 -0.4554 0.6266
vn 0.1840 -0.8579 0.4797
vn -0.8494 0.1234 0.5131
vn -0.8537 -0.5207 -0.0032
vn 0.6772 -0.7350 0.0331
vn 0.4912 -0.6719 -0.5543
vn -0.4793 -0.2478 -0.8419
vn 0.3184 -0.5111 0.7984
vn -0.2797 -0.0831 -0.9565
vn 0.6321 -0.3869 -0.6714
vn 0.8429 -0.5310 -0.0872
vn -0.2402 -0.0309 -0.9702
vn 0.6529 -0.2675 -0.7087
vn 0.8873 -0.4270 -0.1745
vn -0.2532 -0.9487 -0.1891
vn -0.9403 0.1233 -0.3172
vn 0.4984 -0.5701 0.6532
vn -0.9400 0.1812 -0.2889
vn -0.9192 -0.0083 0.3937
vn -0.4140 -0.2906 0.8626
vn 0.4315 -0.5513 0.7140
vn -0.4387 -0.1597 0.8843
vn -0.9151 0.1271 0.3827
vn -0.4549 -0.0379 0.8897
vn -0.9322 0.2492 -0.2623
vn -0.8818 0.2406 0.4056
vn -0.4322 0.1853 0.8825
vn -0.9494 -0.2439 0.1980
vn -0.9064 0.3442 -0.2451
vn -0.8322 0.4224 0.3592
vn -0.5155 -0.2596 0.8166
vn -0.7582 0.4665 0.4556
vn -0.8243 -0.3057 0.4766
vn -0.7290 0.6272 0.2743
vn -0.3610 0.4472 0.8184
vn -0.9330 0.2756 0.2313
vn -0.7788 0.3309 0.5328
vn -0.5151 -0.5748 0.6358
vn -0.5295 -0.7309 0.4306
vn -0.7332 0.3274 0.5960
vn -0.9269 0.3738 0.0350
vn 0.4471 -0.5536 -0.7026
vn -0.6330 -0.2538 -0.7314
vn -0.9713 0.2138 0.1038
vn -0.6115 -0.2556 -0.7488
vn 0.8562 -0.4284 -0.2887
vn 0.4521 -0.4324 -0.7802
vn 0.8178 -0.2302 0.5275
vn 0.8728 -0.3496 -0.3405
vn 0.0692 0.1502 0.9862
vn 0.8593 -0.2457 0.4486
vn 0.0973 0.0491 0.9940
vn -0.6228 0.3266 0.7110
vn 0.1198 -0.0235 0.9925
vn 0.8770 -0.2269 0.4236
vn 0.8702 -0.2814 -0.4045
vn -0.6447 0.1993 0.7380
vn 0.9006 -0.2334 0.3666
vn 0.1820 -0.1047 0.9777
vn 0.3185 -0.2055 0.9254
vn 0.9068 -0.2389 0.3474
vn 0.8809 -0.2452 -0.4049
vn 0.4412 -0.3281 -0.8353
vn -0.6360 -0.2248 -0.7382
vn 0.3901 -0.2616 -0.8828
vn 0.9047 -0.2135 -0.3687
vn 0.3440 -0.2135 -0.9144
vn -0.0383 -0.9990 -0.0245
vn -0.7013 -0.2118 -0.6806
vn -0.6729 -0.1866 -0.7158
vn -0.9843 -0.1006 0.1450
vn -0.9792 -0.0327 0.2001
vn -0.5716 -0.1277 0.8105
vn -0.6292 -0.0052 0.7773
vn -0.6358 0.0906 0.7665
vn -0.9836 0.0290 0.1780
vn -0.9848 0.1185 0.1269
vn -0.5672 0.5267 0.6332
vn -0.4308 0.8078 0.4023
vn -0.4198 0.5835 0.6952
vn -0.1282 -0.1316 0.9830
vn 0.3166 0.4391 0.8408
vn -0.6113 -0.4337 0.6620
vn -0.6737 0.5762 0.4627
vn -0.9185 -0.3704 0.1382
vn 0.3620 0.8874 0.2854
vn -0.8845 0.0371 -0.4650
vn -0.9009 0.0898 -0.4247
vn -0.4322 0.6551 -0.6197
vn -0.7634 0.6407 -0.0826
vn 0.1049 0.9630 -0.2482
vn -0.6675 0.7444 0.0186
vn 0.0099 0.9634 -0.2678
vn 0.2570 0.9063 0.3355
vn -0.4934 0.7936 0.3561
vn -0.3728 0.8436 0.3864
vn -0.8014 0.5920 0.0849
vn -0.5973 0.3884 0.7017
vn -0.4634 0.7202 0.5164
vn -0.1826 0.8577 0.4806
vn -0.4050 0.8059 0.4318
vn -0.2326 0.7380 0.6334
vn -0.3688 0.0331 0.9289
vn -0.2021 0.9793 -0.0151
vn -0.9804 0.1491 0.1290
vn -0.3287 0.7505 -0.5733
vn -0.6380 -0.7698 0.0175
vn -0.5482 0.1224 -0.8273
vn -0.6983 -0.5379 -0.4723
vn -0.9557 0.2829 -0.0815
vn -0.8965 0.3271 -0.2987
vn -0.9002 0.1308 -0.4153
vn -0.8560 0.5106 -0.0814
vn -0.9647 0.2600 -0.0417
vn -0.7146 0.3026 0.6308
vn -0.7529 0.2755 -0.5977
vn -0.2376 -0.2674 0.9338
vn -0.8569 0.5108 -0.0693
vn -0.6757 0.2868 0.6792
vn -0.2051 -0.3440 0.9163
vn -0.7927 -0.6062 0.0646
vn 0.2662 -0.7906 0.5514
vn 0.2120 -0.8293 0.5170
vn 0.3132 -0.9496 0.0137
vn 0.3131 -0.9489 -0.0396
vn -0.2018 -0.6048 -0.7704
vn -0.7070 0.2188 -0.6725
vn -0.3171 -0.6977 -0.6424
vn -0.8268 -0.5308 -0.1862
vn -0.7304 -0.6812 -0.0498
vn -0.8948 -0.3636 0.2590
vn -0.8685 -0.4171 0.2677
vn -0.7323 -0.6421 -0.2267
vn -0.5622 -0.3331 0.7570
vn -0.0237 -0.7639 0.6450
vn -0.7988 -0.5973 0.0723
vn -0.8494 0.3031 0.4319
vn -0.3050 -0.3670 0.8788
vn -0.7666 0.1695 0.6194
vn 0.1750 -0.7607 0.6251
vn -0.7180 -0.6930 -0.0651
vn 0.2784 -0.9427 0.1838
vn 0.4213 -0.8931 0.1574
vn 0.3853 -0.8500 -0.3593
vn 0.2516 -0.8876 -0.3857
vn -0.6134 -0.5021 -0.6096
vn -0.0370 -0.5074 -0.8609
vn 0.0781 -0.5607 -0.8244
vn -0.8633 0.1311 -0.4873
vn -0.4218 -0.0449 -0.9056
vn -0.2031 -0.4994 -0.8423
vn -0.7549 0.3676 -0.5431
vn -0.4561 0.0746 -0.8868
vn -0.8863 0.4628 -0.0193
vn -0.7165 0.4636 -0.5213
vn -0.5326 0.0262 -0.8460
vn -0.8095 0.5866 -0.0239
vn -0.7507 0.1862 -0.6338
vn -0.6655 0.5842 -0.4646
vn -0.9831 -0.0358 -0.1793
vn -0.8624 -0.2594 -0.4348
vn -0.9511 0.1236 -0.2831
vn -0.7937 -0.5876 -0.1573
vn -0.9884 0.1512 0.0148
vn -0.7083 -0.4710 0.5258
vn -0.6864 -0.0082 -0.7272
vn -0.9974 -0.0262 -0.0668
vn -0.8362 -0.0027 -0.5484
vn -0.9132 -0.1506 0.3787
vn -0.6657 -0.0895 -0.7408
vn -0.6939 -0.0347 -0.7192
vn -0.5865 -0.1331 -0.7989
vn -0.2779 -0.3177 -0.9065
vn -0.8281 -0.0765 -0.5554
vn -0.2413 -0.0674 -0.9681
vn -0.1364 -0.4062 -0.9036
vn -0.9346 0.0313 -0.3544
vn -0.9428 -0.3328 0.0215
vn -0.9403 -0.1716 -0.2939
vn -0.8973 -0.2249 0.3799
vn -0.4322 -0.2575 -0.8642
vn -0.2358 -0.3029 0.9234
vn -0.0704 -0.9974 -0.0136
vn 0.5666 -0.3341 0.7532
vn 0.4287 -0.4202 -0.7998
vn 0.8974 -0.4410 -0.0165
vn -0.3056 -0.3694 -0.8776
vn 0.3269 -0.8363 -0.4401
vn -0.1856 -0.8576 0.4797
vn 0.4679 -0.8083 -0.3574
vn -0.1747 -0.8312 0.5278
vn -0.7946 -0.4059 0.4515
vn -0.9932 0.1165 0.0032
vn -0.7925 -0.3677 0.4866
vn -0.9936 0.1132 -0.0008
vn -0.4822 -0.7299 -0.4846
vn -0.7348 0.3615 -0.5738
vn 0.2950 -0.0863 -0.9516
vn -0.2011 0.2514 -0.9468
vn 0.2990 -0.0663 -0.9520
vn -0.7238 0.4025 -0.5605
vn -0.1727 0.2934 -0.9403
vn -0.7239 0.4509 -0.5222
vn 0.2792 0.0200 -0.9600
vn -0.1679 0.2536 -0.9526
vn -0.7485 -0.2743 -0.6037
vn -0.0054 -0.2274 -0.9738
vn -0.6064 -0.0924 -0.7898
vn -0.1890 0.3530 -0.9164
vn -0.7390 -0.6584 0.1427
vn -0.3778 -0.8564 -0.3520
vn 0.0128 -0.6149 -0.7885
vn -0.3328 -0.8870 -0.3201
vn 0.0745 -0.6429 -0.7624
vn -0.7001 -0.6927 0.1736
vn 0.2453 -0.0570 -0.9678
vn -0.8686 -0.1822 0.4609
vn -0.7479 0.1326 -0.6505
vn -0.8546 -0.1951 0.4813
vn -0.8398 0.4250 0.3376
vn -0.7741 0.4440 0.4513
vn -0.7515 0.4569 0.4760
vn -0.4251 0.8995 0.1013
vn -0.3740 0.9169 0.1391
vn 0.0432 0.9311 -0.3623
vn 0.3302 -0.0605 -0.9420
vn 0.3229 0.5391 -0.7779
vn -0.0320 0.9082 -0.4172
vn 0.2372 0.5164 -0.8228
vn -0.4881 0.8727 0.0116
vn -0.2281 0.8237 -0.5191
vn 0.1191 0.4458 -0.8872
vn -0.6939 0.3051 -0.6523
vn 0.2053 -0.0592 -0.9769
vn -0.7050 0.1433 -0.6946
vn -0.5012 -0.0017 -0.8653
vn -0.3309 -0.6028 -0.7260
vn -0.4449 -0.0718 -0.8927
vn -0.6684 -0.6993 -0.2535
vn -0.4404 -0.6799 -0.5864
vn -0.8028 0.0171 -0.5960
vn -0.9689 -0.1621 -0.1868
vn -0.8138 0.3488 -0.4649
vn -0.6819 -0.6669 -0.3004
vn -0.9031 0.3717 -0.2148
vn -0.9750 -0.1748 -0.1372
vn -0.6724 -0.6775 -0.2982
vn -0.8976 0.4253 -0.1155
vn -0.9729 -0.1825 -0.1416
vn -0.0605 -0.8746 -0.4810
vn -0.8917 0.4420 -0.0978
vn -0.0649 -0.8690 -0.4906
vn -0.2186 0.1217 -0.9682
vn 0.5383 -0.6089 -0.5827
vn 0.5156 -0.5878 -0.6234
vn -0.3991 0.9023 -0.1633
vn -0.3979 0.8928 -0.2111
vn 0.2549 0.9101 -0.3268
vn -0.4325 0.8260 -0.3614
vn 0.2341 0.8946 -0.3807
vn 0.7235 0.5006 -0.4753
vn 0.8192 -0.0594 -0.5704
vn 0.7025 0.4808 -0.5247
vn 0.8037 -0.0649 -0.5914
vn 0.1918 0.8513 -0.4883
vn 0.6622 0.4306 -0.6132
vn 0.3269 0.4023 -0.8552
vn -0.5218 0.0712 -0.8501
vn 0.3799 0.4068 -0.8308
vn 0.3240 0.4405 -0.8373
vn -0.0000 0.3606 -0.9327
vn -0.0000 0.5701 -0.8216
vn 0.0086 0.2876 -0.9577
vn -0.0000 0.6479 -0.7618
vn -0.7019 0.0121 -0.7122
vn -0.4538 0.6298 -0.6305
vn -0.0000 0.7598 -0.6501
vn -0.8082 0.1694 -0.5640
vn 0.4538 0.6298 -0.6305
vn -0.0000 -0.1437 -0.9896
vn -0.7971 -0.3825 -0.4672
vn -0.4893 0.0878 -0.8677
vn -0.4634 -0.7987 -0.3839
vn -0.4277 0.4742 -0.7695
vn -0.3967 0.4482 -0.8011
vn 0.1310 -0.5028 -0.8544
vn -0.8073 0.2738 -0.5228
vn 0.3443 0.3423 -0.8742
vn -0.3956 0.4038 -0.8249
vn -0.9840 -0.1053 -0.1435
vn -0.8039 0.2118 -0.5558
vn 0.3087 0.3125 -0.8984
vn -0.6379 -0.3824 -0.6684
vn -0.1103 -0.7454 -0.6574
vn -0.9765 -0.1500 -0.1545
vn -0.6436 -0.7104 0.2847
vn -0.0496 -0.5723 -0.8186
vn -0.6014 -0.7128 0.3608
vn 0.4231 -0.8354 0.3509
vn 0.3583 -0.9087 0.2143
vn 0.8639 -0.2773 -0.4204
vn 0.8819 -0.2955 -0.3674
vn -0.0000 -0.9404 -0.3402
vn 0.4634 -0.7987 -0.3839
vn -0.1310 -0.5028 -0.8544
vn 0.7971 -0.3825 -0.4672
vn 0.0496 -0.5723 -0.8186
vn 0.8082 0.1694 -0.5640
vn 0.7019 0.0121 -0.7122
vn 0.4893 0.0878 -0.8677
vn -0.0086 0.2876 -0.9577
vn -0.3269 0.4023 -0.8552
vn 0.4404 -0.6799 -0.5864
vn -0.3240 0.4405 -0.8373
vn -0.5156 -0.5878 -0.6234
vn -0.6622 0.4306 -0.6132
vn -0.8037 -0.0649 -0.5914
vn -0.5383 -0.6089 -0.5827
vn -0.7025 0.4808 -0.5247
vn 0.0649 -0.8690 -0.4906
vn -0.8192 -0.0594 -0.5704
vn 0.0605 -0.8746 -0.4810
vn -0.7235 0.5006 -0.4753
vn 0.2186 0.1217 -0.9682
vn -0.2341 0.8946 -0.3807
vn 0.6819 -0.6669 -0.3004
vn -0.2549 0.9101 -0.3268
vn -0.1918 0.8513 -0.4883
vn 0.3979 0.8928 -0.2111
vn -0.3799 0.4068 -0.8308
vn 0.4325 0.8260 -0.3614
vn 0.5218 0.0712 -0.8501
vn 0.3991 0.9023 -0.1633
vn 0.8917 0.4420 -0.0978
vn 0.8976 0.4253 -0.1155
vn 0.9729 -0.1826 -0.1416
vn 0.6724 -0.6775 -0.2982
vn 0.9750 -0.1748 -0.1372
vn 0.9031 0.3717 -0.2148
vn 0.9689 -0.1621 -0.1868
vn 0.6684 -0.6993 -0.2535
vn 0.5012 -0.0017 -0.8653
vn 0.3309 -0.6028 -0.7260
vn 0.4449 -0.0718 -0.8927
vn 0.7050 0.1433 -0.6946
vn -0.2053 -0.0592 -0.9769
vn 0.8028 0.0171 -0.5960
vn 0.0054 -0.2274 -0.9738
vn 0.1890 0.3530 -0.9164
vn 0.4277 0.4742 -0.7695
vn 0.8138 0.3488 -0.4649
vn 0.3967 0.4482 -0.8011
vn -0.3443 0.3423 -0.8742
vn 0.8073 0.2738 -0.5228
vn -0.8639 -0.2773 -0.4204
vn 0.3956 0.4038 -0.8249
vn -0.3087 0.3125 -0.8984
vn -0.8819 -0.2955 -0.3674
vn 0.1103 -0.7454 -0.6574
vn -0.4231 -0.8354 0.3509
vn -0.3583 -0.9087 0.2143
vn 0.6014 -0.7128 0.3608
vn 0.8039 0.2118 -0.5558
vn 0.9765 -0.1500 -0.1545
vn 0.6436 -0.7104 0.2847
vn 0.9840 -0.1053 -0.1435
vn 0.6379 -0.3824 -0.6684
vn 0.6064 -0.0924 -0.7898
vn -0.2792 0.0200 -0.9600
vn -0.2990 -0.0663 -0.9520
vn 0.1679 0.2536 -0.9526
vn -0.3269 -0.8363 -0.4401
vn 0.1727 0.2934 -0.9403
vn -0.2950 -0.0864 -0.9516
vn 0.2011 0.2514 -0.9468
vn -0.4679 -0.8083 -0.3574
vn 0.4822 -0.7299 -0.4846
vn 0.1747 -0.8312 0.5278
vn 0.7238 0.4025 -0.5604
vn 0.7348 0.3615 -0.5738
vn 0.7239 0.4509 -0.5222
vn 0.9932 0.1165 0.0032
vn 0.9936 0.1132 -0.0008
vn 0.7925 -0.3677 0.4866
vn 0.7946 -0.4059 0.4515
vn 0.1856 -0.8576 0.4797
vn 0.7083 -0.4710 0.5258
vn 0.8624 -0.2594 -0.4348
vn 0.9884 0.1512 0.0148
vn 0.6134 -0.5021 -0.6096
vn 0.7485 -0.2743 -0.6037
vn -0.2516 -0.8876 -0.3857
vn -0.0128 -0.6149 -0.7885
vn -0.2783 -0.9426 0.1842
vn -0.2454 -0.0570 -0.9678
vn -0.1751 -0.7604 0.6254
vn -0.1191 0.4458 -0.8872
vn 0.3046 -0.3668 0.8790
vn -0.4213 -0.8931 0.1574
vn 0.7665 0.1696 0.6195
vn 0.7180 -0.6930 -0.0651
vn -0.3853 -0.8500 -0.3593
vn 0.8493 0.3031 0.4323
vn 0.0370 -0.5074 -0.8609
vn -0.0781 -0.5607 -0.8244
vn 0.2031 -0.4994 -0.8423
vn 0.4218 -0.0449 -0.9056
vn 0.4561 0.0746 -0.8868
vn 0.5326 0.0262 -0.8460
vn 0.7549 0.3676 -0.5431
vn 0.8863 0.4628 -0.0193
vn 0.7165 0.4636 -0.5213
vn 0.8095 0.5866 -0.0238
vn 0.6655 0.5842 -0.4646
vn 0.9831 -0.0358 -0.1793
vn 0.7507 0.1862 -0.6339
vn 0.9974 -0.0262 -0.0668
vn 0.9511 0.1236 -0.2831
vn 0.9132 -0.1506 0.3787
vn 0.7390 -0.6584 0.1427
vn 0.3778 -0.8564 -0.3520
vn -0.0745 -0.6429 -0.7623
vn 0.3329 -0.8870 -0.3201
vn 0.7001 -0.6927 0.1736
vn -0.3301 -0.0605 -0.9420
vn 0.7479 0.1326 -0.6505
vn -0.2372 0.5164 -0.8228
vn 0.8686 -0.1822 0.4609
vn 0.8546 -0.1951 0.4813
vn 0.8398 0.4250 0.3376
vn 0.7741 0.4440 0.4513
vn 0.7515 0.4569 0.4760
vn 0.4881 0.8727 0.0116
vn 0.4251 0.8995 0.1013
vn 0.3740 0.9169 0.1391
vn -0.0432 0.9311 -0.3623
vn -0.3229 0.5392 -0.7778
vn 0.0320 0.9082 -0.4172
vn 0.2281 0.8237 -0.5191
vn 0.6939 0.3051 -0.6523
vn 0.6512 0.2392 -0.7202
vn 0.9701 -0.2230 -0.0957
vn -0.0918 0.1175 -0.9888
vn 0.2604 -0.4748 -0.8407
vn 0.8551 -0.0536 -0.5157
vn 0.6205 -0.6960 -0.3613
vn 0.5055 0.2645 -0.8213
vn 0.8150 -0.5755 0.0668
vn 0.1972 -0.4944 -0.8465
vn 0.7625 -0.6351 0.1236
vn 0.5576 -0.7487 -0.3585
vn -0.1533 0.0976 -0.9834
vn 0.8102 -0.2764 0.5169
vn 0.1490 -0.5248 -0.8381
vn 0.6962 -0.7020 0.1501
vn 0.4982 -0.7993 -0.3359
vn 0.8748 0.1997 -0.4414
vn -0.1525 0.0919 -0.9840
vn -0.2143 0.6725 -0.7084
vn -0.1591 0.6765 -0.7191
vn 0.7584 -0.3274 0.5636
vn 0.0507 0.9800 -0.1922
vn 0.6420 0.2910 0.7094
vn 0.3687 0.8430 0.3916
vn 0.6719 0.2878 0.6824
vn 0.3448 0.8469 0.4049
vn -0.0113 0.9857 -0.1679
vn 0.7345 0.3328 0.5914
vn -0.1621 0.6575 -0.7358
vn 0.0306 0.9846 -0.1723
vn 0.3534 0.8685 0.3477
vn 0.5385 0.5410 -0.6460
vn 0.3622 0.5176 -0.7752
vn 0.9773 -0.1721 -0.1238
vn 0.5172 0.6232 -0.5866
vn 0.7149 -0.5441 -0.4391
vn 0.9525 0.2773 0.1257
vn 0.2161 -0.6276 -0.7480
vn 0.6584 0.7054 0.2625
vn 0.9520 0.2729 0.1386
vn 0.9772 -0.1963 -0.0805
vn 0.7036 -0.5930 -0.3916
vn 0.6837 0.7022 0.1988
vn 0.3556 0.3285 -0.8750
vn 0.1517 -0.6946 -0.7032
vn -0.3411 -0.3213 -0.8834
vn -0.4424 -0.4083 -0.7985
vn -0.5760 0.2634 -0.7738
vn -0.6578 0.1736 -0.7329
vn -0.7329 0.1100 -0.6714
vn -0.6825 0.6006 -0.4165
vn -0.3211 0.9378 -0.1322
vn -0.6502 0.6288 -0.4265
vn -0.1212 0.3678 -0.9220
vn -0.3493 0.9335 -0.0814
vn 0.2097 0.9715 0.1108
vn 0.1671 0.9637 0.2084
vn 0.3650 0.8605 -0.3554
vn 0.3073 0.8755 -0.3730
vn 0.1066 0.1949 -0.9750
vn 0.6736 0.6959 -0.2487
vn 0.1265 0.7620 -0.6351
vn 0.6061 -0.2225 -0.7637
vn 0.6708 0.6335 -0.3856
vn -0.4418 0.4600 -0.7702
vn 0.0672 0.0966 -0.9930
vn 0.2714 0.8719 -0.4076
vn 0.5160 0.8482 0.1198
vn -0.3637 0.5390 -0.7597
vn 0.8094 0.5710 -0.1373
vn 0.0308 0.1175 -0.9926
vn 0.8326 0.2357 -0.5012
vn 0.5828 -0.2652 -0.7681
vn 0.5657 -0.0470 -0.8233
vn 0.9006 -0.3785 -0.2135
vn 0.6133 -0.1942 -0.7656
vn 0.9261 -0.3050 -0.2223
vn 0.8977 0.1304 -0.4209
vn 0.8078 0.5885 -0.0335
vn 0.8478 0.5218 -0.0945
vn 0.8109 0.5290 -0.2501
vn 0.5148 0.8425 0.1589
vn -0.0000 0.6086 -0.7934
vn -0.0000 0.9705 0.2412
vn -0.0000 0.9809 0.1943
vn -0.0000 -0.3556 -0.9346
vn -0.0000 0.8441 -0.5361
vn -0.0000 -0.1815 -0.9834
vn -0.0000 -0.1446 -0.9895
vn -0.5657 -0.0470 -0.8233
vn 0.1212 0.3678 -0.9220
vn -0.6133 -0.1942 -0.7656
vn -0.8326 0.2357 -0.5012
vn -0.8977 0.1304 -0.4209
vn -0.8478 0.5218 -0.0945
vn -0.3650 0.8605 -0.3554
vn -0.8094 0.5710 -0.1373
vn -0.5148 0.8425 0.1589
vn -0.5160 0.8482 0.1198
vn -0.6736 0.6959 -0.2487
vn -0.6708 0.6335 -0.3856
vn -0.5809 0.1503 -0.8000
vn -0.1265 0.7620 -0.6351
vn -0.0000 0.1288 -0.9917
vn -0.3073 0.8755 -0.3730
vn 0.5809 0.1503 -0.8000
vn 0.0001 0.9070 -0.4212
vn 0.8827 0.2656 -0.3878
vn 0.9036 0.4280 0.0175
vn -0.2716 0.8720 -0.4072
vn -0.8828 0.2657 -0.3873
vn -0.9035 0.4282 0.0179
vn 0.6223 0.6717 0.4019
vn -0.6205 0.6728 0.4028
vn 0.4151 0.8634 -0.2866
vn 0.0020 0.7965 0.6046
vn -0.0829 0.9584 0.2730
vn -0.4138 0.8639 -0.2871
vn 0.0838 0.9583 0.2733
vn 0.0005 0.9939 0.1106
vn -0.4736 0.7883 -0.3929
vn 0.4731 0.7881 -0.3938
vn -0.0244 0.7004 -0.7133
vn 0.6477 0.7618 0.0122
vn 0.3799 0.8850 -0.2693
vn -0.1996 0.9744 0.1032
vn -0.2782 0.9016 0.3313
vn -0.5435 0.8140 -0.2051
vn 0.5276 0.8421 -0.1122
vn -0.4905 0.8489 -0.1968
vn -0.2333 0.8888 0.3944
vn -0.4808 0.8589 -0.1767
vn -0.3766 0.5769 -0.7248
vn -0.2516 0.8524 0.4583
vn 0.6770 0.7006 -0.2254
vn 0.3575 0.5658 0.7430
vn 0.2452 0.4915 0.8356
vn 0.7153 0.0361 0.6978
vn 0.9254 -0.2605 0.2753
vn 0.7737 0.1247 0.6211
vn 0.9530 -0.1756 0.2468
vn 0.9836 -0.1098 0.1434
vn 0.8190 0.5181 -0.2466
vn 0.2783 0.4174 -0.8651
vn 0.7974 0.3208 -0.5111
vn 0.5728 0.0811 -0.8157
vn 0.4013 0.4961 -0.7700
vn 0.9320 0.3219 -0.1664
vn -0.1188 0.6967 -0.7074
vn 0.4058 0.8957 0.1817
vn 0.8181 0.2551 -0.5154
vn 0.9664 0.2377 -0.0976
vn -0.6478 0.7617 0.0148
vn 0.9922 0.1134 -0.0519
vn 0.2005 0.9742 0.1033
vn -0.5577 0.6653 0.4963
vn 0.8910 0.0406 0.4522
vn -0.1476 0.4521 0.8797
vn 0.8814 0.2015 0.4273
vn 0.4678 0.1977 0.8614
vn 0.4510 0.3609 0.8163
vn -0.2081 0.4586 0.8640
vn 0.8997 0.4160 0.1322
vn 0.6574 0.5817 0.4790
vn 0.5308 0.8415 -0.1002
vn 0.2965 0.4843 0.8231
vn -0.0010 0.8483 0.5295
vn -0.1531 0.8684 -0.4716
vn 0.0398 0.8497 0.5257
vn -0.0282 0.8252 -0.5641
vn -0.0866 0.9953 -0.0440
vn 0.2260 0.4199 -0.8790
vn 0.8826 0.4675 -0.0485
vn 0.5154 -0.0570 -0.8550
vn 0.3006 0.4438 0.8442
vn 0.7560 -0.3808 -0.5323
vn 0.5765 -0.0262 0.8167
vn 0.6744 0.0177 0.7382
vn 0.7890 -0.4010 0.4654
vn 0.8484 -0.5287 -0.0264
vn 0.9933 0.1131 -0.0223
vn 0.8046 -0.3097 -0.5066
vn 0.8506 0.3839 0.3593
vn 0.8414 0.3680 -0.3958
vn 0.7131 0.7005 -0.0292
vn 0.7688 0.4843 0.4176
vn 0.9156 0.3987 0.0522
vn 0.5591 0.6995 -0.4450
vn 0.6872 0.7261 0.0240
vn 0.8755 -0.2206 0.4299
vn 0.9145 0.3398 -0.2196
vn 0.5644 0.6993 -0.4387
vn 0.3579 0.2632 -0.8959
vn 0.9374 -0.2648 -0.2262
vn 0.1415 -0.5567 -0.8186
vn 0.7989 -0.5971 0.0723
vn 0.1430 -0.9847 -0.0996
vn 0.4889 -0.7030 0.5165
vn 0.7320 -0.0095 0.6813
vn -0.9701 -0.2230 -0.0957
vn -0.8543 -0.0541 -0.5170
vn -0.2604 -0.4748 -0.8407
vn -0.5051 0.2615 -0.8225
vn -0.6205 -0.6960 -0.3613
vn -0.3579 0.2632 -0.8959
vn -0.8150 -0.5755 0.0668
vn -0.1416 -0.5569 -0.8184
vn -0.5650 0.6983 -0.4394
vn -0.1432 -0.9847 -0.0988
vn -0.9376 -0.2647 -0.2255
vn -0.4903 -0.7005 0.5185
vn -0.7315 -0.0048 0.6819
vn -0.7680 0.4856 0.4176
vn -0.6873 0.7260 0.0237
vn -0.8512 0.3832 0.3587
vn -0.7130 0.7006 -0.0295
vn -0.5582 0.6977 -0.4490
vn -0.9933 0.1137 -0.0229
vn -0.8411 0.3687 -0.3958
vn -0.9109 0.3452 -0.2258
vn -0.9158 0.3980 0.0546
vn -0.8751 -0.2204 0.4309
vn -0.9318 0.3234 -0.1649
vn -0.7336 0.3323 0.5928
vn -0.8102 -0.2764 0.5169
vn -0.7625 -0.6351 0.1236
vn -0.6719 0.2878 0.6824
vn -0.5576 -0.7487 -0.3585
vn -0.6962 -0.7020 0.1501
vn -0.7584 -0.3274 0.5636
vn -0.4982 -0.7993 -0.3359
vn -0.6420 0.2910 0.7094
vn -0.8748 0.1997 -0.4414
vn -0.3687 0.8430 0.3916
vn -0.1490 -0.5248 -0.8381
vn -0.1972 -0.4944 -0.8465
vn 0.1525 0.0919 -0.9840
vn 0.0918 0.1175 -0.9888
vn 0.1533 0.0976 -0.9834
vn -0.6512 0.2392 -0.7202
vn 0.1621 0.6575 -0.7358
vn -0.5385 0.5410 -0.6460
vn -0.9773 -0.1721 -0.1238
vn 0.2143 0.6725 -0.7084
vn 0.1591 0.6765 -0.7191
vn -0.0507 0.9800 -0.1922
vn 0.0113 0.9857 -0.1679
vn -0.3448 0.8469 0.4049
vn -0.0306 0.9846 -0.1723
vn -0.3534 0.8683 0.3482
vn -0.3622 0.5176 -0.7752
vn -0.8078 0.5885 -0.0335
vn -0.8102 0.5291 -0.2523
vn -0.5172 0.6233 -0.5866
vn -0.9261 -0.3050 -0.2223
vn -0.6584 0.7054 0.2625
vn -0.9835 -0.1097 0.1438
vn -0.9525 0.2773 0.1257
vn -0.9520 0.2729 0.1386
vn -0.6837 0.7022 0.1988
vn -0.1671 0.9637 0.2084
vn -0.1066 0.1949 -0.9750
vn 0.3493 0.9334 -0.0814
vn -0.2097 0.9715 0.1108
vn -0.3556 0.3285 -0.8750
vn 0.3211 0.9378 -0.1322
vn 0.6502 0.6288 -0.4265
vn 0.6825 0.6006 -0.4165
vn 0.6578 0.1736 -0.7329
vn 0.5760 0.2634 -0.7738
vn 0.7329 0.1100 -0.6714
vn 0.3411 -0.3213 -0.8834
vn 0.4424 -0.4083 -0.7985
vn -0.1517 -0.6946 -0.7032
vn -0.2161 -0.6276 -0.7480
vn -0.7036 -0.5930 -0.3916
vn -0.7149 -0.5441 -0.4391
vn -0.9772 -0.1963 -0.0805
vn -0.6061 -0.2225 -0.7637
vn -0.0672 0.0966 -0.9930
vn -0.9006 -0.3785 -0.2135
vn 0.4418 0.4600 -0.7702
vn -0.5828 -0.2652 -0.7681
vn -0.0308 0.1175 -0.9926
vn -0.9530 -0.1756 0.2468
vn -0.6770 0.7006 -0.2254
vn -0.9254 -0.2605 0.2753
vn -0.7731 0.1246 0.6219
vn 0.3637 0.5390 -0.7597
vn 0.3766 0.5769 -0.7248
vn 0.4905 0.8489 -0.1968
vn 0.4808 0.8589 -0.1767
vn 0.5436 0.8141 -0.2043
vn 0.2339 0.8882 0.3955
vn 0.2778 0.9042 0.3245
vn -0.3814 0.8843 -0.2693
vn 0.2516 0.8524 0.4583
vn 0.0279 0.7007 -0.7129
vn -0.5246 0.8443 -0.1093
vn 0.1173 0.6968 -0.7076
vn -0.3565 0.5645 0.7445
vn -0.2452 0.4915 0.8356
vn -0.7153 0.0361 0.6978
vn -0.8193 0.5176 -0.2465
vn -0.4039 0.4971 -0.7680
vn -0.7975 0.3211 -0.5108
vn -0.4061 0.8953 0.1828
vn -0.8183 0.2565 -0.5144
vn -0.9663 0.2375 -0.0998
vn 0.5583 0.6660 0.4948
vn -0.9922 0.1136 -0.0515
vn 0.1447 0.4513 0.8806
vn -0.8915 0.0398 0.4513
vn 0.2076 0.4566 0.8651
vn -0.4708 0.1954 0.8603
vn -0.4535 0.3589 0.8158
vn -0.8815 0.2007 0.4274
vn -0.8998 0.4158 0.1323
vn -0.6549 0.5837 0.4800
vn -0.2955 0.4799 0.8260
vn -0.5311 0.8414 -0.0997
vn 0.0045 0.8483 0.5294
vn -0.6762 0.0126 0.7366
vn -0.0432 0.8486 0.5272
vn -0.5794 -0.0293 0.8145
vn -0.3077 0.4393 0.8440
vn -0.7885 -0.4002 0.4671
vn -0.8488 -0.5282 -0.0237
vn -0.8828 0.4669 -0.0517
vn -0.8053 -0.3072 -0.5070
vn -0.7566 -0.3808 -0.5316
vn -0.5725 0.0852 -0.8154
vn -0.5157 -0.0593 -0.8547
vn -0.2775 0.4183 -0.8649
vn -0.2258 0.4177 -0.8801
vn 0.1528 0.8684 -0.4716
vn 0.0293 0.8254 -0.5638
vn 0.0867 0.9953 -0.0430
vn -0.5666 -0.3341 0.7532
vn 0.2358 -0.3029 0.9234
vn 0.0704 -0.9974 -0.0136
vn 0.8973 -0.2249 0.3799
vn 0.9403 -0.1716 -0.2939
vn 0.4322 -0.2575 -0.8642
vn -0.4287 -0.4202 -0.7998
vn -0.0019 0.7600 -0.6499
vn 0.6552 0.5867 -0.4759
vn -0.6573 0.5871 -0.4725
vn -0.0069 0.7210 -0.6929
vn 0.8917 0.4173 0.1753
vn 0.6923 0.5998 -0.4012
vn -0.6983 0.5960 -0.3964
vn 0.9073 0.3680 0.2034
vn -0.0002 0.9781 0.2082
vn 0.5768 0.2461 0.7789
vn 0.5944 0.1832 0.7830
vn -0.0000 0.1877 0.9822
vn 0.0006 0.1283 0.9917
vn -0.5740 0.2448 0.7814
vn -0.9065 0.3666 0.2096
vn -0.8917 0.4165 0.1771
vn -0.5932 0.1834 0.7839
vn 0.0004 0.8419 0.5397
vn -0.5912 0.8005 -0.0985
vn 0.5905 0.8010 -0.0989
vn -0.5947 0.8000 -0.0791
vn 0.5948 0.8000 -0.0789
vn -0.0000 0.9687 -0.2483
vn -0.0000 0.9745 -0.2244
vn -0.5818 0.8102 -0.0706
vn -0.9037 0.2022 0.3775
vn -0.0000 0.9755 -0.2201
vn -0.5848 0.8094 -0.0526
vn -0.8978 0.1524 0.4132
vn 0.5818 0.8102 -0.0706
vn -0.5148 -0.4051 0.7555
vn -0.0000 0.5458 0.8379
vn -0.0000 -0.5462 0.8377
vn -0.0000 -0.5268 0.8500
vn 0.5848 0.8094 -0.0526
vn 0.5356 -0.3707 0.7588
vn 0.5149 -0.4051 0.7555
vn 0.8978 0.1524 0.4132
vn 0.9037 0.2022 0.3775
vn 0.8890 0.1887 0.4173
vn -0.9849 -0.0181 0.1721
vn -0.8767 0.4807 -0.0194
vn -0.9963 -0.0332 -0.0791
vn -0.8486 -0.5266 0.0506
vn -0.8869 0.4056 0.2209
vn -0.5353 0.8189 0.2068
vn -0.8649 -0.4164 0.2803
vn -0.4898 -0.8109 0.3200
vn -0.6052 0.6839 0.4075
vn -0.1027 0.8523 0.5128
vn -0.5679 -0.6536 0.5003
vn -0.2567 0.7085 0.6573
vn -0.2190 -0.6242 0.7499
vn -0.0569 -0.7778 0.6260
vn -0.6097 -0.2965 0.7351
vn 0.0678 -0.3500 0.9343
vn 0.2839 -0.4396 0.8521
vn -0.4793 -0.2396 0.8443
vn -0.3112 -0.1465 0.9390
vn 0.1625 0.0727 0.9840
vn 0.4039 0.0746 0.9117
vn 0.2563 0.5680 0.7821
vn 0.0446 0.4789 0.8767
vn -0.3226 0.2571 0.9109
vn -0.3150 0.0569 0.9474
vn -0.5808 0.0402 0.8130
vn -0.4952 0.3268 0.8050
vn -0.7443 -0.1476 0.6514
vn -0.8284 0.0011 0.5602
vn -0.7481 0.1972 0.6336
vn -0.6278 0.3609 0.6896
vn -0.9769 -0.0303 0.2116
vn -0.8871 0.4615 -0.0058
vn -0.9977 -0.0567 -0.0379
vn -0.8343 -0.5408 0.1073
vn -0.8864 0.3972 0.2378
vn -0.5447 0.8164 0.1918
vn -0.8441 -0.4207 0.3323
vn -0.4592 -0.8055 0.3746
vn -0.6038 0.6891 0.4007
vn -0.1012 0.8723 0.4785
vn -0.5336 -0.6418 0.5507
vn -0.2462 0.7322 0.6350
vn -0.1763 -0.5942 0.7848
vn -0.0157 -0.7498 0.6615
vn -0.5742 -0.2753 0.7711
vn 0.1116 -0.3064 0.9453
vn 0.3266 -0.3950 0.8587
vn -0.4411 -0.2111 0.8723
vn -0.2714 -0.1105 0.9561
vn 0.1988 0.1200 0.9727
vn 0.4370 0.1237 0.8909
vn 0.2739 0.6075 0.7456
vn 0.0684 0.5185 0.8523
vn -0.3012 0.2845 0.9101
vn -0.2830 0.0968 0.9542
vn -0.4642 0.3508 0.8133
vn -0.5467 0.0641 0.8349
vn -0.6100 0.3876 0.6911
vn -0.7311 0.2083 0.6497
vn -0.7152 -0.1332 0.6862
vn -0.8059 0.0093 0.5919
vn -0.9674 0.1998 -0.1559
vn -0.8953 0.3350 0.2935
vn -0.8741 0.4749 -0.1024
vn -0.6846 0.7288 -0.0167
vn -0.9455 0.1309 0.2981
vn -0.9765 0.0031 -0.2155
vn -0.7709 0.5636 0.2969
vn -0.4253 0.9035 0.0531
vn -0.9558 0.0071 0.2940
vn -0.5668 0.7330 0.3759
vn -0.2330 0.9648 0.1217
vn -0.9471 -0.1326 0.2922
vn -0.9553 -0.2125 -0.2055
vn -0.3871 0.7375 0.5534
vn -0.1223 0.9840 0.1293
vn -0.5770 0.2085 0.7897
vn -0.2426 0.7910 0.5617
vn -0.0443 0.9870 0.1542
vn -0.3493 0.2561 0.9013
vn -0.5617 0.0395 0.8264
vn -0.3589 0.0593 0.9315
vn -0.1818 0.2746 0.9442
vn -0.5475 0.0105 0.8368
vn -0.3764 0.0191 0.9263
vn -0.1871 0.0816 0.9789
vn -0.2094 0.0450 0.9768
vn -0.3908 0.0332 0.9199
vn -0.5453 -0.0147 0.8381
vn -0.8799 -0.3441 0.3276
vn -0.8442 -0.5224 -0.1199
vn -0.6573 -0.7534 -0.0194
vn -0.5422 -0.1744 0.8220
vn -0.7435 -0.5589 0.3673
vn -0.4248 -0.8986 0.1102
vn -0.5408 -0.7083 0.4537
vn -0.2252 -0.9471 0.2287
vn -0.3673 -0.7202 0.5885
vn -0.1600 -0.9280 0.3364
vn -0.4039 -0.1129 0.9078
vn -0.2986 -0.6569 0.6923
vn -0.0869 -0.9204 0.3811
vn -0.2114 0.0484 0.9762
vn -0.2108 -0.1003 0.9724
vn -0.1568 -0.6456 0.7474
vn -0.0000 -0.6577 0.7533
vn -0.0000 -0.9123 0.4095
vn 0.0869 -0.9204 0.3811
vn -0.0000 -0.1242 0.9923
vn -0.0000 0.0360 0.9994
vn 0.1568 -0.6456 0.7474
vn 0.2986 -0.6569 0.6923
vn 0.1600 -0.9280 0.3364
vn 0.2108 -0.1003 0.9724
vn 0.3673 -0.7202 0.5885
vn 0.2252 -0.9471 0.2287
vn 0.4039 -0.1129 0.9078
vn 0.2114 0.0484 0.9762
vn 0.5408 -0.7083 0.4537
vn 0.4248 -0.8985 0.1102
vn 0.5422 -0.1744 0.8220
vn 0.7435 -0.5589 0.3673
vn 0.6573 -0.7534 -0.0194
vn 0.8799 -0.3441 0.3276
vn 0.8442 -0.5224 -0.1199
vn 0.9553 -0.2125 -0.2055
vn 0.3908 0.0332 0.9199
vn 0.5453 -0.0147 0.8381
vn 0.9471 -0.1326 0.2922
vn 0.9765 0.0031 -0.2155
vn 0.5475 0.0105 0.8368
vn 0.9558 0.0071 0.2940
vn 0.9455 0.1309 0.2981
vn 0.9674 0.1998 -0.1559
vn 0.3764 0.0191 0.9263
vn 0.8953 0.3350 0.2935
vn 0.8741 0.4749 -0.1024
vn 0.6846 0.7288 -0.0167
vn 0.5617 0.0395 0.8264
vn 0.7709 0.5636 0.2969
vn 0.4253 0.9035 0.0531
vn 0.5770 0.2085 0.7897
vn 0.5668 0.7331 0.3759
vn 0.2330 0.9648 0.1217
vn 0.3871 0.7375 0.5534
vn 0.1223 0.9840 0.1293
vn 0.3589 0.0593 0.9315
vn 0.3493 0.2561 0.9013
vn 0.2427 0.7910 0.5617
vn 0.0443 0.9870 0.1542
vn 0.2094 0.0450 0.9768
vn 0.1871 0.0816 0.9789
vn -0.0000 0.0527 0.9986
vn -0.0000 0.0950 0.9955
vn 0.1818 0.2746 0.9442
vn -0.0000 0.2465 0.9691
vn 0.1164 0.7991 0.5898
vn -0.1164 0.7991 0.5898
vn -0.0000 0.7754 0.6315
vn -0.0000 0.9909 0.1347
vn 0.8767 0.4807 -0.0194
vn 0.9849 -0.0181 0.1720
vn 0.9963 -0.0332 -0.0791
vn 0.8486 -0.5266 0.0506
vn 0.8869 0.4057 0.2209
vn 0.5353 0.8189 0.2068
vn 0.8649 -0.4164 0.2803
vn 0.4899 -0.8109 0.3200
vn 0.6051 0.6839 0.4075
vn 0.1027 0.8523 0.5128
vn 0.5679 -0.6536 0.5003
vn 0.2567 0.7085 0.6573
vn 0.2190 -0.6242 0.7499
vn 0.0569 -0.7778 0.6260
vn -0.0446 0.4789 0.8767
vn -0.2563 0.5680 0.7821
vn -0.0678 -0.3500 0.9343
vn -0.2839 -0.4396 0.8521
vn -0.1624 0.0727 0.9840
vn -0.4039 0.0746 0.9117
vn 0.3112 -0.1465 0.9390
vn 0.4794 -0.2396 0.8443
vn 0.3150 0.0569 0.9474
vn 0.6097 -0.2965 0.7351
vn 0.3226 0.2571 0.9109
vn 0.7443 -0.1476 0.6513
vn 0.5808 0.0402 0.8130
vn 0.8284 0.0011 0.5601
vn 0.4952 0.3268 0.8050
vn 0.7481 0.1972 0.6336
vn 0.6278 0.3609 0.6897
vn 0.8871 0.4615 -0.0058
vn 0.9769 -0.0303 0.2116
vn 0.9977 -0.0568 -0.0379
vn 0.8343 -0.5408 0.1073
vn 0.8864 0.3972 0.2378
vn 0.5447 0.8164 0.1918
vn 0.8442 -0.4207 0.3323
vn 0.4592 -0.8055 0.3746
vn 0.6038 0.6891 0.4007
vn 0.1012 0.8723 0.4785
vn 0.5336 -0.6418 0.5507
vn 0.2462 0.7322 0.6350
vn 0.1763 -0.5942 0.7848
vn 0.0157 -0.7498 0.6615
vn -0.0684 0.5185 0.8523
vn -0.2739 0.6075 0.7456
vn -0.1116 -0.3064 0.9453
vn -0.3266 -0.3950 0.8587
vn -0.1988 0.1200 0.9727
vn -0.4370 0.1237 0.8909
vn 0.2714 -0.1105 0.9561
vn 0.3012 0.2845 0.9101
vn 0.2830 0.0968 0.9542
vn 0.4641 0.3508 0.8133
vn 0.5467 0.0641 0.8349
vn 0.6099 0.3876 0.6912
vn 0.7311 0.2083 0.6497
vn 0.8059 0.0093 0.5919
vn 0.7151 -0.1332 0.6862
vn 0.4411 -0.2111 0.8723
vn 0.5742 -0.2753 0.7711
vn 0.3017 0.5425 0.7840
vn 0.2252 0.0398 0.9735
vn 0.4613 0.0464 0.8860
vn 0.3420 -0.4664 0.8158
vn 0.0977 0.4480 0.8887
vn -0.0759 0.8325 0.5487
vn 0.1309 -0.3819 0.9149
vn -0.0104 -0.7998 0.6001
vn -0.2188 0.6824 0.6975
vn -0.1652 -0.6524 0.7396
vn -0.4617 -0.8267 0.3214
vn -0.2649 0.2216 0.9385
vn -0.5827 0.6630 0.4700
vn -0.5271 0.8057 0.2701
vn -0.4447 0.2932 0.8463
vn -0.2533 0.0202 0.9672
vn -0.8745 0.3855 0.2944
vn -0.8798 0.4723 0.0542
vn -0.2487 -0.1826 0.9512
vn -0.5274 0.0058 0.8496
vn -0.4220 -0.2739 0.8642
vn -0.5847 0.3299 0.7411
vn -0.7131 0.1647 0.6814
vn -0.9708 -0.0313 0.2379
vn -0.9990 -0.0407 -0.0159
vn -0.8394 -0.5366 0.0863
vn -0.7961 -0.0127 0.6050
vn -0.6994 -0.1779 0.6922
vn -0.8418 -0.4346 0.3202
vn -0.5586 -0.3281 0.7617
vn -0.5292 -0.6766 0.5120
vn -0.2252 0.0398 0.9735
vn -0.3017 0.5425 0.7840
vn -0.4614 0.0464 0.8860
vn -0.3420 -0.4664 0.8158
vn -0.0977 0.4480 0.8887
vn 0.0759 0.8325 0.5487
vn -0.1309 -0.3819 0.9149
vn 0.0104 -0.7998 0.6001
vn 0.2188 0.6824 0.6975
vn 0.1653 -0.6524 0.7396
vn 0.4617 -0.8267 0.3214
vn 0.5827 0.6630 0.4700
vn 0.5271 0.8057 0.2701
vn 0.2649 0.2216 0.9385
vn 0.4447 0.2932 0.8463
vn 0.8745 0.3855 0.2944
vn 0.8798 0.4723 0.0542
vn 0.5848 0.3299 0.7411
vn 0.7131 0.1647 0.6814
vn 0.9708 -0.0313 0.2379
vn 0.9990 -0.0407 -0.0159
vn 0.8394 -0.5366 0.0863
vn 0.5274 0.0058 0.8496
vn 0.7961 -0.0127 0.6050
vn 0.8418 -0.4346 0.3202
vn 0.6994 -0.1779 0.6922
vn 0.5292 -0.6766 0.5120
vn 0.5586 -0.3281 0.7617
vn 0.4220 -0.2739 0.8642
vn 0.2487 -0.1826 0.9512
vn 0.2533 0.0202 0.9672
vn 0.9056 -0.0236 0.4234
vn 0.4317 0.5810 0.6899
vn -0.7904 0.3761 0.4834
vn -0.4300 0.5785 0.6931
vn -0.9079 -0.0249 0.4185
vn 0.7924 0.3725 0.4830
vn -0.9056 0.0236 -0.4234
vn 0.7904 -0.3761 -0.4834
vn -0.4317 -0.5810 -0.6899
vn 0.4300 -0.5785 -0.6931
vn -0.7924 -0.3725 -0.4830
vn 0.9079 0.0249 -0.4185
vn 0.3697 -0.0886 0.9249
vn 0.9347 -0.2469 0.2556
vn 0.8408 -0.3970 -0.3682
vn 0.7620 -0.3938 -0.5140
vn 0.3468 -0.0915 -0.9335
vn 0.2225 0.1005 -0.9697
vn -0.1233 0.4056 -0.9057
vn -0.4337 0.5836 -0.6865
vn -0.9136 0.3921 -0.1075
vn -0.7347 -0.1164 -0.6683
vn -0.2841 0.9362 -0.2068
vn -0.4500 0.5180 0.7274
vn -0.8326 -0.0488 0.5517
vn -0.6030 0.7500 -0.2719
vn -0.0215 0.1804 -0.9834
vn -0.4296 -0.3054 0.8498
vn 0.3254 0.7894 -0.5206
vn 0.8663 0.2805 -0.4134
vn -0.0091 -0.4178 0.9085
vn 0.9520 -0.2528 0.1727
vn 0.7647 0.3284 0.5544
vn 0.3826 0.7691 0.5119
vn -0.1134 0.9134 0.3910
vn 0.9188 -0.1367 -0.3702
vn 0.9392 0.2928 -0.1795
vn 0.9837 -0.1096 -0.1425
vn 0.9015 0.4031 -0.1575
vn 0.9967 -0.0263 -0.0774
vn 0.9076 0.4182 -0.0361
vn 0.7022 0.7014 -0.1220
vn 0.9828 -0.1602 0.0917
vn 0.7487 0.6623 -0.0267
vn 0.9443 -0.1680 0.2829
vn 0.9375 0.3153 0.1471
vn 0.8639 -0.1031 0.4930
vn 0.8779 -0.0199 0.4784
vn 0.8042 0.0529 0.5920
vn 0.5401 -0.4507 0.7108
vn 0.7250 -0.3445 0.5964
vn 0.8142 -0.0341 0.5796
vn 0.8358 0.0925 0.5413
vn 0.8978 0.2074 0.3884
vn 0.6610 -0.0272 0.7499
vn 0.8566 0.2714 0.4387
vn 0.2788 -0.0039 0.9603
vn 0.2221 -0.4464 0.8669
vn 0.8396 0.5053 0.1994
vn 0.9593 0.2732 0.0712
vn 0.7605 0.6441 -0.0826
vn 0.9547 0.2974 -0.0008
vn 0.7735 0.6270 -0.0929
vn 0.9977 -0.0624 0.0266
vn 0.9797 -0.1163 0.1632
vn 0.9938 -0.0685 0.0871
vn 0.9948 -0.1003 0.0173
vn 0.9906 -0.0829 -0.1085
vn 0.9921 -0.0457 -0.1169
vn 0.9423 -0.0263 -0.3336
vn 0.7316 -0.2098 -0.6487
vn 0.7432 -0.2523 -0.6197
vn 0.4993 -0.2587 -0.8269
vn 0.8794 -0.3539 -0.3186
vn 0.5326 -0.2350 -0.8131
vn 0.2364 -0.2741 -0.9322
vn 0.8809 -0.4719 -0.0369
vn 0.2540 -0.2557 -0.9328
vn -0.0000 -0.2455 -0.9694
vn -0.0000 -0.2155 -0.9765
vn 0.8981 -0.4395 0.0137
vn 0.8846 -0.4543 0.1052
vn 0.7577 -0.5855 0.2883
vn 0.5353 -0.7991 0.2736
vn 0.7094 -0.5471 0.4444
vn 0.4697 -0.8056 0.3610
vn 0.4804 -0.7590 0.4395
vn 0.3184 -0.8374 0.4442
vn 0.1514 -0.8365 0.5267
vn -0.0000 -0.7728 0.6346
vn -0.0000 -0.4065 0.9137
vn -0.2221 -0.4464 0.8669
vn -0.1514 -0.8365 0.5267
vn -0.5399 -0.4506 0.7110
vn -0.3175 -0.8377 0.4443
vn -0.7242 -0.3462 0.5963
vn -0.4763 -0.7636 0.4360
vn -0.7115 -0.5438 0.4450
vn -0.4767 -0.7994 0.3656
vn -0.5459 -0.7894 0.2808
vn -0.7625 -0.5787 0.2892
vn -0.8872 -0.4485 0.1087
vn -0.9832 -0.1581 0.0909
vn -0.8985 -0.4387 0.0142
vn -0.9967 -0.0277 -0.0766
vn -0.8807 -0.4726 -0.0324
vn -0.9446 -0.1669 0.2828
vn -0.9835 -0.1108 -0.1427
vn -0.8793 -0.3552 -0.3171
vn -0.8640 -0.1038 0.4927
vn -0.9188 -0.1367 -0.3702
vn -0.9077 0.4180 -0.0361
vn -0.9375 0.3153 0.1471
vn -0.7432 -0.2523 -0.6197
vn -0.9422 -0.0276 -0.3340
vn -0.7316 -0.2098 -0.6487
vn -0.4993 -0.2587 -0.8269
vn -0.5326 -0.2350 -0.8131
vn -0.2364 -0.2741 -0.9322
vn -0.2540 -0.2557 -0.9328
vn -0.9026 0.4010 -0.1569
vn -0.9392 0.2928 -0.1795
vn -0.7026 0.7011 -0.1218
vn -0.7487 0.6623 -0.0268
vn -0.9921 -0.0476 -0.1164
vn -0.9902 -0.0854 -0.1106
vn -0.8779 -0.0199 0.4784
vn -0.9948 -0.1000 0.0181
vn -0.9978 -0.0621 0.0252
vn -0.9940 -0.0677 0.0864
vn -0.9556 0.2946 -0.0013
vn -0.9797 -0.1163 0.1631
vn -0.9594 0.2727 0.0719
vn -0.8974 0.2082 0.3889
vn -0.8041 0.0546 0.5920
vn -0.8142 -0.0341 0.5796
vn -0.6610 -0.0272 0.7499
vn -0.8371 0.0988 0.5380
vn -0.2788 -0.0039 0.9603
vn -0.8561 0.2833 0.4323
vn -0.8388 0.5060 0.2008
vn -0.7618 0.6425 -0.0827
vn -0.7770 0.6233 -0.0881
vn -0.7129 0.2864 0.6401
vn -0.7196 0.5573 0.4141
vn -0.4464 0.6797 0.5820
vn -0.4193 0.2007 0.8854
vn -0.2023 0.8500 0.4864
vn -0.2178 0.3110 0.9251
vn -0.0000 0.7569 0.6536
vn -0.0000 0.1908 0.9816
vn 0.2177 0.3109 0.9252
vn 0.2023 0.8499 0.4865
vn 0.4193 0.2006 0.8854
vn 0.4464 0.6796 0.5821
vn 0.7122 0.2862 0.6410
vn 0.7180 0.5582 0.4157
vn 0.3961 0.1271 0.9094
vn 0.3523 -0.0637 0.9337
vn 0.1866 0.1544 0.9702
vn 0.1620 -0.0719 0.9842
vn -0.0000 0.0106 0.9999
vn -0.0000 0.1900 0.9818
vn -0.0000 -0.0447 0.9990
vn -0.1620 -0.0719 0.9842
vn -0.1866 0.1545 0.9702
vn -0.3523 -0.0637 0.9337
vn -0.3961 0.1271 0.9094
vn 0.6275 -0.5404 -0.5606
vn 0.5666 -0.7330 0.3764
vn 0.2400 -0.9366 -0.2553
vn 0.3146 -0.8019 0.5079
vn -0.3531 -0.8988 0.2598
vn -0.2495 -0.7160 -0.6520
vn -0.7969 -0.6004 0.0664
vn 0.7034 0.6149 -0.3565
vn -0.1965 0.9781 0.0688
vn -0.0804 0.9965 -0.0209
vn 0.7015 0.7082 -0.0791
vn -0.7794 0.6121 0.1341
vn -0.0293 0.9995 0.0154
vn 0.6377 0.7703 -0.0042
vn -0.6423 0.7637 0.0654
vn 0.0097 0.9999 0.0036
vn 0.5448 0.8384 0.0135
vn -0.5254 0.8503 0.0316
vn 0.0098 0.9999 0.0034
vn 0.4616 0.8870 0.0123
vn -0.4387 0.8984 0.0189
vn 0.0109 0.9999 0.0040
vn 0.4118 0.9112 0.0111
vn -0.3900 0.9208 0.0077
vn 0.0158 0.9999 0.0020
vn 0.4008 0.9162 0.0037
vn -0.3747 0.9271 0.0044
vn 0.0107 0.9999 0.0019
vn -0.3689 0.9295 0.0035
vn 0.3862 0.9224 0.0034
vn -0.3652 0.9309 0.0008
vn 0.0085 1.0000 0.0005
vn 0.3767 0.9263 0.0028
vn -0.3610 0.9326 -0.0005
vn 0.0054 1.0000 -0.0000
vn 0.3689 0.9295 0.0018
vn -0.3603 0.9328 -0.0009
vn 0.3689 0.9295 -0.0009
vn 0.0046 1.0000 -0.0010
vn -0.3604 0.9328 -0.0010
vn 0.3689 0.9295 -0.0010
vn 0.0046 1.0000 -0.0011
vn -0.3603 0.9328 -0.0010
vn 0.3688 0.9295 -0.0010
vn 0.0046 1.0000 -0.0013
vn -0.3589 0.9334 -0.0018
vn 0.3673 0.9301 -0.0019
vn 0.0044 1.0000 -0.0024
vn -0.6987 0.6211 -0.3550
vn 0.2021 0.9769 0.0700
vn 0.0869 0.9960 -0.0196
vn -0.6968 0.7129 -0.0790
vn 0.7824 0.6080 0.1348
vn 0.0348 0.9993 0.0158
vn -0.6336 0.7736 -0.0046
vn 0.6460 0.7605 0.0662
vn -0.0051 1.0000 0.0036
vn -0.5412 0.8408 0.0130
vn 0.5289 0.8481 0.0321
vn -0.0061 1.0000 0.0034
vn -0.4585 0.8886 0.0120
vn 0.4417 0.8969 0.0192
vn -0.0079 1.0000 0.0040
vn -0.4092 0.9124 0.0109
vn 0.3925 0.9197 0.0079
vn -0.0131 0.9999 0.0020
vn -0.3984 0.9172 0.0036
vn 0.3770 0.9262 0.0044
vn -0.0082 1.0000 0.0019
vn 0.3710 0.9286 0.0036
vn -0.3839 0.9233 0.0034
vn 0.3674 0.9301 0.0008
vn -0.0062 1.0000 0.0005
vn -0.3745 0.9272 0.0027
vn 0.3631 0.9317 -0.0005
vn -0.0031 1.0000 -0.0000
vn -0.3667 0.9303 0.0018
vn 0.3624 0.9320 -0.0009
vn -0.3668 0.9303 -0.0009
vn -0.0023 1.0000 -0.0010
vn 0.3625 0.9320 -0.0010
vn -0.3667 0.9303 -0.0010
vn -0.0023 1.0000 -0.0011
vn -0.0023 1.0000 -0.0013
vn 0.3610 0.9326 -0.0019
vn -0.3653 0.9309 -0.0018
vn -0.0024 1.0000 -0.0024
vn -0.7034 -0.6149 0.3565
vn 0.1965 -0.9781 -0.0688
vn 0.0804 -0.9965 0.0209
vn -0.7015 -0.7082 0.0791
vn 0.7794 -0.6121 -0.1341
vn 0.0293 -0.9995 -0.0154
vn -0.6377 -0.7703 0.0042
vn 0.6423 -0.7637 -0.0654
vn -0.0097 -0.9999 -0.0036
vn -0.5448 -0.8384 -0.0135
vn 0.5254 -0.8503 -0.0316
vn -0.0098 -0.9999 -0.0034
vn -0.4616 -0.8870 -0.0123
vn 0.4387 -0.8984 -0.0189
vn -0.0109 -0.9999 -0.0040
vn -0.4118 -0.9112 -0.0111
vn 0.3900 -0.9208 -0.0077
vn -0.0158 -0.9999 -0.0020
vn -0.4008 -0.9162 -0.0037
vn 0.3747 -0.9271 -0.0044
vn -0.0107 -0.9999 -0.0019
vn 0.3689 -0.9295 -0.0035
vn -0.3862 -0.9224 -0.0034
vn 0.3652 -0.9309 -0.0008
vn -0.0085 -1.0000 -0.0005
vn -0.3767 -0.9263 -0.0028
vn 0.3610 -0.9326 0.0005
vn -0.0054 -1.0000 -0.0000
vn -0.3689 -0.9295 -0.0018
vn 0.3603 -0.9328 0.0009
vn -0.3689 -0.9295 0.0009
vn -0.0046 -1.0000 0.0010
vn 0.3604 -0.9328 0.0010
vn -0.3689 -0.9295 0.0010
vn -0.0046 -1.0000 0.0011
vn 0.3603 -0.9328 0.0010
vn -0.3688 -0.9295 0.0010
vn -0.0046 -1.0000 0.0013
vn 0.3589 -0.9334 0.0018
vn -0.3673 -0.9301 0.0019
vn -0.0044 -1.0000 0.0024
vn 0.6987 -0.6211 0.3550
vn -0.2021 -0.9769 -0.0700
vn -0.0869 -0.9960 0.0196
vn 0.6968 -0.7129 0.0790
vn -0.7824 -0.6080 -0.1348
vn -0.0348 -0.9993 -0.0158
vn 0.6336 -0.7736 0.0046
vn -0.6460 -0.7605 -0.0662
vn 0.0051 -1.0000 -0.0036
vn 0.5412 -0.8408 -0.0130
vn -0.5289 -0.8481 -0.0321
vn 0.0061 -1.0000 -0.0034
vn 0.4585 -0.8886 -0.0120
vn -0.4417 -0.8969 -0.0192
vn 0.0079 -1.0000 -0.0040
vn 0.4092 -0.9124 -0.0109
vn -0.3925 -0.9197 -0.0079
vn 0.0132 -0.9999 -0.0020
vn 0.3984 -0.9172 -0.0036
vn -0.3770 -0.9262 -0.0044
vn 0.0082 -1.0000 -0.0019
vn -0.3710 -0.9286 -0.0036
vn 0.3839 -0.9233 -0.0034
vn -0.3674 -0.9301 -0.0008
vn 0.0062 -1.0000 -0.0005
vn 0.3745 -0.9272 -0.0027
vn -0.3631 -0.9317 0.0005
vn 0.0031 -1.0000 -0.0000
vn 0.3667 -0.9303 -0.0018
vn -0.3624 -0.9320 0.0009
vn 0.3668 -0.9303 0.0009
vn 0.0023 -1.0000 0.0010
vn -0.3625 -0.9320 0.0010
vn 0.3667 -0.9303 0.0010
vn 0.0023 -1.0000 0.0011
vn 0.0023 -1.0000 0.0013
vn -0.3610 -0.9326 0.0019
vn 0.3653 -0.9309 0.0018
vn 0.0024 -1.0000 0.0024
vn 0.0002 -0.9887 0.1500
vn -0.0927 -0.9541 0.2849
vn -0.1221 -0.9567 0.2641
vn -0.0391 -0.9508 0.3072
vn -0.1328 -0.9587 0.2515
vn -0.0000 -0.9486 0.3163
vn -0.1490 -0.9666 0.2086
vn 0.0391 -0.9508 0.3072
vn -0.1666 -0.9744 0.1507
vn 0.0927 -0.9541 0.2849
vn -0.1614 -0.9834 0.0833
vn 0.1221 -0.9567 0.2641
vn -0.1666 -0.9841 0.0608
vn 0.1348 -0.9594 0.2478
vn -0.1684 -0.9825 0.0794
vn 0.1523 -0.9672 0.2035
vn -0.1387 -0.9891 0.0491
vn 0.1679 -0.9741 0.1514
vn -0.0766 -0.9970 0.0103
vn 0.1619 -0.9832 0.0846
vn -0.0307 -0.9995 -0.0111
vn 0.1669 -0.9841 0.0612
vn -0.0000 -0.9999 -0.0131
vn 0.1687 -0.9824 0.0797
vn 0.0307 -0.9995 -0.0111
vn 0.1388 -0.9891 0.0491
vn 0.0766 -0.9970 0.0103
vn -0.0819 0.9771 -0.1966
vn -0.0592 0.9821 -0.1787
vn 0.0003 0.9472 -0.3205
vn -0.1084 0.9673 -0.2293
vn -0.0349 0.9849 -0.1696
vn -0.1224 0.9601 -0.2515
vn -0.0000 0.9863 -0.1652
vn -0.1264 0.9499 -0.2858
vn 0.0349 0.9849 -0.1696
vn -0.1339 0.9407 -0.3118
vn 0.0592 0.9821 -0.1787
vn -0.1187 0.9353 -0.3333
vn 0.0819 0.9771 -0.1966
vn -0.0473 0.9000 -0.4333
vn 0.1096 0.9667 -0.2312
vn -0.0109 0.8793 -0.4762
vn 0.1242 0.9593 -0.2535
vn 0.0193 0.8724 -0.4884
vn 0.1274 0.9500 -0.2851
vn 0.0687 0.8611 -0.5038
vn 0.1352 0.9409 -0.3106
vn 0.0338 0.8637 -0.5029
vn 0.1197 0.9357 -0.3317
vn -0.0000 0.8691 -0.4947
vn 0.0454 0.8991 -0.4355
vn -0.0338 0.8637 -0.5029
vn 0.0136 0.8794 -0.4760
vn -0.0687 0.8611 -0.5038
vn -0.0169 0.8730 -0.4874
vt 0.117676 0.623047
vt 0.117981 0.622803
vt 0.117798 0.623047
vt 0.125122 0.623047
vt 0.124939 0.623047
vt 0.124817 0.622803
vt 0.125000 0.375977
vt 0.124939 0.375977
vt 0.124634 0.376953
vt 0.125244 0.375488
vt 0.125244 0.375488
vt 0.126343 0.375000
vt 0.125000 0.375977
vt 0.124634 0.376953
vt 0.124939 0.375977
vt 0.125244 0.375488
vt 0.126343 0.375000
vt 0.125244 0.375488
vt 0.117493 0.621094
vt 0.116882 0.621582
vt 0.117371 0.620850
vt 0.116333 0.621826
vt 0.116699 0.621338
vt 0.115784 0.622315
vt 0.116150 0.621582
vt 0.114197 0.626953
vt 0.113953 0.626709
vt 0.114075 0.626465
vt 0.114197 0.627197
vt 0.114075 0.627686
vt 0.114258 0.626709
vt 0.114258 0.626953
vt 0.114258 0.626709
vt 0.114197 0.626709
vt 0.114258 0.626709
vt 0.114319 0.626709
vt 0.114258 0.626709
vt 0.114197 0.626709
vt 0.114197 0.626709
vt 0.114197 0.626953
vt 0.114197 0.626953
vt 0.114258 0.626709
vt 0.114136 0.626953
vt 0.113342 0.626709
vt 0.113830 0.626953
vt 0.114624 0.626709
vt 0.114685 0.625244
vt 0.114136 0.626953
vt 0.114136 0.626953
vt 0.114502 0.627197
vt 0.114258 0.626709
vt 0.114380 0.627441
vt 0.114990 0.626709
vt 0.114197 0.626953
vt 0.114868 0.627930
vt 0.114014 0.628662
vt 0.114136 0.626953
vt 0.114136 0.626953
vt 0.114929 0.628906
vt 0.114014 0.629150
vt 0.114441 0.629639
vt 0.114990 0.629639
vt 0.114807 0.630859
vt 0.115539 0.628418
vt 0.115356 0.631104
vt 0.115662 0.626465
vt 0.115356 0.630127
vt 0.115356 0.631836
vt 0.115234 0.632324
vt 0.115601 0.633057
vt 0.115417 0.632812
vt 0.115601 0.631592
vt 0.115662 0.632812
vt 0.115539 0.632080
vt 0.116150 0.633301
vt 0.115845 0.632080
vt 0.116760 0.634033
vt 0.117065 0.635010
vt 0.115967 0.632812
vt 0.117859 0.635986
vt 0.117126 0.635742
vt 0.115723 0.632812
vt 0.115723 0.632568
vt 0.115845 0.632568
vt 0.115601 0.632568
vt 0.115967 0.632568
vt 0.115845 0.632568
vt 0.116028 0.632568
vt 0.115723 0.632568
vt 0.115723 0.632324
vt 0.115784 0.632324
vt 0.115967 0.632324
vt 0.115967 0.632324
vt 0.116150 0.632568
vt 0.116150 0.632324
vt 0.116394 0.633057
vt 0.116211 0.632324
vt 0.116394 0.632568
vt 0.116821 0.633545
vt 0.116516 0.632324
vt 0.115845 0.631592
vt 0.116760 0.632812
vt 0.115662 0.630859
vt 0.116943 0.632324
vt 0.116028 0.631104
vt 0.117554 0.633545
vt 0.116455 0.631348
vt 0.117248 0.632812
vt 0.117615 0.633789
vt 0.117554 0.633057
vt 0.117859 0.633789
vt 0.117615 0.634033
vt 0.117371 0.634277
vt 0.118591 0.634277
vt 0.116943 0.634277
vt 0.118164 0.634277
vt 0.117126 0.634766
vt 0.117188 0.634766
vt 0.117798 0.634521
vt 0.117310 0.634521
vt 0.117310 0.635010
vt 0.117310 0.634766
vt 0.117676 0.635254
vt 0.117371 0.634521
vt 0.117615 0.635010
vt 0.117615 0.634521
vt 0.117432 0.635010
vt 0.117676 0.635010
vt 0.117859 0.634766
vt 0.117432 0.635010
vt 0.117981 0.635010
vt 0.117371 0.634766
vt 0.117859 0.634766
vt 0.117798 0.634766
vt 0.117737 0.634766
vt 0.118042 0.635254
vt 0.117859 0.635498
vt 0.118835 0.635986
vt 0.118835 0.636475
vt 0.118652 0.635498
vt 0.119507 0.635986
vt 0.119690 0.636963
vt 0.119812 0.636719
vt 0.118347 0.635254
vt 0.120239 0.636231
vt 0.120361 0.636963
vt 0.120422 0.636963
vt 0.120911 0.637207
vt 0.119934 0.635986
vt 0.120788 0.636231
vt 0.120972 0.636963
vt 0.120300 0.635986
vt 0.118958 0.635498
vt 0.121399 0.636231
vt 0.121399 0.637207
vt 0.121765 0.636963
vt 0.121399 0.636231
vt 0.121948 0.636231
vt 0.121826 0.637207
vt 0.122497 0.636231
vt 0.122314 0.636963
vt 0.122437 0.636963
vt 0.122925 0.636719
vt 0.122437 0.635986
vt 0.123291 0.635986
vt 0.123047 0.636963
vt 0.123901 0.636475
vt 0.122864 0.635986
vt 0.123901 0.635986
vt 0.124878 0.635986
vt 0.124146 0.635498
vt 0.124878 0.635498
vt 0.125610 0.635010
vt 0.125610 0.635742
vt 0.124756 0.635254
vt 0.123779 0.635498
vt 0.124390 0.635254
vt 0.122864 0.635742
vt 0.123901 0.635010
vt 0.123169 0.635498
vt 0.122253 0.635742
vt 0.122864 0.635254
vt 0.121399 0.635986
vt 0.122314 0.635010
vt 0.121765 0.635498
vt 0.120483 0.635742
vt 0.122803 0.635010
vt 0.119873 0.635742
vt 0.123169 0.635010
vt 0.119568 0.635498
vt 0.123230 0.635010
vt 0.119873 0.635254
vt 0.123718 0.635010
vt 0.123413 0.635010
vt 0.123596 0.634766
vt 0.123291 0.635010
vt 0.123474 0.635010
vt 0.123108 0.635010
vt 0.123352 0.634766
vt 0.123230 0.634766
vt 0.123291 0.634766
vt 0.123047 0.634766
vt 0.123169 0.634521
vt 0.122742 0.634521
vt 0.123840 0.634521
vt 0.122497 0.634521
vt 0.124329 0.635010
vt 0.122192 0.634766
vt 0.122009 0.634766
vt 0.121399 0.634766
vt 0.122375 0.634277
vt 0.121887 0.635010
vt 0.121643 0.634521
vt 0.121521 0.635498
vt 0.123047 0.634033
vt 0.121399 0.635742
vt 0.121521 0.635254
vt 0.120972 0.635498
vt 0.121399 0.635498
vt 0.120422 0.635010
vt 0.121216 0.635498
vt 0.121399 0.635498
vt 0.121216 0.635254
vt 0.121399 0.635254
vt 0.120911 0.635010
vt 0.121399 0.635010
vt 0.120544 0.634766
vt 0.120056 0.634521
vt 0.120728 0.634766
vt 0.119934 0.635010
vt 0.120239 0.634521
vt 0.119629 0.635010
vt 0.119690 0.634766
vt 0.119629 0.634766
vt 0.119507 0.635010
vt 0.119446 0.635010
vt 0.119507 0.634766
vt 0.119568 0.634521
vt 0.119446 0.634766
vt 0.119385 0.634766
vt 0.119324 0.635010
vt 0.119324 0.635010
vt 0.119141 0.634766
vt 0.119019 0.635010
vt 0.118835 0.635010
vt 0.118896 0.634521
vt 0.118408 0.635010
vt 0.118042 0.634766
vt 0.118958 0.634277
vt 0.117493 0.634521
vt 0.117737 0.634766
vt 0.117737 0.634766
vt 0.117615 0.635010
vt 0.117676 0.634766
vt 0.117737 0.634766
vt 0.117493 0.634766
vt 0.117615 0.634766
vt 0.117615 0.634766
vt 0.117493 0.634766
vt 0.117615 0.634521
vt 0.117676 0.634766
vt 0.117554 0.634766
vt 0.117493 0.634766
vt 0.119690 0.634033
vt 0.118958 0.633545
vt 0.118652 0.633545
vt 0.118286 0.633545
vt 0.118530 0.633301
vt 0.118103 0.633301
vt 0.118958 0.633301
vt 0.118225 0.633057
vt 0.117920 0.632568
vt 0.118530 0.632812
vt 0.117737 0.632324
vt 0.118774 0.633057
vt 0.118896 0.632324
vt 0.119385 0.632812
vt 0.119873 0.633301
vt 0.120178 0.633301
vt 0.119690 0.632568
vt 0.118164 0.632080
vt 0.118286 0.631836
vt 0.117920 0.631836
vt 0.117554 0.632080
vt 0.117737 0.631592
vt 0.117065 0.631592
vt 0.116760 0.631592
vt 0.117126 0.631348
vt 0.116699 0.631348
vt 0.116333 0.631104
vt 0.117065 0.631104
vt 0.116516 0.630859
vt 0.116821 0.630859
vt 0.117371 0.630859
vt 0.116882 0.630371
vt 0.116516 0.630371
vt 0.116211 0.629883
vt 0.116455 0.629639
vt 0.115906 0.630371
vt 0.116150 0.629639
vt 0.115723 0.630371
vt 0.116028 0.629883
vt 0.115906 0.630127
vt 0.115784 0.630127
vt 0.115784 0.629883
vt 0.115539 0.629883
vt 0.115662 0.629883
vt 0.115662 0.629395
vt 0.115662 0.629883
vt 0.115784 0.629639
vt 0.115967 0.629639
vt 0.115906 0.629395
vt 0.115723 0.628906
vt 0.116089 0.628906
vt 0.116333 0.627441
vt 0.116211 0.627930
vt 0.116150 0.627197
vt 0.116455 0.627686
vt 0.116516 0.625977
vt 0.116394 0.627441
vt 0.116577 0.626953
vt 0.117065 0.626221
vt 0.115784 0.625732
vt 0.117188 0.626465
vt 0.115112 0.626221
vt 0.115051 0.625732
vt 0.115295 0.625732
vt 0.115356 0.624756
vt 0.115723 0.624023
vt 0.115295 0.623535
vt 0.116028 0.624756
vt 0.116577 0.625244
vt 0.116455 0.624023
vt 0.117248 0.625488
vt 0.116699 0.624512
vt 0.117432 0.624268
vt 0.117004 0.623779
vt 0.116150 0.623291
vt 0.117126 0.623047
vt 0.116028 0.622559
vt 0.116150 0.621338
vt 0.115784 0.621826
vt 0.116516 0.620850
vt 0.117065 0.620606
vt 0.117737 0.620361
vt 0.118042 0.620606
vt 0.116638 0.622559
vt 0.118164 0.620850
vt 0.118530 0.620117
vt 0.118652 0.620361
vt 0.116516 0.622803
vt 0.116760 0.622559
vt 0.116638 0.622803
vt 0.116516 0.623291
vt 0.116882 0.622803
vt 0.116943 0.623047
vt 0.117004 0.622559
vt 0.116882 0.622315
vt 0.117126 0.622315
vt 0.117004 0.622070
vt 0.117310 0.623291
vt 0.117798 0.621582
vt 0.117615 0.622559
vt 0.117615 0.623291
vt 0.117676 0.623779
vt 0.117798 0.623291
vt 0.118103 0.623291
vt 0.118225 0.623047
vt 0.118164 0.623535
vt 0.118286 0.623291
vt 0.118103 0.622315
vt 0.118652 0.622803
vt 0.118774 0.623535
vt 0.118042 0.624268
vt 0.117981 0.625000
vt 0.118774 0.624023
vt 0.118042 0.625488
vt 0.118835 0.624512
vt 0.117920 0.625732
vt 0.119141 0.625000
vt 0.118958 0.625244
vt 0.119568 0.624023
vt 0.119568 0.624512
vt 0.119568 0.623535
vt 0.119141 0.623779
vt 0.119934 0.623535
vt 0.119080 0.623291
vt 0.119568 0.623047
vt 0.119141 0.623047
vt 0.119507 0.623047
vt 0.119995 0.623047
vt 0.120239 0.623535
vt 0.120361 0.623047
vt 0.119934 0.622803
vt 0.119507 0.622803
vt 0.119141 0.622070
vt 0.119873 0.622070
vt 0.118530 0.622070
vt 0.119446 0.622070
vt 0.118713 0.621826
vt 0.119324 0.621582
vt 0.119629 0.621338
vt 0.118347 0.621826
vt 0.118652 0.621582
vt 0.118774 0.621338
vt 0.119080 0.621338
vt 0.118958 0.620606
vt 0.118958 0.619873
vt 0.119202 0.620117
vt 0.117798 0.621826
vt 0.119690 0.620606
vt 0.119446 0.619629
vt 0.119812 0.620117
vt 0.119934 0.621338
vt 0.120483 0.620361
vt 0.120178 0.619629
vt 0.120667 0.620117
vt 0.120178 0.621094
vt 0.120361 0.621582
vt 0.120667 0.621338
vt 0.120483 0.620850
vt 0.121399 0.620361
vt 0.120972 0.619873
vt 0.121399 0.620117
vt 0.121826 0.619873
vt 0.122131 0.620117
vt 0.121399 0.621094
vt 0.122253 0.620361
vt 0.122620 0.619629
vt 0.122925 0.620117
vt 0.121094 0.621094
vt 0.123108 0.620606
vt 0.123352 0.619629
vt 0.123596 0.620117
vt 0.120728 0.621582
vt 0.121399 0.621826
vt 0.120483 0.622315
vt 0.120788 0.622559
vt 0.120972 0.622315
vt 0.120972 0.623047
vt 0.121094 0.622559
vt 0.121399 0.622070
vt 0.120850 0.623291
vt 0.121399 0.623047
vt 0.120544 0.623779
vt 0.121399 0.623291
vt 0.121094 0.623535
vt 0.121399 0.622559
vt 0.121643 0.622559
vt 0.121765 0.623047
vt 0.121826 0.622315
vt 0.122009 0.622559
vt 0.121948 0.623291
vt 0.122314 0.622315
vt 0.122375 0.623047
vt 0.121704 0.623535
vt 0.121399 0.623535
vt 0.121399 0.624023
vt 0.122253 0.623779
vt 0.122559 0.623535
vt 0.120483 0.624268
vt 0.121399 0.624268
vt 0.120422 0.624512
vt 0.122314 0.624268
vt 0.121399 0.624512
vt 0.123230 0.624512
vt 0.122375 0.624512
vt 0.121399 0.625000
vt 0.123230 0.624023
vt 0.123657 0.625000
vt 0.122864 0.623535
vt 0.123901 0.624756
vt 0.123230 0.623535
vt 0.123962 0.624023
vt 0.122803 0.623047
vt 0.123230 0.623291
vt 0.122864 0.622803
vt 0.123291 0.623047
vt 0.123657 0.623779
vt 0.123718 0.623291
vt 0.123962 0.623535
vt 0.123657 0.623047
vt 0.123291 0.622803
vt 0.122925 0.622070
vt 0.123657 0.622070
vt 0.123352 0.622070
vt 0.122437 0.621582
vt 0.124084 0.622803
vt 0.122070 0.621582
vt 0.121643 0.621094
vt 0.122131 0.621338
vt 0.122253 0.620850
vt 0.122803 0.621338
vt 0.122620 0.621094
vt 0.123108 0.621338
vt 0.123840 0.620606
vt 0.123779 0.619873
vt 0.124146 0.620361
vt 0.123474 0.621582
vt 0.123657 0.621338
vt 0.123962 0.621338
vt 0.124573 0.620850
vt 0.124268 0.620117
vt 0.124756 0.620606
vt 0.124146 0.621582
vt 0.125244 0.621094
vt 0.125000 0.620606
vt 0.125366 0.620850
vt 0.124023 0.621826
vt 0.124451 0.621826
vt 0.124268 0.622315
vt 0.125000 0.621582
vt 0.124695 0.622315
vt 0.125732 0.622070
vt 0.125854 0.621582
vt 0.125610 0.620606
vt 0.126099 0.621338
vt 0.126221 0.621094
vt 0.126465 0.621826
vt 0.126587 0.621582
vt 0.126587 0.621338
vt 0.126953 0.622315
vt 0.126953 0.621826
vt 0.126709 0.622559
vt 0.127441 0.623535
vt 0.126099 0.622559
vt 0.126587 0.623291
vt 0.125854 0.622315
vt 0.126221 0.622803
vt 0.125977 0.622559
vt 0.126099 0.623047
vt 0.127075 0.624023
vt 0.128052 0.625244
vt 0.125854 0.622803
vt 0.126221 0.623291
vt 0.125732 0.622559
vt 0.125732 0.623047
vt 0.125610 0.622559
vt 0.125610 0.623047
vt 0.126221 0.624023
vt 0.125488 0.623291
vt 0.125732 0.623779
vt 0.126709 0.624756
vt 0.125122 0.622559
vt 0.127441 0.625000
vt 0.125977 0.624512
vt 0.126099 0.625244
vt 0.125244 0.624512
vt 0.126953 0.625732
vt 0.127686 0.625732
vt 0.127441 0.625732
vt 0.127563 0.626221
vt 0.126221 0.625977
vt 0.127075 0.626465
vt 0.127808 0.626709
vt 0.128052 0.626709
vt 0.128662 0.626465
vt 0.127930 0.627930
vt 0.128174 0.627197
vt 0.128540 0.626709
vt 0.128418 0.626709
vt 0.128418 0.627441
vt 0.128418 0.626709
vt 0.128540 0.626709
vt 0.128418 0.626953
vt 0.128540 0.626953
vt 0.128540 0.626709
vt 0.128540 0.626709
vt 0.128540 0.626709
vt 0.128540 0.626709
vt 0.128540 0.626953
vt 0.128540 0.626953
vt 0.128540 0.626709
vt 0.128540 0.626953
vt 0.128540 0.626953
vt 0.128784 0.626709
vt 0.129395 0.626709
vt 0.128906 0.626953
vt 0.128662 0.627686
vt 0.128540 0.627197
vt 0.128540 0.627197
vt 0.128540 0.626953
vt 0.128540 0.626953
vt 0.128662 0.628662
vt 0.128540 0.626953
vt 0.128540 0.626953
vt 0.127808 0.628906
vt 0.128662 0.629150
vt 0.128296 0.629639
vt 0.127197 0.628418
vt 0.127686 0.629639
vt 0.127930 0.630859
vt 0.126587 0.627197
vt 0.127319 0.631104
vt 0.125732 0.626221
vt 0.127319 0.631836
vt 0.127441 0.632324
vt 0.127319 0.630127
vt 0.127197 0.633057
vt 0.127319 0.633057
vt 0.127075 0.631592
vt 0.127075 0.633057
vt 0.127197 0.632080
vt 0.126953 0.632080
vt 0.126587 0.633301
vt 0.126953 0.632324
vt 0.127075 0.632568
vt 0.126953 0.632812
vt 0.127075 0.632568
vt 0.126953 0.632568
vt 0.126831 0.632568
vt 0.126953 0.632568
vt 0.126953 0.632324
vt 0.126709 0.632568
vt 0.126709 0.632324
vt 0.126831 0.632324
vt 0.126709 0.632568
vt 0.126709 0.632812
vt 0.126587 0.632812
vt 0.126587 0.632568
vt 0.126343 0.633057
vt 0.126587 0.632324
vt 0.126343 0.632568
vt 0.125854 0.633545
vt 0.126831 0.631592
vt 0.126221 0.632324
vt 0.125977 0.632812
vt 0.127075 0.630859
vt 0.125732 0.632324
vt 0.126709 0.631104
vt 0.125488 0.632812
vt 0.125122 0.633545
vt 0.125122 0.633057
vt 0.125122 0.633789
vt 0.126343 0.631348
vt 0.125977 0.634033
vt 0.124939 0.633789
vt 0.125122 0.634033
vt 0.125610 0.634766
vt 0.125732 0.634277
vt 0.125366 0.634277
vt 0.125488 0.634766
vt 0.125000 0.635254
vt 0.125366 0.635010
vt 0.124756 0.635010
vt 0.125122 0.635010
vt 0.124695 0.634766
vt 0.124878 0.635010
vt 0.124878 0.634766
vt 0.124939 0.634521
vt 0.125000 0.634766
vt 0.124939 0.634766
vt 0.125000 0.635010
vt 0.125122 0.634521
vt 0.125000 0.634766
vt 0.125000 0.634766
vt 0.125000 0.634766
vt 0.125000 0.634766
vt 0.125122 0.635010
vt 0.125244 0.635010
vt 0.125488 0.634766
vt 0.125244 0.635010
vt 0.125122 0.634766
vt 0.125244 0.634766
vt 0.125122 0.634766
vt 0.125366 0.634766
vt 0.125244 0.634766
vt 0.125122 0.634766
vt 0.125244 0.634766
vt 0.125000 0.634766
vt 0.125122 0.634521
vt 0.125244 0.634521
vt 0.125366 0.634521
vt 0.125366 0.634521
vt 0.124634 0.634521
vt 0.124146 0.634277
vt 0.123840 0.634277
vt 0.124146 0.633545
vt 0.123840 0.633545
vt 0.124451 0.633545
vt 0.124268 0.633301
vt 0.124634 0.633301
vt 0.123779 0.633301
vt 0.124512 0.633057
vt 0.124878 0.632568
vt 0.124206 0.632812
vt 0.125000 0.632324
vt 0.123962 0.633057
vt 0.123840 0.632324
vt 0.123352 0.632812
vt 0.122864 0.633301
vt 0.122620 0.633301
vt 0.123047 0.632568
vt 0.124634 0.632080
vt 0.124512 0.631836
vt 0.124817 0.631836
vt 0.125122 0.632080
vt 0.125000 0.631592
vt 0.125732 0.631592
vt 0.125977 0.631592
vt 0.125610 0.631348
vt 0.125977 0.631348
vt 0.125610 0.631104
vt 0.126465 0.631104
vt 0.125854 0.630859
vt 0.126221 0.630859
vt 0.125366 0.630859
vt 0.125854 0.630371
vt 0.126221 0.630371
vt 0.126587 0.630127
vt 0.126343 0.629639
vt 0.126831 0.630371
vt 0.126587 0.629639
vt 0.127075 0.630371
vt 0.126709 0.629883
vt 0.126831 0.630127
vt 0.126953 0.630127
vt 0.126953 0.629883
vt 0.127197 0.629883
vt 0.127075 0.629883
vt 0.127075 0.629395
vt 0.127075 0.629883
vt 0.126953 0.629639
vt 0.126831 0.629639
vt 0.126831 0.629395
vt 0.127075 0.628906
vt 0.126587 0.628906
vt 0.126465 0.627441
vt 0.126465 0.627930
vt 0.126099 0.626953
vt 0.126343 0.627930
vt 0.126343 0.627441
vt 0.126343 0.628418
vt 0.126099 0.627930
vt 0.126099 0.627686
vt 0.125977 0.627686
vt 0.126221 0.627441
vt 0.126099 0.627441
vt 0.126221 0.627197
vt 0.126221 0.627441
vt 0.126099 0.627197
vt 0.125977 0.626953
vt 0.125732 0.626709
vt 0.125732 0.627197
vt 0.125977 0.627197
vt 0.125610 0.626465
vt 0.125854 0.627441
vt 0.125366 0.626953
vt 0.125854 0.627441
vt 0.125610 0.627197
vt 0.125854 0.627441
vt 0.125610 0.627441
vt 0.125366 0.627197
vt 0.125854 0.627930
vt 0.125732 0.628174
vt 0.125488 0.627686
vt 0.125000 0.627197
vt 0.125244 0.626709
vt 0.125000 0.627686
vt 0.124878 0.625732
vt 0.124756 0.626709
vt 0.125000 0.626465
vt 0.124756 0.625488
vt 0.124817 0.626953
vt 0.125488 0.625488
vt 0.124756 0.627441
vt 0.124695 0.624268
vt 0.124756 0.625000
vt 0.124634 0.623535
vt 0.124512 0.623291
vt 0.125122 0.623779
vt 0.124695 0.623291
vt 0.124573 0.623047
vt 0.124939 0.623291
vt 0.125122 0.623291
vt 0.125122 0.622315
vt 0.125244 0.622315
vt 0.124878 0.622070
vt 0.125244 0.622070
vt 0.124939 0.622070
vt 0.125122 0.621826
vt 0.124756 0.622070
vt 0.124939 0.621826
vt 0.123840 0.625244
vt 0.124146 0.625488
vt 0.124695 0.625977
vt 0.124390 0.625977
vt 0.124573 0.625977
vt 0.124695 0.626221
vt 0.124573 0.626465
vt 0.124512 0.626221
vt 0.124390 0.626221
vt 0.124390 0.625977
vt 0.124268 0.626221
vt 0.124268 0.625977
vt 0.124206 0.625977
vt 0.123962 0.625732
vt 0.124268 0.626465
vt 0.124023 0.626221
vt 0.124390 0.626709
vt 0.123657 0.625732
vt 0.123901 0.626221
vt 0.124390 0.626709
vt 0.123779 0.626465
vt 0.123413 0.625488
vt 0.123230 0.625977
vt 0.124573 0.627197
vt 0.124390 0.626953
vt 0.124084 0.626709
vt 0.124329 0.626953
vt 0.124206 0.626953
vt 0.124329 0.627197
vt 0.123901 0.626953
vt 0.124512 0.627441
vt 0.124206 0.627197
vt 0.124268 0.627197
vt 0.124512 0.627686
vt 0.124329 0.627441
vt 0.124146 0.627197
vt 0.124084 0.627441
vt 0.124084 0.627197
vt 0.124023 0.627197
vt 0.124084 0.626953
vt 0.124023 0.626953
vt 0.123901 0.627197
vt 0.123840 0.626953
vt 0.124146 0.627686
vt 0.123779 0.627441
vt 0.123596 0.627197
vt 0.124206 0.627930
vt 0.123596 0.626709
vt 0.123291 0.627441
vt 0.123291 0.626709
vt 0.123230 0.626221
vt 0.123169 0.625977
vt 0.122925 0.626465
vt 0.122559 0.625977
vt 0.122742 0.625977
vt 0.123108 0.626709
vt 0.123108 0.625732
vt 0.122742 0.626465
vt 0.122925 0.627197
vt 0.122803 0.626953
vt 0.122620 0.626709
vt 0.122681 0.627197
vt 0.122559 0.626953
vt 0.122559 0.626709
vt 0.122437 0.626953
vt 0.122559 0.626465
vt 0.122375 0.626709
vt 0.122375 0.626465
vt 0.122131 0.626465
vt 0.122314 0.626953
vt 0.122375 0.627197
vt 0.122192 0.626953
vt 0.122620 0.627441
vt 0.122131 0.627197
vt 0.122131 0.626709
vt 0.122192 0.626709
vt 0.121948 0.626953
vt 0.121948 0.626465
vt 0.122070 0.627441
vt 0.121704 0.626953
vt 0.121582 0.626709
vt 0.122681 0.627441
vt 0.122009 0.627441
vt 0.121460 0.626953
vt 0.121399 0.627441
vt 0.121399 0.626953
vt 0.121826 0.626221
vt 0.121399 0.626465
vt 0.122437 0.625977
vt 0.121582 0.625977
vt 0.121399 0.625977
vt 0.121826 0.625732
vt 0.121216 0.625977
vt 0.121399 0.625732
vt 0.121826 0.625488
vt 0.122437 0.625488
vt 0.121643 0.625244
vt 0.122742 0.625732
vt 0.122681 0.625488
vt 0.122070 0.625000
vt 0.122925 0.625488
vt 0.122497 0.625244
vt 0.122681 0.625244
vt 0.123108 0.625244
vt 0.122803 0.625244
vt 0.122620 0.625244
vt 0.123352 0.625000
vt 0.122742 0.625244
vt 0.122864 0.625244
vt 0.123108 0.625244
vt 0.122437 0.624756
vt 0.122925 0.625244
vt 0.122742 0.625000
vt 0.122620 0.624756
vt 0.122437 0.625000
vt 0.122681 0.625000
vt 0.121399 0.625244
vt 0.121094 0.625244
vt 0.120667 0.625000
vt 0.120911 0.625488
vt 0.120361 0.624756
vt 0.120972 0.625732
vt 0.120361 0.625977
vt 0.120361 0.625488
vt 0.120972 0.626221
vt 0.121216 0.626709
vt 0.120178 0.625977
vt 0.121277 0.626953
vt 0.120605 0.626465
vt 0.121033 0.626953
vt 0.120788 0.626465
vt 0.120422 0.626465
vt 0.120788 0.626953
vt 0.120239 0.626465
vt 0.120544 0.626709
vt 0.120239 0.626709
vt 0.120605 0.626709
vt 0.120361 0.626709
vt 0.120605 0.627197
vt 0.119995 0.626465
vt 0.120605 0.626953
vt 0.120728 0.627441
vt 0.120361 0.627197
vt 0.120788 0.627441
vt 0.120178 0.627441
vt 0.120056 0.627441
vt 0.120483 0.626953
vt 0.120300 0.626953
vt 0.120117 0.627197
vt 0.120178 0.626953
vt 0.120178 0.626709
vt 0.119995 0.626953
vt 0.119812 0.627197
vt 0.119690 0.626709
vt 0.119812 0.626465
vt 0.119446 0.626709
vt 0.119568 0.626221
vt 0.119629 0.625977
vt 0.119446 0.627441
vt 0.119202 0.626709
vt 0.119995 0.625977
vt 0.118958 0.626465
vt 0.119507 0.625977
vt 0.120056 0.625732
vt 0.119629 0.625732
vt 0.120056 0.625488
vt 0.120300 0.625244
vt 0.119812 0.625488
vt 0.120361 0.625000
vt 0.120117 0.625244
vt 0.120178 0.625244
vt 0.120117 0.625000
vt 0.119995 0.625244
vt 0.119995 0.625000
vt 0.120178 0.624756
vt 0.119873 0.625244
vt 0.119995 0.625244
vt 0.119873 0.625244
vt 0.119629 0.625244
vt 0.119629 0.625244
vt 0.119385 0.625000
vt 0.119324 0.625488
vt 0.119141 0.625732
vt 0.118774 0.625732
vt 0.118896 0.626221
vt 0.118591 0.625488
vt 0.118713 0.626221
vt 0.118530 0.625977
vt 0.118530 0.625977
vt 0.118347 0.625732
vt 0.118408 0.625977
vt 0.118225 0.625977
vt 0.118469 0.626221
vt 0.118469 0.626221
vt 0.118408 0.626709
vt 0.118225 0.626465
vt 0.118408 0.626221
vt 0.118286 0.626221
vt 0.118042 0.626221
vt 0.118042 0.625977
vt 0.117798 0.626221
vt 0.117493 0.626709
vt 0.117981 0.626709
vt 0.117004 0.626709
vt 0.118347 0.626709
vt 0.116821 0.626953
vt 0.118713 0.626709
vt 0.116577 0.627197
vt 0.118896 0.626953
vt 0.116577 0.627441
vt 0.119202 0.627197
vt 0.116638 0.627686
vt 0.116577 0.627441
vt 0.116699 0.627686
vt 0.116699 0.627441
vt 0.116638 0.627197
vt 0.116577 0.627930
vt 0.117004 0.627197
vt 0.116760 0.627197
vt 0.117371 0.626953
vt 0.116821 0.627197
vt 0.117126 0.627197
vt 0.117432 0.627197
vt 0.116882 0.627441
vt 0.116821 0.627441
vt 0.117065 0.627441
vt 0.116943 0.627686
vt 0.117310 0.627686
vt 0.117737 0.627197
vt 0.117065 0.628174
vt 0.117920 0.626953
vt 0.117676 0.627686
vt 0.118042 0.627441
vt 0.118225 0.627197
vt 0.118347 0.626953
vt 0.118530 0.626953
vt 0.118408 0.626953
vt 0.118408 0.627197
vt 0.118652 0.626953
vt 0.118591 0.627197
vt 0.118958 0.626953
vt 0.118286 0.627441
vt 0.118469 0.627197
vt 0.118225 0.627686
vt 0.118469 0.627441
vt 0.118591 0.627197
vt 0.118652 0.627686
vt 0.118713 0.627441
vt 0.118713 0.627197
vt 0.118774 0.627197
vt 0.118713 0.626953
vt 0.118896 0.627197
vt 0.119019 0.627441
vt 0.118591 0.627930
vt 0.119141 0.627930
vt 0.117981 0.627930
vt 0.118896 0.628418
vt 0.118530 0.628174
vt 0.117676 0.628418
vt 0.118225 0.628174
vt 0.117432 0.628418
vt 0.117981 0.628418
vt 0.118530 0.628418
vt 0.118164 0.628418
vt 0.118347 0.628418
vt 0.118774 0.628662
vt 0.118103 0.628662
vt 0.118530 0.628662
vt 0.118347 0.628418
vt 0.118469 0.628418
vt 0.118408 0.628662
vt 0.118591 0.628662
vt 0.118774 0.628906
vt 0.118530 0.628906
vt 0.118347 0.628662
vt 0.118469 0.628906
vt 0.118286 0.628662
vt 0.118408 0.628906
vt 0.118225 0.628906
vt 0.118469 0.628906
vt 0.118652 0.628906
vt 0.118164 0.629150
vt 0.119019 0.628906
vt 0.118835 0.629150
vt 0.118591 0.629150
vt 0.119324 0.628662
vt 0.119324 0.629150
vt 0.119507 0.628174
vt 0.119568 0.628906
vt 0.119629 0.627686
vt 0.119568 0.628418
vt 0.119934 0.627686
vt 0.119873 0.628662
vt 0.119873 0.628418
vt 0.119812 0.628174
vt 0.119812 0.627930
vt 0.120056 0.628418
vt 0.120056 0.628174
vt 0.119934 0.627930
vt 0.120300 0.627686
vt 0.120056 0.627930
vt 0.120911 0.627686
vt 0.120544 0.627930
vt 0.120239 0.627930
vt 0.120300 0.628174
vt 0.120300 0.628174
vt 0.120605 0.628174
vt 0.120911 0.628174
vt 0.120483 0.628662
vt 0.120178 0.628418
vt 0.120178 0.628662
vt 0.120544 0.628906
vt 0.120178 0.629150
vt 0.119934 0.629150
vt 0.120483 0.629395
vt 0.120422 0.629395
vt 0.119446 0.629395
vt 0.120850 0.629883
vt 0.120300 0.629639
vt 0.119812 0.629395
vt 0.120483 0.630127
vt 0.121094 0.629639
vt 0.119995 0.629883
vt 0.120850 0.629150
vt 0.119629 0.629639
vt 0.120788 0.628906
vt 0.119446 0.629639
vt 0.121033 0.628418
vt 0.119324 0.629639
vt 0.121216 0.628906
vt 0.119202 0.629639
vt 0.121094 0.628906
vt 0.118958 0.629395
vt 0.121094 0.629150
vt 0.118652 0.629883
vt 0.121216 0.629150
vt 0.121399 0.629150
vt 0.121399 0.629395
vt 0.121399 0.629639
vt 0.121399 0.628662
vt 0.121399 0.629883
vt 0.121399 0.628418
vt 0.121399 0.627930
vt 0.121765 0.628418
vt 0.121826 0.628174
vt 0.121521 0.628906
vt 0.121948 0.628906
vt 0.121643 0.628906
vt 0.121643 0.629150
vt 0.122192 0.628906
vt 0.121948 0.629150
vt 0.121521 0.629395
vt 0.121704 0.629639
vt 0.122253 0.629395
vt 0.121887 0.629883
vt 0.121582 0.630127
vt 0.122314 0.629395
vt 0.121399 0.630127
vt 0.122620 0.629150
vt 0.121155 0.630127
vt 0.121399 0.630615
vt 0.120972 0.630371
vt 0.120911 0.630615
vt 0.122314 0.630127
vt 0.121765 0.630371
vt 0.121826 0.630615
vt 0.121033 0.630859
vt 0.121704 0.630859
vt 0.120483 0.630859
vt 0.121399 0.631104
vt 0.120788 0.631592
vt 0.122253 0.630859
vt 0.121948 0.631592
vt 0.121399 0.631592
vt 0.120056 0.631104
vt 0.122681 0.631104
vt 0.120300 0.630615
vt 0.122620 0.631348
vt 0.120361 0.630371
vt 0.122192 0.632080
vt 0.120117 0.630371
vt 0.120300 0.630127
vt 0.119507 0.630615
vt 0.119934 0.630127
vt 0.119751 0.630127
vt 0.119690 0.629883
vt 0.119751 0.629883
vt 0.119629 0.630127
vt 0.119507 0.629883
vt 0.119385 0.630371
vt 0.119446 0.630127
vt 0.119263 0.629883
vt 0.119263 0.629883
vt 0.119141 0.629883
vt 0.119141 0.629883
vt 0.118774 0.629883
vt 0.118774 0.630127
vt 0.118469 0.629883
vt 0.119141 0.630615
vt 0.118042 0.629639
vt 0.119568 0.631104
vt 0.118042 0.629639
vt 0.119812 0.631104
vt 0.119690 0.631592
vt 0.119385 0.631104
vt 0.118896 0.631104
vt 0.120178 0.631348
vt 0.119263 0.631348
vt 0.120544 0.632080
vt 0.120056 0.631592
vt 0.119385 0.631592
vt 0.119873 0.631836
vt 0.118896 0.631592
vt 0.119568 0.631836
vt 0.119324 0.632080
vt 0.119934 0.632080
vt 0.120117 0.632568
vt 0.118652 0.631348
vt 0.118774 0.631104
vt 0.118164 0.631592
vt 0.118591 0.631348
vt 0.118713 0.630371
vt 0.118286 0.630859
vt 0.118347 0.630615
vt 0.118408 0.630859
vt 0.118225 0.630371
vt 0.117981 0.630615
vt 0.117981 0.630371
vt 0.118103 0.631104
vt 0.117737 0.630371
vt 0.117859 0.631104
vt 0.117676 0.631348
vt 0.117737 0.630859
vt 0.117676 0.630615
vt 0.117310 0.630127
vt 0.117615 0.629883
vt 0.116882 0.629883
vt 0.117554 0.629639
vt 0.117248 0.629639
vt 0.116821 0.629150
vt 0.117737 0.629395
vt 0.117432 0.628906
vt 0.117004 0.629150
vt 0.117920 0.628662
vt 0.117615 0.628906
vt 0.117065 0.628906
vt 0.117004 0.628662
vt 0.116699 0.628906
vt 0.116760 0.628418
vt 0.116394 0.628174
vt 0.116516 0.628662
vt 0.116516 0.628906
vt 0.116638 0.629150
vt 0.125366 0.375488
vt 0.125610 0.375488
vt 0.125732 0.375977
vt 0.125854 0.375977
vt 0.125732 0.376465
vt 0.125732 0.376465
vt 0.125610 0.376465
vt 0.125488 0.376465
vt 0.125000 0.376465
vt 0.125244 0.376465
vt 0.125244 0.376465
vt 0.125122 0.375977
vt 0.124756 0.376465
vt 0.125488 0.376465
vt 0.125977 0.376465
vt 0.124878 0.375977
vt 0.125977 0.375977
vt 0.126099 0.375488
vt 0.125122 0.375488
vt 0.125854 0.375488
vt 0.125732 0.375488
vt 0.125610 0.375488
vt 0.125366 0.375977
vt 0.127319 0.369629
vt 0.126831 0.368652
vt 0.126831 0.368652
vt 0.126099 0.368164
vt 0.126099 0.367676
vt 0.125488 0.367188
vt 0.125366 0.367188
vt 0.125244 0.366699
vt 0.124329 0.366211
vt 0.124329 0.366211
vt 0.124451 0.366211
vt 0.122925 0.365723
vt 0.123108 0.365723
vt 0.121399 0.365723
vt 0.119995 0.365723
vt 0.121460 0.365234
vt 0.121643 0.365723
vt 0.121887 0.365723
vt 0.123230 0.365723
vt 0.120056 0.366211
vt 0.122009 0.366211
vt 0.118713 0.366699
vt 0.118225 0.366699
vt 0.123352 0.366211
vt 0.124634 0.366699
vt 0.124634 0.366699
vt 0.125610 0.367676
vt 0.125610 0.367676
vt 0.126343 0.368164
vt 0.124329 0.366211
vt 0.125366 0.367188
vt 0.126099 0.368164
vt 0.126953 0.368652
vt 0.126831 0.368652
vt 0.127563 0.370117
vt 0.127808 0.371582
vt 0.127197 0.370605
vt 0.127441 0.373047
vt 0.126831 0.369141
vt 0.126953 0.372559
vt 0.126709 0.374512
vt 0.126343 0.368652
vt 0.126221 0.374023
vt 0.125366 0.375977
vt 0.125000 0.375488
vt 0.125732 0.367676
vt 0.125000 0.366699
vt 0.124146 0.366211
vt 0.124084 0.366211
vt 0.122803 0.365723
vt 0.122742 0.365723
vt 0.121460 0.365723
vt 0.120117 0.365723
vt 0.118347 0.366699
vt 0.117310 0.367676
vt 0.117248 0.367676
vt 0.116333 0.368652
vt 0.116455 0.368652
vt 0.115479 0.370117
vt 0.115662 0.370117
vt 0.115112 0.371582
vt 0.115295 0.371582
vt 0.115356 0.373047
vt 0.115479 0.373047
vt 0.115845 0.374512
vt 0.115723 0.374512
vt 0.116394 0.375488
vt 0.116333 0.375488
vt 0.117188 0.375977
vt 0.117126 0.376465
vt 0.117981 0.376953
vt 0.115662 0.374512
vt 0.117981 0.376953
vt 0.118835 0.377441
vt 0.115295 0.373047
vt 0.119141 0.377930
vt 0.116577 0.375488
vt 0.115784 0.374512
vt 0.120300 0.377441
vt 0.119385 0.377930
vt 0.120850 0.378418
vt 0.122559 0.377930
vt 0.121948 0.377441
vt 0.123962 0.376953
vt 0.123474 0.376465
vt 0.117554 0.376465
vt 0.118286 0.376953
vt 0.116882 0.375488
vt 0.116028 0.374512
vt 0.118286 0.376953
vt 0.118408 0.377441
vt 0.115417 0.373047
vt 0.117554 0.376465
vt 0.117676 0.376465
vt 0.116882 0.375488
vt 0.117065 0.375977
vt 0.116028 0.374512
vt 0.116089 0.375000
vt 0.115539 0.373535
vt 0.115295 0.371582
vt 0.115417 0.371582
vt 0.115784 0.370117
vt 0.115539 0.372070
vt 0.116455 0.368652
vt 0.115784 0.372070
vt 0.115845 0.373535
vt 0.116333 0.375000
vt 0.117188 0.375977
vt 0.115845 0.370605
vt 0.116028 0.371094
vt 0.116455 0.370117
vt 0.116272 0.369629
vt 0.117126 0.369141
vt 0.116882 0.368652
vt 0.117859 0.368164
vt 0.117737 0.367676
vt 0.118652 0.367188
vt 0.118835 0.367188
vt 0.119629 0.366699
vt 0.119751 0.366699
vt 0.120605 0.366211
vt 0.120728 0.366211
vt 0.119568 0.366699
vt 0.119629 0.366699
vt 0.118591 0.367188
vt 0.118652 0.367188
vt 0.117432 0.367676
vt 0.117676 0.367676
vt 0.117798 0.368164
vt 0.116943 0.368652
vt 0.116882 0.368652
vt 0.116333 0.369629
vt 0.116272 0.369629
vt 0.126099 0.375977
vt 0.125732 0.375488
vt 0.125488 0.375977
vt 0.125244 0.375488
vt 0.125244 0.375977
vt 0.125488 0.376465
vt 0.125000 0.376465
vt 0.125122 0.376953
vt 0.124939 0.376953
vt 0.125244 0.377441
vt 0.125488 0.377441
vt 0.124939 0.377930
vt 0.125854 0.378418
vt 0.126221 0.377930
vt 0.125488 0.378418
vt 0.126709 0.378906
vt 0.127075 0.378906
vt 0.126221 0.379395
vt 0.127563 0.379883
vt 0.127930 0.379395
vt 0.127075 0.380371
vt 0.128540 0.380859
vt 0.129028 0.380371
vt 0.127930 0.381348
vt 0.129517 0.381836
vt 0.130005 0.381348
vt 0.128906 0.382324
vt 0.130493 0.383301
vt 0.129883 0.383789
vt 0.131104 0.382324
vt 0.130859 0.384766
vt 0.131470 0.384277
vt 0.132080 0.383301
vt 0.131958 0.385742
vt 0.132568 0.385254
vt 0.133057 0.384766
vt 0.132934 0.386719
vt 0.134155 0.385742
vt 0.133545 0.386230
vt 0.133911 0.387695
vt 0.135132 0.386719
vt 0.134643 0.387207
vt 0.135010 0.388672
vt 0.136108 0.387695
vt 0.135620 0.388184
vt 0.135986 0.389648
vt 0.137085 0.388672
vt 0.136597 0.389160
vt 0.136963 0.391113
vt 0.138184 0.389648
vt 0.137573 0.390137
vt 0.137939 0.392090
vt 0.139160 0.390625
vt 0.138672 0.391602
vt 0.139038 0.393066
vt 0.140137 0.392090
vt 0.139648 0.392578
vt 0.140015 0.394043
vt 0.141235 0.393066
vt 0.140625 0.393555
vt 0.126221 0.375488
vt 0.126343 0.375488
vt 0.126953 0.375977
vt 0.126709 0.375977
vt 0.127197 0.375488
vt 0.127686 0.376465
vt 0.127319 0.376953
vt 0.128052 0.375977
vt 0.128540 0.377441
vt 0.128052 0.377441
vt 0.128906 0.376953
vt 0.129395 0.378418
vt 0.128906 0.378418
vt 0.129883 0.377930
vt 0.130371 0.379395
vt 0.129761 0.379883
vt 0.130859 0.378418
vt 0.131348 0.380371
vt 0.130737 0.380859
vt 0.131958 0.379395
vt 0.132324 0.381348
vt 0.132934 0.380859
vt 0.131714 0.381836
vt 0.133911 0.381836
vt 0.133423 0.382324
vt 0.132812 0.382812
vt 0.135010 0.382812
vt 0.134399 0.383301
vt 0.133789 0.383789
vt 0.135986 0.383789
vt 0.134766 0.384766
vt 0.135376 0.384277
vt 0.136963 0.384766
vt 0.135864 0.386230
vt 0.136475 0.385254
vt 0.138062 0.385742
vt 0.136841 0.387207
vt 0.137451 0.386719
vt 0.139038 0.386719
vt 0.137817 0.388184
vt 0.138428 0.387695
vt 0.140015 0.387695
vt 0.138794 0.389160
vt 0.139404 0.388672
vt 0.140991 0.389160
vt 0.139893 0.390137
vt 0.140503 0.389648
vt 0.142090 0.390137
vt 0.140869 0.391113
vt 0.141479 0.390625
vt 0.143066 0.391113
vt 0.141846 0.392090
vt 0.142456 0.391602
vt 0.125122 0.376953
vt 0.124939 0.376953
vt 0.125244 0.377441
vt 0.125488 0.377441
vt 0.124939 0.377930
vt 0.125854 0.378418
vt 0.126221 0.377930
vt 0.125488 0.378418
vt 0.126709 0.378906
vt 0.127075 0.378906
vt 0.126221 0.379395
vt 0.127563 0.379883
vt 0.127930 0.379395
vt 0.127075 0.380371
vt 0.128540 0.380859
vt 0.129028 0.380371
vt 0.127930 0.381348
vt 0.129517 0.381836
vt 0.130005 0.381348
vt 0.128906 0.382324
vt 0.130493 0.383301
vt 0.129883 0.383789
vt 0.131104 0.382324
vt 0.130859 0.384766
vt 0.131470 0.384277
vt 0.132080 0.383301
vt 0.131958 0.385742
vt 0.132568 0.385254
vt 0.133057 0.384766
vt 0.132934 0.386719
vt 0.134155 0.385742
vt 0.133545 0.386230
vt 0.133911 0.387695
vt 0.135132 0.386719
vt 0.134643 0.387207
vt 0.135010 0.388672
vt 0.136108 0.387695
vt 0.135620 0.388184
vt 0.135986 0.389648
vt 0.137085 0.388672
vt 0.136597 0.389160
vt 0.136963 0.391113
vt 0.138184 0.389648
vt 0.137573 0.390137
vt 0.137939 0.392090
vt 0.139160 0.390625
vt 0.138672 0.391602
vt 0.139038 0.393066
vt 0.140137 0.392090
vt 0.139648 0.392578
vt 0.140015 0.394043
vt 0.141235 0.393066
vt 0.140625 0.393555
vt 0.126221 0.375488
vt 0.126343 0.375488
vt 0.126953 0.375977
vt 0.126709 0.375977
vt 0.127197 0.375488
vt 0.127686 0.376465
vt 0.127319 0.376953
vt 0.128052 0.375977
vt 0.128540 0.377441
vt 0.128052 0.377441
vt 0.128906 0.376953
vt 0.129395 0.378418
vt 0.128906 0.378418
vt 0.129883 0.377930
vt 0.130371 0.379395
vt 0.129761 0.379883
vt 0.130859 0.378418
vt 0.131348 0.380371
vt 0.130737 0.380859
vt 0.131958 0.379395
vt 0.132324 0.381348
vt 0.132934 0.380859
vt 0.131714 0.381836
vt 0.133911 0.381836
vt 0.133423 0.382324
vt 0.132812 0.382812
vt 0.135010 0.382812
vt 0.134399 0.383301
vt 0.133789 0.383789
vt 0.135986 0.383789
vt 0.134766 0.384766
vt 0.135376 0.384277
vt 0.136963 0.384766
vt 0.135864 0.386230
vt 0.136475 0.385254
vt 0.138062 0.385742
vt 0.136841 0.387207
vt 0.137451 0.386719
vt 0.139038 0.386719
vt 0.137817 0.388184
vt 0.138428 0.387695
vt 0.140015 0.387695
vt 0.138794 0.389160
vt 0.139404 0.388672
vt 0.140991 0.389160
vt 0.139893 0.390137
vt 0.140503 0.389648
vt 0.142090 0.390137
vt 0.140869 0.391113
vt 0.141479 0.390625
vt 0.143066 0.391113
vt 0.141846 0.392090
vt 0.142456 0.391602
vt 0.124756 0.627930
vt 0.125122 0.628418
vt 0.124268 0.628174
vt 0.125366 0.628418
vt 0.124573 0.628174
vt 0.125732 0.628662
vt 0.124756 0.628418
vt 0.125977 0.628418
vt 0.125610 0.628906
vt 0.126221 0.628662
vt 0.125977 0.628906
vt 0.126221 0.628906
vt 0.126099 0.629150
vt 0.125977 0.629150
vt 0.125732 0.629150
vt 0.125854 0.629883
vt 0.125488 0.629639
vt 0.125244 0.629150
vt 0.125488 0.630127
vt 0.125122 0.629639
vt 0.125122 0.628906
vt 0.125000 0.629395
vt 0.124817 0.628662
vt 0.124756 0.629639
vt 0.124634 0.629150
vt 0.124634 0.628662
vt 0.124573 0.628418
vt 0.124573 0.628906
vt 0.124390 0.628418
vt 0.124390 0.628418
vt 0.124451 0.628662
vt 0.124329 0.628418
vt 0.124451 0.628662
vt 0.124329 0.628662
vt 0.124390 0.628906
vt 0.124206 0.628662
vt 0.124206 0.628418
vt 0.124146 0.628662
vt 0.123840 0.628418
vt 0.123962 0.628662
vt 0.123657 0.627930
vt 0.123779 0.628906
vt 0.123474 0.628662
vt 0.123291 0.628174
vt 0.123962 0.628906
vt 0.124206 0.628906
vt 0.124268 0.628906
vt 0.124146 0.628906
vt 0.124329 0.628906
vt 0.123901 0.629150
vt 0.124206 0.629150
vt 0.123474 0.629150
vt 0.123840 0.629395
vt 0.124146 0.629883
vt 0.123230 0.628906
vt 0.123535 0.629639
vt 0.122925 0.628662
vt 0.123962 0.629883
vt 0.123169 0.628418
vt 0.122864 0.628418
vt 0.122742 0.628418
vt 0.122559 0.628662
vt 0.122803 0.629150
vt 0.122253 0.628662
vt 0.122559 0.628418
vt 0.122742 0.628174
vt 0.122497 0.628174
vt 0.122131 0.628174
vt 0.122497 0.628174
vt 0.122192 0.627930
vt 0.121826 0.627686
vt 0.122559 0.627930
vt 0.122497 0.627686
vt 0.122681 0.627930
vt 0.122864 0.627930
vt 0.122803 0.627686
vt 0.122925 0.627930
vt 0.123108 0.627686
vt 0.122986 0.628174
vt 0.123291 0.629395
vt 0.122925 0.629395
vt 0.123413 0.629639
vt 0.122497 0.629639
vt 0.123291 0.629639
vt 0.123108 0.629639
vt 0.123657 0.629883
vt 0.123230 0.629883
vt 0.123474 0.629883
vt 0.123657 0.629883
vt 0.122803 0.629883
vt 0.123047 0.629883
vt 0.122864 0.630127
vt 0.123047 0.629883
vt 0.122437 0.630127
vt 0.122986 0.630127
vt 0.122681 0.630371
vt 0.122375 0.630371
vt 0.123169 0.630127
vt 0.122497 0.630615
vt 0.123230 0.630615
vt 0.122925 0.631104
vt 0.123352 0.630371
vt 0.123352 0.630127
vt 0.123474 0.629883
vt 0.123962 0.630127
vt 0.123169 0.631104
vt 0.123596 0.630859
vt 0.123108 0.631592
vt 0.123413 0.631104
vt 0.123901 0.631104
vt 0.122681 0.631592
vt 0.123474 0.631348
vt 0.122925 0.631836
vt 0.123413 0.631592
vt 0.122864 0.632080
vt 0.123169 0.631836
vt 0.123413 0.632080
vt 0.123840 0.631592
vt 0.122620 0.632568
vt 0.124146 0.631592
vt 0.124573 0.631592
vt 0.123962 0.631104
vt 0.124146 0.631348
vt 0.125000 0.631348
vt 0.124451 0.630859
vt 0.124878 0.631104
vt 0.124634 0.631104
vt 0.125000 0.630859
vt 0.125122 0.630615
vt 0.124756 0.630615
vt 0.125122 0.629883
vt 0.125000 0.630371
vt 0.124695 0.629639
vt 0.124756 0.630371
vt 0.124268 0.630127
vt 0.124573 0.630371
vt 0.124023 0.630615
vt 0.124390 0.630615
vt 0.124390 0.630859
vt 0.117615 0.621826
vt 0.117493 0.622070
vt 0.117798 0.622070
vt 0.117493 0.622315
vt 0.117676 0.622315
vt 0.117859 0.622070
vt 0.117981 0.622070
vt 0.121399 0.631836
vt 0.120850 0.632080
vt 0.121948 0.632080
vt 0.121399 0.632324
vt 0.120544 0.632568
vt 0.121155 0.632568
vt 0.121582 0.632568
vt 0.121033 0.632812
vt 0.121399 0.632812
vt 0.121155 0.632812
vt 0.120788 0.633057
vt 0.121399 0.633057
vt 0.121399 0.633301
vt 0.121582 0.632812
vt 0.121704 0.632812
vt 0.122253 0.632568
vt 0.121948 0.633057
vt 0.121399 0.633301
vt 0.122437 0.633301
vt 0.120300 0.633301
vt 0.122070 0.633789
vt 0.120728 0.633789
vt 0.121399 0.633545
vt 0.121399 0.633789
vt 0.121765 0.634033
vt 0.121948 0.634277
vt 0.121399 0.634033
vt 0.121521 0.634277
vt 0.121582 0.634277
vt 0.120972 0.634033
vt 0.121521 0.634521
vt 0.121399 0.634277
vt 0.121399 0.634521
vt 0.121399 0.634766
vt 0.121216 0.634277
vt 0.121094 0.634521
vt 0.121216 0.634521
vt 0.121155 0.634277
vt 0.120850 0.634277
vt 0.120361 0.634277
vt 0.121399 0.371582
vt 0.126953 0.372559
vt 0.127197 0.370605
vt 0.126221 0.374023
vt 0.126831 0.369141
vt 0.125000 0.375488
vt 0.126343 0.368652
vt 0.123474 0.376465
vt 0.125732 0.367676
vt 0.121948 0.377441
vt 0.125000 0.366699
vt 0.120300 0.377441
vt 0.124084 0.366211
vt 0.118835 0.377441
vt 0.122742 0.365723
vt 0.117981 0.376953
vt 0.121460 0.365723
vt 0.117188 0.375977
vt 0.120117 0.365723
vt 0.116394 0.375488
vt 0.118347 0.366699
vt 0.115845 0.374512
vt 0.117310 0.367676
vt 0.115479 0.373047
vt 0.116455 0.368652
vt 0.115295 0.371582
vt 0.115662 0.370117
vt 0.127808 0.371582
vt 0.127441 0.373047
vt 0.121460 0.371582
vt 0.127563 0.370117
vt 0.126709 0.374512
vt 0.126953 0.368652
vt 0.125366 0.375977
vt 0.126343 0.368164
vt 0.123962 0.376953
vt 0.125610 0.367676
vt 0.122559 0.377930
vt 0.124634 0.366699
vt 0.120850 0.378418
vt 0.123352 0.366211
vt 0.119385 0.377930
vt 0.122009 0.366211
vt 0.118408 0.377441
vt 0.120728 0.366211
vt 0.117676 0.376465
vt 0.119751 0.366699
vt 0.117188 0.375977
vt 0.118835 0.367188
vt 0.116333 0.375000
vt 0.117859 0.368164
vt 0.115845 0.373535
vt 0.117126 0.369141
vt 0.115784 0.372070
vt 0.116455 0.370117
vt 0.116028 0.371094
vt 0.969727 0.060059
vt 0.970703 0.060059
vt 0.969727 0.060547
vt 0.968750 0.060059
vt 0.970215 0.059570
vt 0.971191 0.059570
vt 0.969238 0.059570
vt 0.968262 0.059082
vt 0.970703 0.059570
vt 0.971191 0.058594
vt 0.968750 0.059082
vt 0.970703 0.058594
vt 0.969238 0.058594
vt 0.968262 0.058594
vt 0.969238 0.059082
vt 0.969238 0.058105
vt 0.969238 0.057617
vt 0.969727 0.058594
vt 0.969727 0.058594
vt 0.970215 0.058105
vt 0.970215 0.057617
vt 0.970703 0.058105
vt 0.970703 0.058105
vt 0.970215 0.058594
vt 0.969727 0.058594
vt 0.969727 0.059082
vt 0.970215 0.059082
vt 0.969727 0.059082
vt 0.969727 0.059570
vt 0.970215 0.059082
vt 0.970215 0.059082
vt 0.982910 0.058594
vt 0.983398 0.059082
vt 0.982910 0.059570
vt 0.981934 0.059082
vt 0.983398 0.058594
vt 0.984375 0.058594
vt 0.981934 0.058594
vt 0.981445 0.058105
vt 0.983887 0.058105
vt 0.984375 0.057617
vt 0.981934 0.058105
vt 0.983887 0.057617
vt 0.981934 0.057617
vt 0.981445 0.057129
vt 0.982422 0.058105
vt 0.982422 0.057129
vt 0.981934 0.056641
vt 0.982422 0.057617
vt 0.982422 0.057617
vt 0.982910 0.057129
vt 0.982910 0.056152
vt 0.983887 0.056641
vt 0.983398 0.057129
vt 0.982910 0.057617
vt 0.982910 0.057617
vt 0.983398 0.057617
vt 0.982910 0.058105
vt 0.983398 0.058105
vt 0.982910 0.058105
vt 0.982422 0.058105
vt 0.982910 0.058594
vt 0.861328 0.980164
vt 0.875488 0.944763
vt 0.892090 0.965302
vt 0.914551 0.943573
vt 0.849121 0.955200
vt 0.748047 0.991585
vt 0.894531 0.928833
vt 0.928711 0.915039
vt 0.746094 0.964661
vt 0.906250 0.905884
vt 0.937012 0.876526
vt 0.646973 0.955017
vt 0.637207 0.980682
vt 0.912598 0.870972
vt 0.943359 0.781860
vt 0.884277 0.896057
vt 0.918457 0.778320
vt 0.945801 0.662598
vt 0.892090 0.791138
vt 0.857422 0.897278
vt 0.859375 0.791504
vt 0.894531 0.665039
vt 0.750000 0.901123
vt 0.750977 0.793701
vt 0.859863 0.665283
vt 0.751465 0.666748
vt 0.639648 0.790527
vt 0.643066 0.894043
vt 0.622070 0.944183
vt 0.605469 0.966339
vt 0.584961 0.945740
vt 0.611816 0.892944
vt 0.604981 0.929871
vt 0.567871 0.918762
vt 0.591309 0.907715
vt 0.557617 0.878723
vt 0.584473 0.872559
vt 0.550781 0.783325
vt 0.604981 0.790161
vt 0.575684 0.779419
vt 0.545410 0.663574
vt 0.636719 0.665527
vt 0.598633 0.665527
vt 0.569824 0.663574
vt 0.567383 0.499023
vt 0.544922 0.499023
vt 0.545410 0.334961
vt 0.594238 0.499023
vt 0.633789 0.499023
vt 0.569824 0.334473
vt 0.575684 0.218262
vt 0.550293 0.214355
vt 0.598633 0.332520
vt 0.584473 0.125488
vt 0.558106 0.119141
vt 0.604981 0.208008
vt 0.636719 0.332520
vt 0.591797 0.090332
vt 0.568359 0.079102
vt 0.611816 0.104980
vt 0.605469 0.068359
vt 0.584961 0.051758
vt 0.622070 0.053711
vt 0.606445 0.032227
vt 0.637695 0.018066
vt 0.639648 0.207520
vt 0.643066 0.104004
vt 0.647461 0.042969
vt 0.748535 0.006348
vt 0.750488 0.097168
vt 0.746582 0.033691
vt 0.849121 0.042969
vt 0.861328 0.017578
vt 0.751465 0.204590
vt 0.875488 0.053223
vt 0.892090 0.032715
vt 0.915039 0.054199
vt 0.857422 0.100586
vt 0.894531 0.069336
vt 0.928711 0.083008
vt 0.884766 0.102051
vt 0.906250 0.092285
vt 0.937500 0.121582
vt 0.913086 0.126953
vt 0.943359 0.216309
vt 0.859375 0.206543
vt 0.892090 0.207031
vt 0.918945 0.219727
vt 0.945801 0.335449
vt 0.751953 0.331543
vt 0.859863 0.333008
vt 0.752441 0.499023
vt 0.859863 0.499023
vt 0.894531 0.333008
vt 0.894043 0.499023
vt 0.920898 0.334961
vt 0.920898 0.663086
vt 0.918945 0.499023
vt 0.945801 0.499023
vt 0.970703 0.018555
vt 0.969727 0.019043
vt 0.969727 0.018555
vt 0.968750 0.019043
vt 0.970215 0.019043
vt 0.971191 0.019043
vt 0.969238 0.019531
vt 0.968262 0.020020
vt 0.970703 0.019531
vt 0.971191 0.020020
vt 0.968750 0.020020
vt 0.970703 0.020020
vt 0.969238 0.020508
vt 0.968750 0.020508
vt 0.970703 0.020508
vt 0.971191 0.020996
vt 0.969238 0.020996
vt 0.969238 0.021484
vt 0.970215 0.020996
vt 0.970215 0.021484
vt 0.969727 0.020508
vt 0.969727 0.020020
vt 0.969727 0.020508
vt 0.969238 0.020020
vt 0.970215 0.020508
vt 0.969727 0.019531
vt 0.969727 0.020020
vt 0.969727 0.019531
vt 0.970215 0.020020
vt 0.970215 0.019531
vt 0.970215 0.019531
vt 0.983398 0.019531
vt 0.982422 0.020020
vt 0.982422 0.019531
vt 0.981445 0.020020
vt 0.983398 0.020020
vt 0.983887 0.020508
vt 0.981934 0.020508
vt 0.981445 0.020996
vt 0.983398 0.020508
vt 0.984375 0.020996
vt 0.981934 0.020996
vt 0.983887 0.020996
vt 0.981934 0.021484
vt 0.981445 0.021973
vt 0.983398 0.021484
vt 0.983887 0.021973
vt 0.982422 0.021973
vt 0.982422 0.022461
vt 0.982910 0.021973
vt 0.982910 0.022461
vt 0.982422 0.021484
vt 0.982910 0.021484
vt 0.982910 0.021484
vt 0.983398 0.020996
vt 0.982910 0.020996
vt 0.983398 0.020996
vt 0.982910 0.020508
vt 0.982910 0.020508
vt 0.982422 0.020996
vt 0.982422 0.021484
vt 0.982422 0.020996
vt 0.956543 0.056641
vt 0.956055 0.057129
vt 0.956055 0.056641
vt 0.955078 0.056641
vt 0.956543 0.057129
vt 0.957031 0.057617
vt 0.955078 0.057129
vt 0.954590 0.057617
vt 0.956543 0.057617
vt 0.955078 0.057617
vt 0.954102 0.058594
vt 0.956055 0.057617
vt 0.956543 0.058594
vt 0.957031 0.058594
vt 0.956055 0.058105
vt 0.956055 0.057617
vt 0.956543 0.059082
vt 0.956543 0.059082
vt 0.955566 0.057617
vt 0.955566 0.058105
vt 0.955566 0.058105
vt 0.956055 0.058105
vt 0.956055 0.058594
vt 0.955566 0.059082
vt 0.955566 0.059570
vt 0.955078 0.059082
vt 0.955566 0.058594
vt 0.955566 0.058594
vt 0.955078 0.058594
vt 0.955078 0.058105
vt 0.955078 0.058105
vt 0.956055 0.021973
vt 0.957031 0.021973
vt 0.956055 0.022461
vt 0.955078 0.022461
vt 0.956543 0.021484
vt 0.957520 0.020996
vt 0.955566 0.021973
vt 0.954590 0.021484
vt 0.956543 0.020996
vt 0.955078 0.021484
vt 0.954102 0.020508
vt 0.956543 0.020508
vt 0.957031 0.020020
vt 0.956055 0.020996
vt 0.956055 0.020996
vt 0.956055 0.020020
vt 0.956543 0.019531
vt 0.956055 0.020508
vt 0.956055 0.020508
vt 0.955566 0.020020
vt 0.955566 0.019531
vt 0.954590 0.020020
vt 0.955566 0.020996
vt 0.955566 0.020508
vt 0.955078 0.020020
vt 0.955566 0.020508
vt 0.954590 0.020996
vt 0.955078 0.020996
vt 0.955566 0.020996
vt 0.955566 0.021484
vt 0.956055 0.021484
s 1
usemtl Naruto_Hair_Color
f 1/1/1 2/2/2 3/3/3
f 4/4/4 5/5/5 6/6/6
f 19/19/7 20/20/8 21/21/9
f 22/22/10 23/23/11 20/20/8
f 24/24/12 25/25/13 22/22/10
f 26/26/14 27/27/15 28/28/16
f 27/27/15 29/29/17 30/30/18
f 31/31/19 32/32/20 33/33/21
f 34/34/22 35/35/23 33/33/21
f 36/36/24 37/37/25 35/35/23
f 35/35/23 34/34/22 36/36/24
f 34/34/22 38/38/26 28/28/16
f 38/38/26 34/34/22 39/39/27
f 26/26/14 28/28/16 38/38/26
f 38/38/26 39/39/27 40/40/28
f 26/26/14 38/38/26 40/40/28
f 39/39/27 34/34/22 33/33/21
f 41/41/29 26/26/14 40/40/28
f 40/40/28 39/39/27 42/42/30
f 42/42/30 41/41/29 40/40/28
f 42/42/30 39/39/27 33/33/21
f 41/41/29 43/43/31 26/26/14
f 42/42/30 43/43/31 41/41/29
f 26/26/14 43/43/31 27/27/15
f 42/42/30 33/33/21 32/32/20
f 42/42/30 32/32/20 43/43/31
f 28/28/16 27/27/15 44/44/32
f 27/27/15 45/45/33 44/44/32
f 27/27/15 30/30/18 45/45/33
f 27/27/15 43/43/31 29/29/17
f 28/28/16 46/46/34 34/34/22
f 47/47/35 46/46/34 28/28/16
f 46/46/34 36/36/24 34/34/22
f 48/48/36 43/43/31 49/49/37
f 46/46/34 50/50/38 36/36/24
f 50/50/38 32/32/20 36/36/24
f 32/32/20 31/31/19 36/36/24
f 37/37/25 36/36/24 31/31/19
f 31/31/19 51/51/39 37/37/25
f 33/33/21 51/51/39 31/31/19
f 37/37/25 51/51/39 35/35/23
f 35/35/23 51/51/39 33/33/21
f 32/32/20 50/50/38 52/52/40
f 53/53/41 50/50/38 46/46/34
f 32/32/20 52/52/40 54/54/42
f 43/43/31 32/32/20 54/54/42
f 52/52/40 50/50/38 55/55/43
f 55/55/43 50/50/38 53/53/41
f 54/54/42 49/49/37 43/43/31
f 30/30/18 54/54/42 52/52/40
f 30/30/18 29/29/17 54/54/42
f 52/52/40 56/56/44 30/30/18
f 52/52/40 55/55/43 56/56/44
f 57/57/45 54/54/42 29/29/17
f 43/43/31 57/57/45 29/29/17
f 54/54/42 57/57/45 49/49/37
f 57/57/45 43/43/31 48/48/36
f 57/57/45 58/58/46 49/49/37
f 48/48/36 58/58/46 57/57/45
f 49/49/37 58/58/46 48/48/36
f 56/56/44 55/55/43 59/59/47
f 56/56/44 59/59/47 60/60/48
f 60/60/48 59/59/47 61/61/49
f 61/61/49 59/59/47 62/62/50
f 63/63/51 61/61/49 62/62/50
f 64/64/52 59/59/47 55/55/43
f 64/64/52 62/62/50 59/59/47
f 62/62/50 65/65/53 63/63/51
f 55/55/43 66/66/54 64/64/52
f 66/66/54 55/55/43 53/53/41
f 67/67/55 65/65/53 62/62/50
f 64/64/52 67/67/55 62/62/50
f 68/68/56 63/63/51 65/65/53
f 63/63/51 68/68/56 69/69/57
f 69/69/57 70/70/58 71/71/59
f 70/70/58 69/69/57 68/68/56
f 65/65/53 72/72/60 68/68/56
f 67/67/55 72/72/60 65/65/53
f 68/68/56 73/73/61 70/70/58
f 72/72/60 74/74/62 68/68/56
f 73/73/61 68/68/56 74/74/62
f 75/75/63 70/70/58 73/73/61
f 74/74/62 72/72/60 76/76/64
f 75/75/63 77/77/65 70/70/58
f 70/70/58 77/77/65 78/78/66
f 79/79/67 75/75/63 73/73/61
f 78/78/66 80/80/68 81/81/69
f 73/73/61 82/82/70 79/79/67
f 74/74/62 82/82/70 73/73/61
f 82/82/70 83/83/71 84/84/72
f 83/83/71 82/82/70 85/85/73
f 82/82/70 74/74/62 85/85/73
f 86/86/74 79/79/67 82/82/70
f 82/82/70 84/84/72 86/86/74
f 86/86/74 84/84/72 87/87/75
f 84/84/72 83/83/71 87/87/75
f 79/79/67 86/86/74 88/88/76
f 88/88/76 86/86/74 87/87/75
f 83/83/71 89/89/77 87/87/75
f 85/85/73 89/89/77 83/83/71
f 74/74/62 90/90/78 85/85/73
f 89/89/77 85/85/73 90/90/78
f 90/90/78 74/74/62 76/76/64
f 89/89/77 91/91/79 87/87/75
f 90/90/78 91/91/79 89/89/77
f 92/92/80 88/88/76 87/87/75
f 91/91/79 92/92/80 87/87/75
f 91/91/79 90/90/78 93/93/81
f 93/93/81 92/92/80 91/91/79
f 76/76/64 93/93/81 90/90/78
f 94/94/82 88/88/76 92/92/80
f 79/79/67 88/88/76 94/94/82
f 92/92/80 93/93/81 95/95/83
f 94/94/82 92/92/80 95/95/83
f 96/96/84 79/79/67 94/94/82
f 96/96/84 94/94/82 95/95/83
f 79/79/67 96/96/84 75/75/63
f 97/97/85 95/95/83 93/93/81
f 93/93/81 76/76/64 97/97/85
f 96/96/84 95/95/83 98/98/86
f 95/95/83 97/97/85 98/98/86
f 99/99/87 75/75/63 96/96/84
f 99/99/87 96/96/84 98/98/86
f 75/75/63 99/99/87 77/77/65
f 100/100/88 98/98/86 97/97/85
f 101/101/89 97/97/85 76/76/64
f 97/97/85 101/101/89 100/100/88
f 101/101/89 76/76/64 72/72/60
f 98/98/86 100/100/88 102/102/90
f 102/102/90 99/99/87 98/98/86
f 103/103/91 101/101/89 72/72/60
f 72/72/60 67/67/55 103/103/91
f 101/101/89 104/104/92 100/100/88
f 104/104/92 102/102/90 100/100/88
f 101/101/89 103/103/91 105/105/93
f 102/102/90 106/106/94 99/99/87
f 107/107/95 101/101/89 105/105/93
f 107/107/95 104/104/92 101/101/89
f 106/106/94 102/102/90 108/108/96
f 102/102/90 104/104/92 108/108/96
f 109/109/97 99/99/87 106/106/94
f 99/99/87 109/109/97 77/77/65
f 106/106/94 108/108/96 110/110/98
f 104/104/92 110/110/98 108/108/96
f 109/109/97 106/106/94 111/111/99
f 106/106/94 110/110/98 111/111/99
f 109/109/97 112/112/100 77/77/65
f 111/111/99 112/112/100 109/109/97
f 113/113/101 77/77/65 112/112/100
f 112/112/100 111/111/99 114/114/102
f 77/77/65 113/113/101 115/115/103
f 114/114/102 116/116/104 112/112/100
f 116/116/104 113/113/101 112/112/100
f 117/117/105 77/77/65 115/115/103
f 77/77/65 117/117/105 78/78/66
f 118/118/106 115/115/103 113/113/101
f 118/118/106 117/117/105 115/115/103
f 113/113/101 116/116/104 119/119/107
f 113/113/101 120/120/108 118/118/106
f 120/120/108 113/113/101 119/119/107
f 117/117/105 118/118/106 121/121/109
f 122/122/110 118/118/106 120/120/108
f 121/121/109 123/123/111 117/117/105
f 120/120/108 124/124/112 122/122/110
f 123/123/111 121/121/109 125/125/113
f 124/124/112 120/120/108 126/126/114
f 119/119/107 126/126/114 120/120/108
f 127/127/115 125/125/113 121/121/109
f 127/127/115 121/121/109 118/118/106
f 118/118/106 122/122/110 127/127/115
f 125/125/113 127/127/115 128/128/116
f 123/123/111 125/125/113 129/129/117
f 127/127/115 130/130/118 128/128/116
f 122/122/110 130/130/118 127/127/115
f 131/131/119 123/123/111 129/129/117
f 130/130/118 122/122/110 132/132/120
f 124/124/112 132/132/120 122/122/110
f 131/131/119 129/129/117 133/133/121
f 129/129/117 125/125/113 134/134/122
f 125/125/113 128/128/116 134/134/122
f 129/129/117 134/134/122 135/135/123
f 129/129/117 135/135/123 133/133/121
f 131/131/119 136/136/124 123/123/111
f 117/117/105 123/123/111 136/136/124
f 136/136/124 78/78/66 117/117/105
f 78/78/66 136/136/124 137/137/125
f 80/80/68 78/78/66 137/137/125
f 138/138/126 80/80/68 137/137/125
f 80/80/68 138/138/126 139/139/127
f 137/137/125 136/136/124 140/140/128
f 140/140/128 138/138/126 137/137/125
f 141/141/129 139/139/127 138/138/126
f 138/138/126 140/140/128 141/141/129
f 139/139/127 141/141/129 142/142/130
f 141/141/129 143/143/131 142/142/130
f 140/140/128 136/136/124 144/144/132
f 136/136/124 131/131/119 144/144/132
f 141/141/129 145/145/133 143/143/131
f 145/145/133 146/146/134 143/143/131
f 147/147/135 146/146/134 145/145/133
f 145/145/133 148/148/136 147/147/135
f 140/140/128 149/149/137 141/141/129
f 141/141/129 149/149/137 145/145/133
f 148/148/136 145/145/133 150/150/138
f 150/150/138 151/151/139 148/148/136
f 149/149/137 152/152/140 145/145/133
f 152/152/140 150/150/138 145/145/133
f 153/153/141 149/149/137 140/140/128
f 144/144/132 153/153/141 140/140/128
f 150/150/138 154/154/142 151/151/139
f 154/154/142 155/155/143 151/151/139
f 154/154/142 156/156/144 155/155/143
f 150/150/138 157/157/145 154/154/142
f 152/152/140 157/157/145 150/150/138
f 158/158/146 156/156/144 154/154/142
f 158/158/146 154/154/142 157/157/145
f 158/158/146 159/159/147 156/156/144
f 159/159/147 158/158/146 160/160/148
f 160/160/148 161/161/149 159/159/147
f 161/161/149 160/160/148 162/162/150
f 160/160/148 163/163/151 162/162/150
f 164/164/152 158/158/146 157/157/145
f 164/164/152 160/160/148 158/158/146
f 165/165/153 163/163/151 160/160/148
f 165/165/153 166/166/154 163/163/151
f 167/167/155 166/166/154 165/165/153
f 168/168/156 160/160/148 164/164/152
f 165/165/153 160/160/148 168/168/156
f 169/169/157 167/167/155 165/165/153
f 169/169/157 170/170/158 167/167/155
f 169/169/157 165/165/153 171/171/159
f 168/168/156 171/171/159 165/165/153
f 169/169/157 172/172/160 170/170/158
f 171/171/159 172/172/160 169/169/157
f 170/170/158 173/173/161 174/174/162
f 173/173/161 170/170/158 172/172/160
f 172/172/160 171/171/159 175/175/163
f 173/173/161 172/172/160 175/175/163
f 168/168/156 176/176/164 171/171/159
f 171/171/159 177/177/165 175/175/163
f 177/177/165 171/171/159 176/176/164
f 176/176/164 168/168/156 178/178/166
f 178/178/166 168/168/156 164/164/152
f 179/179/167 177/177/165 176/176/164
f 180/180/168 176/176/164 178/178/166
f 176/176/164 180/180/168 179/179/167
f 181/181/169 178/178/166 164/164/152
f 178/178/166 182/182/170 180/180/168
f 178/178/166 181/181/169 182/182/170
f 164/164/152 183/183/171 181/181/169
f 183/183/171 164/164/152 157/157/145
f 152/152/140 183/183/171 157/157/145
f 181/181/169 184/184/172 182/182/170
f 185/185/173 181/181/169 183/183/171
f 184/184/172 181/181/169 185/185/173
f 183/183/171 152/152/140 186/186/174
f 187/187/175 182/182/170 184/184/172
f 186/186/174 152/152/140 188/188/176
f 188/188/176 152/152/140 149/149/137
f 149/149/137 153/153/141 188/188/176
f 187/187/175 189/189/177 182/182/170
f 182/182/170 189/189/177 180/180/168
f 190/190/178 188/188/176 153/153/141
f 180/180/168 189/189/177 191/191/179
f 192/192/180 188/188/176 190/190/178
f 188/188/176 192/192/180 186/186/174
f 191/191/179 193/193/181 180/180/168
f 179/179/167 180/180/168 193/193/181
f 193/193/181 191/191/179 194/194/182
f 195/195/183 179/179/167 193/193/181
f 193/193/181 194/194/182 195/195/183
f 194/194/182 191/191/179 196/196/184
f 191/191/179 189/189/177 196/196/184
f 195/195/183 194/194/182 197/197/185
f 197/197/185 194/194/182 196/196/184
f 198/198/186 196/196/184 189/189/177
f 187/187/175 198/198/186 189/189/177
f 199/199/187 197/197/185 196/196/184
f 200/200/188 196/196/184 198/198/186
f 199/199/187 196/196/184 200/200/188
f 201/201/189 197/197/185 199/199/187
f 200/200/188 201/201/189 199/199/187
f 197/197/185 201/201/189 195/195/183
f 198/198/186 202/202/190 200/200/188
f 201/201/189 200/200/188 202/202/190
f 202/202/190 198/198/186 187/187/175
f 203/203/191 195/195/183 201/201/189
f 202/202/190 203/203/191 201/201/189
f 187/187/175 204/204/192 202/202/190
f 203/203/191 202/202/190 204/204/192
f 204/204/192 187/187/175 184/184/172
f 195/195/183 203/203/191 205/205/193
f 179/179/167 195/195/183 205/205/193
f 206/206/194 203/203/191 204/204/192
f 179/179/167 205/205/193 207/207/195
f 177/177/165 179/179/167 207/207/195
f 204/204/192 208/208/196 206/206/194
f 208/208/196 204/204/192 184/184/172
f 209/209/197 206/206/194 208/208/196
f 210/210/198 208/208/196 184/184/172
f 210/210/198 209/209/197 208/208/196
f 206/206/194 209/209/197 211/211/199
f 212/212/200 210/210/198 184/184/172
f 184/184/172 185/185/173 212/212/200
f 210/210/198 213/213/201 209/209/197
f 213/213/201 211/211/199 209/209/197
f 214/214/202 212/212/200 185/185/173
f 215/215/203 206/206/194 211/211/199
f 203/203/191 206/206/194 215/215/203
f 214/214/202 185/185/173 216/216/204
f 216/216/204 185/185/173 183/183/171
f 212/212/200 214/214/202 217/217/205
f 216/216/204 183/183/171 218/218/206
f 218/218/206 183/183/171 186/186/174
f 216/216/204 219/219/207 214/214/202
f 220/220/208 218/218/206 186/186/174
f 219/219/207 216/216/204 221/221/209
f 221/221/209 216/216/204 218/218/206
f 220/220/208 186/186/174 192/192/180
f 222/222/210 214/214/202 219/219/207
f 222/222/210 219/219/207 221/221/209
f 222/222/210 217/217/205 214/214/202
f 222/222/210 221/221/209 223/223/211
f 222/222/210 224/224/212 217/217/205
f 222/222/210 223/223/211 224/224/212
f 224/224/212 212/212/200 217/217/205
f 221/221/209 225/225/213 223/223/211
f 225/225/213 224/224/212 223/223/211
f 225/225/213 221/221/209 218/218/206
f 218/218/206 220/220/208 225/225/213
f 212/212/200 224/224/212 226/226/214
f 225/225/213 226/226/214 224/224/212
f 210/210/198 212/212/200 226/226/214
f 225/225/213 210/210/198 226/226/214
f 210/210/198 225/225/213 220/220/208
f 210/210/198 220/220/208 227/227/215
f 227/227/215 220/220/208 228/228/216
f 210/210/198 227/227/215 229/229/217
f 230/230/218 228/228/216 220/220/208
f 230/230/218 220/220/208 192/192/180
f 228/228/216 231/231/219 227/227/215
f 231/231/219 229/229/217 227/227/215
f 192/192/180 232/232/220 230/230/218
f 190/190/178 232/232/220 192/192/180
f 228/228/216 230/230/218 233/233/221
f 234/234/222 230/230/218 232/232/220
f 234/234/222 233/233/221 230/230/218
f 232/232/220 190/190/178 235/235/223
f 234/234/222 232/232/220 236/236/224
f 235/235/223 236/236/224 232/232/220
f 233/233/221 234/234/222 237/237/225
f 237/237/225 234/234/222 236/236/224
f 233/233/221 238/238/226 228/228/216
f 231/231/219 228/228/216 238/238/226
f 237/237/225 239/239/227 233/233/221
f 238/238/226 233/233/221 239/239/227
f 240/240/228 237/237/225 236/236/224
f 239/239/227 237/237/225 240/240/228
f 240/240/228 236/236/224 241/241/229
f 239/239/227 240/240/228 241/241/229
f 241/241/229 236/236/224 242/242/230
f 242/242/230 236/236/224 235/235/223
f 241/241/229 243/243/231 239/239/227
f 243/243/231 241/241/229 242/242/230
f 238/238/226 239/239/227 243/243/231
f 244/244/232 242/242/230 235/235/223
f 244/244/232 243/243/231 242/242/230
f 244/244/232 235/235/223 190/190/178
f 244/244/232 190/190/178 245/245/233
f 245/245/233 243/243/231 244/244/232
f 190/190/178 153/153/141 245/245/233
f 144/144/132 245/245/233 153/153/141
f 243/243/231 245/245/233 246/246/234
f 243/243/231 246/246/234 238/238/226
f 245/245/233 144/144/132 247/247/235
f 245/245/233 247/247/235 246/246/234
f 144/144/132 248/248/236 247/247/235
f 248/248/236 144/144/132 131/131/119
f 131/131/119 133/133/121 248/248/236
f 119/119/107 247/247/235 248/248/236
f 133/133/121 119/119/107 248/248/236
f 247/247/235 119/119/107 116/116/104
f 119/119/107 133/133/121 126/126/114
f 116/116/104 114/114/102 247/247/235
f 246/246/234 247/247/235 114/114/102
f 135/135/123 126/126/114 133/133/121
f 246/246/234 114/114/102 249/249/237
f 249/249/237 238/238/226 246/246/234
f 249/249/237 114/114/102 111/111/99
f 126/126/114 135/135/123 250/250/238
f 126/126/114 250/250/238 124/124/112
f 135/135/123 251/251/239 252/252/240
f 251/251/239 135/135/123 134/134/122
f 128/128/116 251/251/239 134/134/122
f 135/135/123 252/252/240 250/250/238
f 251/251/239 128/128/116 253/253/241
f 128/128/116 130/130/118 253/253/241
f 251/251/239 254/254/242 252/252/240
f 253/253/241 254/254/242 251/251/239
f 252/252/240 254/254/242 255/255/243
f 256/256/244 253/253/241 130/130/118
f 132/132/120 256/256/244 130/130/118
f 254/254/242 253/253/241 257/257/245
f 253/253/241 256/256/244 257/257/245
f 254/254/242 257/257/245 258/258/246
f 257/257/245 256/256/244 258/258/246
f 255/255/243 254/254/242 258/258/246
f 256/256/244 132/132/120 259/259/247
f 256/256/244 259/259/247 258/258/246
f 252/252/240 255/255/243 260/260/248
f 250/250/238 252/252/240 260/260/248
f 261/261/249 255/255/243 258/258/246
f 260/260/248 255/255/243 261/261/249
f 259/259/247 262/262/250 258/258/246
f 262/262/250 261/261/249 258/258/246
f 263/263/251 250/250/238 260/260/248
f 260/260/248 261/261/249 263/263/251
f 263/263/251 261/261/249 262/262/250
f 259/259/247 263/263/251 262/262/250
f 263/263/251 259/259/247 132/132/120
f 250/250/238 263/263/251 124/124/112
f 132/132/120 124/124/112 263/263/251
f 238/238/226 249/249/237 264/264/252
f 238/238/226 264/264/252 231/231/219
f 249/249/237 265/265/253 264/264/252
f 265/265/253 249/249/237 266/266/254
f 111/111/99 266/266/254 249/249/237
f 111/111/99 267/267/255 266/266/254
f 266/266/254 268/268/256 265/265/253
f 266/266/254 267/267/255 268/268/256
f 111/111/99 269/269/257 267/267/255
f 267/267/255 269/269/257 268/268/256
f 269/269/257 111/111/99 110/110/98
f 270/270/258 265/265/253 268/268/256
f 270/270/258 264/264/252 265/265/253
f 271/271/259 268/268/256 269/269/257
f 269/269/257 110/110/98 272/272/260
f 272/272/260 271/271/259 269/269/257
f 273/273/261 268/268/256 271/271/259
f 272/272/260 110/110/98 274/274/262
f 273/273/261 275/275/263 268/268/256
f 275/275/263 270/270/258 268/268/256
f 110/110/98 104/104/92 274/274/262
f 271/271/259 276/276/264 273/273/261
f 276/276/264 275/275/263 273/273/261
f 272/272/260 276/276/264 271/271/259
f 277/277/265 270/270/258 275/275/263
f 275/275/263 276/276/264 277/277/265
f 270/270/258 277/277/265 278/278/266
f 270/270/258 278/278/266 264/264/252
f 278/278/266 277/277/265 279/279/267
f 279/279/267 264/264/252 278/278/266
f 277/277/265 276/276/264 280/280/268
f 280/280/268 279/279/267 277/277/265
f 272/272/260 281/281/269 276/276/264
f 281/281/269 272/272/260 274/274/262
f 281/281/269 282/282/270 276/276/264
f 281/281/269 274/274/262 283/283/271
f 282/282/270 281/281/269 283/283/271
f 284/284/272 283/283/271 274/274/262
f 274/274/262 104/104/92 284/284/272
f 283/283/271 285/285/273 282/282/270
f 283/283/271 284/284/272 285/285/273
f 104/104/92 286/286/274 284/284/272
f 286/286/274 104/104/92 287/287/275
f 104/104/92 107/107/95 287/287/275
f 288/288/276 284/284/272 286/286/274
f 288/288/276 285/285/273 284/284/272
f 286/286/274 287/287/275 289/289/277
f 288/288/276 286/286/274 289/289/277
f 107/107/95 289/289/277 287/287/275
f 107/107/95 290/290/278 289/289/277
f 107/107/95 105/105/93 290/290/278
f 291/291/279 288/288/276 289/289/277
f 290/290/278 292/292/280 289/289/277
f 105/105/93 292/292/280 290/290/278
f 291/291/279 289/289/277 293/293/281
f 293/293/281 289/289/277 292/292/280
f 291/291/279 294/294/282 288/288/276
f 294/294/282 291/291/279 293/293/281
f 294/294/282 285/285/273 288/288/276
f 295/295/283 293/293/281 292/292/280
f 294/294/282 293/293/281 295/295/283
f 292/292/280 105/105/93 296/296/284
f 292/292/280 296/296/284 295/295/283
f 105/105/93 297/297/285 296/296/284
f 298/298/286 295/295/283 296/296/284
f 297/297/285 298/298/286 296/296/284
f 297/297/285 105/105/93 299/299/287
f 299/299/287 105/105/93 103/103/91
f 298/298/286 297/297/285 300/300/288
f 103/103/91 301/301/289 299/299/287
f 301/301/289 103/103/91 67/67/55
f 299/299/287 302/302/290 297/297/285
f 302/302/290 300/300/288 297/297/285
f 303/303/291 299/299/287 301/301/289
f 302/302/290 299/299/287 303/303/291
f 301/301/289 304/304/292 303/303/291
f 303/303/291 305/305/293 302/302/290
f 303/303/291 304/304/292 305/305/293
f 304/304/292 301/301/289 306/306/294
f 306/306/294 301/301/289 67/67/55
f 306/306/294 307/307/295 304/304/292
f 304/304/292 307/307/295 305/305/293
f 67/67/55 308/308/296 306/306/294
f 306/306/294 308/308/296 307/307/295
f 307/307/295 309/309/297 305/305/293
f 307/307/295 308/308/296 309/309/297
f 310/310/298 305/305/293 309/309/297
f 308/308/296 310/310/298 309/309/297
f 311/311/299 302/302/290 305/305/293
f 311/311/299 305/305/293 310/310/298
f 300/300/288 302/302/290 311/311/299
f 312/312/300 311/311/299 310/310/298
f 311/311/299 312/312/300 300/300/288
f 312/312/300 310/310/298 308/308/296
f 308/308/296 67/67/55 313/313/301
f 313/313/301 312/312/300 308/308/296
f 67/67/55 64/64/52 313/313/301
f 314/314/302 300/300/288 312/312/300
f 312/312/300 313/313/301 314/314/302
f 300/300/288 314/314/302 298/298/286
f 315/315/303 313/313/301 64/64/52
f 314/314/302 313/313/301 316/316/304
f 313/313/301 315/315/303 316/316/304
f 315/315/303 64/64/52 317/317/305
f 64/64/52 66/66/54 317/317/305
f 318/318/306 316/316/304 315/315/303
f 319/319/307 317/317/305 66/66/54
f 320/320/308 318/318/306 315/315/303
f 317/317/305 321/321/309 315/315/303
f 315/315/303 321/321/309 320/320/308
f 319/319/307 322/322/310 317/317/305
f 322/322/310 321/321/309 317/317/305
f 323/323/311 319/319/307 66/66/54
f 321/321/309 322/322/310 324/324/312
f 325/325/313 323/323/311 66/66/54
f 325/325/313 66/66/54 53/53/41
f 326/326/314 325/325/313 53/53/41
f 46/46/34 326/326/314 53/53/41
f 46/46/34 47/47/35 326/326/314
f 325/325/313 326/326/314 327/327/315
f 323/323/311 325/325/313 327/327/315
f 328/328/316 327/327/315 326/326/314
f 326/326/314 47/47/35 328/328/316
f 328/328/316 323/323/311 327/327/315
f 329/329/317 328/328/316 47/47/35
f 47/47/35 330/330/318 329/329/317
f 323/323/311 328/328/316 331/331/319
f 329/329/317 331/331/319 328/328/316
f 331/331/319 332/332/320 323/323/311
f 319/319/307 323/323/311 332/332/320
f 331/331/319 329/329/317 333/333/321
f 332/332/320 334/334/322 319/319/307
f 334/334/322 322/322/310 319/319/307
f 332/332/320 331/331/319 335/335/323
f 333/333/321 335/335/323 331/331/319
f 335/335/323 336/336/324 332/332/320
f 334/334/322 332/332/320 336/336/324
f 335/335/323 333/333/321 337/337/325
f 337/337/325 336/336/324 335/335/323
f 338/338/326 333/333/321 329/329/317
f 329/329/317 330/330/318 338/338/326
f 337/337/325 333/333/321 339/339/327
f 330/330/318 340/340/328 338/338/326
f 330/330/318 24/24/12 340/340/328
f 341/341/329 24/24/12 342/342/330
f 25/25/13 24/24/12 341/341/329
f 24/24/12 22/22/10 340/340/328
f 25/25/13 343/343/331 22/22/10
f 343/343/331 23/23/11 22/22/10
f 22/22/10 20/20/8 340/340/328
f 20/20/8 23/23/11 344/344/332
f 21/21/9 20/20/8 344/344/332
f 21/21/9 345/345/333 19/19/7
f 346/346/334 19/19/7 345/345/333
f 340/340/328 20/20/8 347/347/335
f 348/348/336 19/19/7 346/346/334
f 348/348/336 346/346/334 349/349/337
f 348/348/336 349/349/337 350/350/338
f 340/340/328 347/347/335 351/351/339
f 338/338/326 340/340/328 351/351/339
f 352/352/340 351/351/339 347/347/335
f 353/353/341 338/338/326 351/351/339
f 352/352/340 353/353/341 351/351/339
f 338/338/326 353/353/341 354/354/342
f 333/333/321 338/338/326 354/354/342
f 339/339/327 333/333/321 354/354/342
f 353/353/341 355/355/343 354/354/342
f 352/352/340 355/355/343 353/353/341
f 356/356/344 339/339/327 354/354/342
f 356/356/344 354/354/342 355/355/343
f 357/357/345 355/355/343 352/352/340
f 357/357/345 356/356/344 355/355/343
f 347/347/335 358/358/346 352/352/340
f 358/358/346 357/357/345 352/352/340
f 347/347/335 20/20/8 358/358/346
f 358/358/346 359/359/347 357/357/345
f 356/356/344 357/357/345 359/359/347
f 20/20/8 360/360/348 358/358/346
f 359/359/347 358/358/346 360/360/348
f 19/19/7 360/360/348 20/20/8
f 361/361/349 339/339/327 356/356/344
f 361/361/349 337/337/325 339/339/327
f 360/360/348 19/19/7 362/362/350
f 19/19/7 348/348/336 362/362/350
f 363/363/351 361/361/349 356/356/344
f 359/359/347 363/363/351 356/356/344
f 364/364/352 337/337/325 361/361/349
f 1/1/1 361/361/349 363/363/351
f 1/1/1 364/364/352 361/361/349
f 1/1/1 363/363/351 2/2/2
f 1/1/1 3/3/3 364/364/352
f 364/364/352 365/365/353 337/337/325
f 336/336/324 337/337/325 365/365/353
f 364/364/352 3/3/3 366/366/354
f 365/365/353 364/364/352 366/366/354
f 3/3/3 367/367/355 366/366/354
f 365/365/353 366/366/354 367/367/355
f 2/2/2 368/368/356 3/3/3
f 368/368/356 367/367/355 3/3/3
f 336/336/324 365/365/353 369/369/357
f 367/367/355 369/369/357 365/365/353
f 370/370/358 367/367/355 368/368/356
f 367/367/355 370/370/358 369/369/357
f 368/368/356 2/2/2 371/371/359
f 2/2/2 363/363/351 371/371/359
f 368/368/356 372/372/360 370/370/358
f 372/372/360 368/368/356 371/371/359
f 369/369/357 370/370/358 373/373/361
f 372/372/360 373/373/361 370/370/358
f 374/374/362 336/336/324 369/369/357
f 373/373/361 374/374/362 369/369/357
f 374/374/362 334/334/322 336/336/324
f 334/334/322 374/374/362 375/375/363
f 374/374/362 373/373/361 376/376/364
f 376/376/364 375/375/363 374/374/362
f 377/377/365 334/334/322 375/375/363
f 322/322/310 334/334/322 377/377/365
f 375/375/363 376/376/364 378/378/366
f 378/378/366 377/377/365 375/375/363
f 379/379/367 322/322/310 377/377/365
f 322/322/310 379/379/367 324/324/312
f 377/377/365 378/378/366 380/380/368
f 381/381/369 379/379/367 377/377/365
f 377/377/365 380/380/368 381/381/369
f 382/382/370 378/378/366 376/376/364
f 378/378/366 383/383/371 380/380/368
f 378/378/366 382/382/370 383/383/371
f 382/382/370 376/376/364 384/384/372
f 376/376/364 385/385/373 384/384/372
f 373/373/361 385/385/373 376/376/364
f 382/382/370 384/384/372 386/386/374
f 385/385/373 373/373/361 387/387/375
f 384/384/372 385/385/373 388/388/376
f 387/387/375 388/388/376 385/385/373
f 388/388/376 386/386/374 384/384/372
f 373/373/361 389/389/377 387/387/375
f 373/373/361 372/372/360 389/389/377
f 387/387/375 390/390/378 388/388/376
f 389/389/377 390/390/378 387/387/375
f 388/388/376 391/391/379 386/386/374
f 391/391/379 388/388/376 390/390/378
f 386/386/374 392/392/380 382/382/370
f 386/386/374 391/391/379 393/393/381
f 386/386/374 393/393/381 392/392/380
f 394/394/382 391/391/379 390/390/378
f 391/391/379 394/394/382 393/393/381
f 390/390/378 389/389/377 395/395/383
f 395/395/383 394/394/382 390/390/378
f 396/396/384 395/395/383 389/389/377
f 396/396/384 389/389/377 372/372/360
f 394/394/382 395/395/383 397/397/385
f 396/396/384 372/372/360 398/398/386
f 398/398/386 372/372/360 371/371/359
f 395/395/383 396/396/384 399/399/387
f 397/397/385 395/395/383 399/399/387
f 400/400/388 396/396/384 398/398/386
f 396/396/384 401/401/389 399/399/387
f 401/401/389 396/396/384 400/400/388
f 399/399/387 402/402/390 397/397/385
f 402/402/390 399/399/387 401/401/389
f 403/403/391 400/400/388 398/398/386
f 403/403/391 398/398/386 371/371/359
f 404/404/392 401/401/389 400/400/388
f 400/400/388 403/403/391 404/404/392
f 401/401/389 404/404/392 405/405/393
f 403/403/391 405/405/393 404/404/392
f 405/405/393 406/406/394 401/401/389
f 406/406/394 402/402/390 401/401/389
f 405/405/393 407/407/395 406/406/394
f 402/402/390 406/406/394 407/407/395
f 348/348/336 405/405/393 403/403/391
f 407/407/395 405/405/393 348/348/336
f 350/350/338 407/407/395 348/348/336
f 350/350/338 408/408/396 407/407/395
f 348/348/336 403/403/391 362/362/350
f 408/408/396 409/409/397 407/407/395
f 362/362/350 403/403/391 410/410/398
f 407/407/395 409/409/397 411/411/399
f 411/411/399 402/402/390 407/407/395
f 411/411/399 409/409/397 412/412/400
f 413/413/401 411/411/399 412/412/400
f 402/402/390 411/411/399 414/414/402
f 397/397/385 402/402/390 414/414/402
f 415/415/403 411/411/399 413/413/401
f 413/413/401 416/416/404 415/415/403
f 417/417/405 415/415/403 416/416/404
f 414/414/402 411/411/399 418/418/406
f 415/415/403 418/418/406 411/411/399
f 397/397/385 414/414/402 419/419/407
f 420/420/408 414/414/402 418/418/406
f 414/414/402 420/420/408 419/419/407
f 418/418/406 415/415/403 421/421/409
f 421/421/409 420/420/408 418/418/406
f 415/415/403 417/417/405 422/422/410
f 422/422/410 417/417/405 423/423/411
f 422/422/410 423/423/411 424/424/412
f 422/422/410 424/424/412 425/425/413
f 422/422/410 425/425/413 426/426/414
f 421/421/409 415/415/403 427/427/415
f 427/427/415 415/415/403 422/422/410
f 428/428/416 422/422/410 426/426/414
f 427/427/415 422/422/410 428/428/416
f 426/426/414 429/429/417 428/428/416
f 430/430/418 428/428/416 429/429/417
f 421/421/409 427/427/415 431/431/419
f 420/420/408 421/421/409 431/431/419
f 428/428/416 430/430/418 432/432/420
f 430/430/418 433/433/421 432/432/420
f 432/432/420 433/433/421 434/434/422
f 420/420/408 431/431/419 435/435/423
f 419/419/407 420/420/408 435/435/423
f 431/431/419 436/436/424 435/435/423
f 436/436/424 431/431/419 427/427/415
f 437/437/425 419/419/407 435/435/423
f 435/435/423 436/436/424 437/437/425
f 397/397/385 419/419/407 437/437/425
f 437/437/425 394/394/382 397/397/385
f 437/437/425 393/393/381 394/394/382
f 438/438/426 393/393/381 437/437/425
f 439/439/427 438/438/426 437/437/425
f 439/439/427 437/437/425 436/436/424
f 393/393/381 438/438/426 440/440/428
f 438/438/426 439/439/427 441/441/429
f 440/440/428 438/438/426 441/441/429
f 441/441/429 439/439/427 442/442/430
f 442/442/430 439/439/427 436/436/424
f 393/393/381 440/440/428 443/443/431
f 393/393/381 443/443/431 392/392/380
f 440/440/428 441/441/429 444/444/432
f 392/392/380 443/443/431 445/445/433
f 382/382/370 392/392/380 445/445/433
f 445/445/433 383/383/371 382/382/370
f 443/443/431 440/440/428 446/446/434
f 440/440/428 444/444/432 446/446/434
f 445/445/433 443/443/431 447/447/435
f 443/443/431 446/446/434 447/447/435
f 444/444/432 441/441/429 448/448/436
f 448/448/436 441/441/429 442/442/430
f 449/449/437 444/444/432 448/448/436
f 448/448/436 442/442/430 449/449/437
f 444/444/432 449/449/437 450/450/438
f 450/450/438 446/446/434 444/444/432
f 449/449/437 442/442/430 451/451/439
f 442/442/430 436/436/424 451/451/439
f 450/450/438 449/449/437 452/452/440
f 452/452/440 449/449/437 451/451/439
f 453/453/441 446/446/434 450/450/438
f 451/451/439 454/454/442 452/452/440
f 451/451/439 436/436/424 454/454/442
f 455/455/443 450/450/438 452/452/440
f 455/455/443 453/453/441 450/450/438
f 452/452/440 454/454/442 455/455/443
f 453/453/441 456/456/444 446/446/434
f 456/456/444 457/457/445 446/446/434
f 447/447/435 446/446/434 457/457/445
f 458/458/446 447/447/435 457/457/445
f 458/458/446 457/457/445 456/456/444
f 458/458/446 445/445/433 447/447/435
f 459/459/447 456/456/444 453/453/441
f 458/458/446 456/456/444 459/459/447
f 460/460/448 459/459/447 453/453/441
f 455/455/443 460/460/448 453/453/441
f 458/458/446 461/461/449 445/445/433
f 383/383/371 445/445/433 461/461/449
f 461/461/449 458/458/446 462/462/450
f 463/463/451 383/383/371 461/461/449
f 458/458/446 464/464/452 462/462/450
f 464/464/452 458/458/446 459/459/447
f 380/380/368 383/383/371 463/463/451
f 465/465/453 461/461/449 462/462/450
f 465/465/453 462/462/450 464/464/452
f 463/463/451 461/461/449 465/465/453
f 459/459/447 466/466/454 464/464/452
f 467/467/455 465/465/453 464/464/452
f 467/467/455 464/464/452 466/466/454
f 468/468/456 463/463/451 465/465/453
f 467/467/455 468/468/456 465/465/453
f 466/466/454 459/459/447 469/469/457
f 469/469/457 459/459/447 460/460/448
f 470/470/458 467/467/455 466/466/454
f 471/471/459 469/469/457 460/460/448
f 460/460/448 455/455/443 471/471/459
f 469/469/457 472/472/460 466/466/454
f 472/472/460 470/470/458 466/466/454
f 469/469/457 471/471/459 473/473/461
f 472/472/460 469/469/457 474/474/462
f 469/469/457 473/473/461 474/474/462
f 471/471/459 455/455/443 475/475/463
f 476/476/464 473/473/461 471/471/459
f 476/476/464 471/471/459 475/475/463
f 475/475/463 455/455/443 477/477/465
f 454/454/442 477/477/465 455/455/443
f 475/475/463 478/478/466 476/476/464
f 477/477/465 478/478/466 475/475/463
f 473/473/461 476/476/464 479/479/467
f 474/474/462 473/473/461 479/479/467
f 480/480/468 479/479/467 476/476/464
f 480/480/468 476/476/464 478/478/466
f 479/479/467 481/481/469 474/474/462
f 481/481/469 479/479/467 480/480/468
f 482/482/470 480/480/468 478/478/466
f 481/481/469 480/480/468 482/482/470
f 483/483/471 478/478/466 477/477/465
f 478/478/466 483/483/471 482/482/470
f 477/477/465 484/484/472 483/483/471
f 454/454/442 484/484/472 477/477/465
f 483/483/471 485/485/473 482/482/470
f 484/484/472 486/486/474 483/483/471
f 485/485/473 483/483/471 486/486/474
f 484/484/472 454/454/442 487/487/475
f 485/485/473 488/488/476 482/482/470
f 481/481/469 482/482/470 488/488/476
f 454/454/442 489/489/477 487/487/475
f 489/489/477 454/454/442 436/436/424
f 490/490/478 489/489/477 436/436/424
f 436/436/424 427/427/415 490/490/478
f 487/487/475 489/489/477 491/491/479
f 491/491/479 489/489/477 490/490/478
f 427/427/415 492/492/480 490/490/478
f 491/491/479 490/490/478 492/492/480
f 427/427/415 428/428/416 492/492/480
f 493/493/481 487/487/475 491/491/479
f 484/484/472 487/487/475 493/493/481
f 492/492/480 494/494/482 491/491/479
f 428/428/416 494/494/482 492/492/480
f 491/491/479 494/494/482 493/493/481
f 432/432/420 494/494/482 428/428/416
f 493/493/481 494/494/482 432/432/420
f 484/484/472 493/493/481 495/495/483
f 432/432/420 495/495/483 493/493/481
f 486/486/474 484/484/472 495/495/483
f 495/495/483 432/432/420 496/496/484
f 496/496/484 432/432/420 434/434/422
f 497/497/485 496/496/484 434/434/422
f 498/498/486 496/496/484 497/497/485
f 495/495/483 499/499/487 486/486/474
f 485/485/473 486/486/474 499/499/487
f 495/495/483 496/496/484 500/500/488
f 500/500/488 499/499/487 495/495/483
f 496/496/484 501/501/489 500/500/488
f 501/501/489 499/499/487 500/500/488
f 498/498/486 502/502/490 496/496/484
f 501/501/489 496/496/484 502/502/490
f 502/502/490 498/498/486 503/503/491
f 502/502/490 503/503/491 504/504/492
f 499/499/487 501/501/489 505/505/493
f 502/502/490 504/504/492 506/506/494
f 504/504/492 507/507/495 506/506/494
f 508/508/496 506/506/494 507/507/495
f 505/505/493 509/509/497 499/499/487
f 499/499/487 509/509/497 485/485/473
f 510/510/498 505/505/493 501/501/489
f 510/510/498 509/509/497 505/505/493
f 502/502/490 510/510/498 501/501/489
f 509/509/497 511/511/499 485/485/473
f 509/509/497 510/510/498 511/511/499
f 485/485/473 511/511/499 488/488/476
f 502/502/490 512/512/500 510/510/498
f 506/506/494 512/512/500 502/502/490
f 510/510/498 513/513/501 511/511/499
f 511/511/499 513/513/501 488/488/476
f 506/506/494 514/514/502 512/512/500
f 514/514/502 506/506/494 515/515/503
f 508/508/496 516/516/504 515/515/503
f 515/515/503 516/516/504 517/517/505
f 518/518/506 519/519/507 517/517/505
f 520/520/508 519/519/507 518/518/506
f 520/520/508 521/521/509 522/522/510
f 521/521/509 523/523/511 522/522/510
f 522/522/510 524/524/512 519/519/507
f 519/519/507 524/524/512 515/515/503
f 525/525/513 524/524/512 522/522/510
f 524/524/512 526/526/514 515/515/503
f 525/525/513 527/527/515 524/524/512
f 526/526/514 528/528/516 515/515/503
f 515/515/503 528/528/516 514/514/502
f 524/524/512 529/529/517 526/526/514
f 527/527/515 529/529/517 524/524/512
f 530/530/518 526/526/514 529/529/517
f 526/526/514 530/530/518 528/528/516
f 531/531/519 529/529/517 527/527/515
f 530/530/518 529/529/517 531/531/519
f 532/532/520 527/527/515 525/525/513
f 533/533/521 532/532/520 525/525/513
f 530/530/518 531/531/519 534/534/522
f 527/527/515 535/535/523 531/531/519
f 531/531/519 535/535/523 534/534/522
f 536/536/524 530/530/518 534/534/522
f 528/528/516 530/530/518 536/536/524
f 537/537/525 536/536/524 534/534/522
f 537/537/525 534/534/522 535/535/523
f 538/538/526 528/528/516 536/536/524
f 537/537/525 538/538/526 536/536/524
f 528/528/516 538/538/526 514/514/502
f 537/537/525 535/535/523 539/539/527
f 527/527/515 540/540/528 535/535/523
f 539/539/527 535/535/523 540/540/528
f 540/540/528 527/527/515 532/532/520
f 541/541/529 537/537/525 539/539/527
f 542/542/530 539/539/527 540/540/528
f 541/541/529 539/539/527 542/542/530
f 532/532/520 543/543/531 540/540/528
f 544/544/532 537/537/525 541/541/529
f 538/538/526 537/537/525 544/544/532
f 543/543/531 532/532/520 545/545/533
f 545/545/533 532/532/520 533/533/521
f 546/546/534 540/540/528 543/543/531
f 540/540/528 546/546/534 542/542/530
f 543/543/531 547/547/535 546/546/534
f 548/548/536 542/542/530 546/546/534
f 546/546/534 547/547/535 548/548/536
f 545/545/533 549/549/537 543/543/531
f 547/547/535 543/543/531 549/549/537
f 550/550/538 545/545/533 533/533/521
f 549/549/537 545/545/533 551/551/539
f 545/545/533 550/550/538 551/551/539
f 549/549/537 551/551/539 552/552/540
f 552/552/540 551/551/539 550/550/538
f 549/549/537 553/553/541 547/547/535
f 552/552/540 554/554/542 549/549/537
f 553/553/541 549/549/537 554/554/542
f 550/550/538 555/555/543 552/552/540
f 552/552/540 555/555/543 554/554/542
f 533/533/521 556/556/544 550/550/538
f 555/555/543 550/550/538 556/556/544
f 533/533/521 557/557/545 556/556/544
f 554/554/542 555/555/543 558/558/546
f 555/555/543 556/556/544 559/559/547
f 558/558/546 555/555/543 559/559/547
f 557/557/545 560/560/548 556/556/544
f 556/556/544 561/561/549 559/559/547
f 561/561/549 556/556/544 560/560/548
f 562/562/550 558/558/546 559/559/547
f 563/563/551 561/561/549 564/564/552
f 564/564/552 561/561/549 560/560/548
f 565/565/553 559/559/547 561/561/549
f 559/559/547 565/565/553 562/562/550
f 566/566/554 565/565/553 561/561/549
f 561/561/549 563/563/551 566/566/554
f 563/563/551 564/564/552 567/567/555
f 566/566/554 563/563/551 567/567/555
f 564/564/552 568/568/556 567/567/555
f 568/568/556 566/566/554 567/567/555
f 569/569/557 565/565/553 568/568/556
f 569/569/557 568/568/556 570/570/558
f 570/570/558 568/568/556 560/560/548
f 571/571/559 569/569/557 570/570/558
f 569/569/557 571/571/559 572/572/560
f 560/560/548 573/573/561 570/570/558
f 573/573/561 571/571/559 570/570/558
f 573/573/561 560/560/548 557/557/545
f 572/572/560 571/571/559 574/574/562
f 574/574/562 571/571/559 573/573/561
f 574/574/562 573/573/561 557/557/545
f 572/572/560 574/574/562 575/575/563
f 574/574/562 576/576/564 575/575/563
f 557/557/545 577/577/565 576/576/564
f 576/576/564 577/577/565 578/578/566
f 576/576/564 578/578/566 579/579/567
f 576/576/564 580/580/568 575/575/563
f 579/579/567 581/581/569 580/580/568
f 575/575/563 581/581/569 565/565/553
f 582/582/570 575/575/563 580/580/568
f 581/581/569 582/582/570 580/580/568
f 575/575/563 582/582/570 583/583/571
f 565/565/553 581/581/569 562/562/550
f 579/579/567 562/562/550 581/581/569
f 562/562/550 579/579/567 584/584/572
f 562/562/550 584/584/572 558/558/546
f 582/582/570 581/581/569 585/585/573
f 582/582/570 585/585/573 586/586/574
f 583/583/571 582/582/570 586/586/574
f 585/585/573 583/583/571 586/586/574
f 575/575/563 585/585/573 581/581/569
f 575/575/563 583/583/571 585/585/573
f 565/565/553 569/569/557 575/575/563
f 575/575/563 569/569/557 572/572/560
f 584/584/572 587/587/575 558/558/546
f 584/584/572 588/588/576 587/587/575
f 588/588/576 589/589/577 587/587/575
f 590/590/578 558/558/546 587/587/575
f 558/558/546 590/590/578 554/554/542
f 589/589/577 591/591/579 587/587/575
f 591/591/579 590/590/578 587/587/575
f 592/592/580 591/591/579 589/589/577
f 590/590/578 593/593/581 554/554/542
f 553/553/541 554/554/542 593/593/581
f 591/591/579 592/592/580 594/594/582
f 553/553/541 593/593/581 595/595/583
f 592/592/580 596/596/584 594/594/582
f 596/596/584 592/592/580 597/597/585
f 598/598/586 591/591/579 594/594/582
f 590/590/578 591/591/579 598/598/586
f 599/599/587 597/597/585 600/600/588
f 597/597/585 599/599/587 596/596/584
f 594/594/582 596/596/584 601/601/589
f 598/598/586 594/594/582 601/601/589
f 602/602/590 596/596/584 599/599/587
f 603/603/591 601/601/589 596/596/584
f 596/596/584 602/602/590 603/603/591
f 601/601/589 603/603/591 604/604/592
f 599/599/587 605/605/593 602/602/590
f 603/603/591 606/606/594 604/604/592
f 606/606/594 603/603/591 607/607/595
f 603/603/591 602/602/590 608/608/596
f 603/603/591 608/608/596 607/607/595
f 607/607/595 609/609/597 606/606/594
f 609/609/597 607/607/595 610/610/598
f 608/608/596 610/610/598 607/607/595
f 610/610/598 608/608/596 611/611/599
f 610/610/598 612/612/600 609/609/597
f 611/611/599 612/612/600 610/610/598
f 613/613/601 606/606/594 609/609/597
f 609/609/597 612/612/600 613/613/601
f 608/608/596 614/614/602 611/611/599
f 614/614/602 612/612/600 611/611/599
f 606/606/594 613/613/601 615/615/603
f 615/615/603 604/604/592 606/606/594
f 613/613/601 612/612/600 616/616/604
f 616/616/604 615/615/603 613/613/601
f 617/617/605 612/612/600 614/614/602
f 616/616/604 612/612/600 617/617/605
f 618/618/606 614/614/602 608/608/596
f 614/614/602 618/618/606 617/617/605
f 602/602/590 618/618/606 608/608/596
f 605/605/593 618/618/606 602/602/590
f 617/617/605 619/619/607 616/616/604
f 619/619/607 617/617/605 618/618/606
f 620/620/608 616/616/604 619/619/607
f 615/615/603 616/616/604 620/620/608
f 618/618/606 621/621/609 619/619/607
f 619/619/607 621/621/609 620/620/608
f 621/621/609 618/618/606 605/605/593
f 620/620/608 622/622/610 615/615/603
f 604/604/592 615/615/603 622/622/610
f 623/623/611 620/620/608 621/621/609
f 622/622/610 620/620/608 623/623/611
f 605/605/593 624/624/612 621/621/609
f 624/624/612 623/623/611 621/621/609
f 622/622/610 625/625/613 604/604/592
f 625/625/613 601/601/589 604/604/592
f 623/623/611 626/626/614 622/622/610
f 625/625/613 622/622/610 626/626/614
f 626/626/614 623/623/611 627/627/615
f 627/627/615 623/623/611 624/624/612
f 625/625/613 628/628/616 601/601/589
f 601/601/589 628/628/616 598/598/586
f 625/625/613 626/626/614 629/629/617
f 627/627/615 629/629/617 626/626/614
f 628/628/616 625/625/613 630/630/618
f 629/629/617 627/627/615 631/631/619
f 627/627/615 632/632/620 631/631/619
f 632/632/620 627/627/615 624/624/612
f 631/631/619 632/632/620 633/633/621
f 633/633/621 629/629/617 631/631/619
f 624/624/612 634/634/622 632/632/620
f 629/629/617 635/635/623 625/625/613
f 625/625/613 635/635/623 630/630/618
f 634/634/622 624/624/612 636/636/624
f 624/624/612 605/605/593 636/636/624
f 599/599/587 636/636/624 605/605/593
f 599/599/587 173/173/161 636/636/624
f 634/634/622 637/637/625 632/632/620
f 637/637/625 633/633/621 632/632/620
f 634/634/622 636/636/624 638/638/626
f 637/637/625 634/634/622 638/638/626
f 639/639/627 636/636/624 173/173/161
f 173/173/161 175/175/163 639/639/627
f 636/636/624 639/639/627 640/640/628
f 641/641/629 636/636/624 640/640/628
f 636/636/624 641/641/629 638/638/626
f 639/639/627 642/642/630 640/640/628
f 642/642/630 641/641/629 640/640/628
f 639/639/627 175/175/163 643/643/631
f 642/642/630 639/639/627 644/644/632
f 643/643/631 644/644/632 639/639/627
f 175/175/163 645/645/633 643/643/631
f 645/645/633 175/175/163 177/177/165
f 644/644/632 643/643/631 646/646/634
f 177/177/165 647/647/635 645/645/633
f 647/647/635 177/177/165 207/207/195
f 645/645/633 648/648/636 643/643/631
f 643/643/631 648/648/636 646/646/634
f 647/647/635 649/649/637 645/645/633
f 648/648/636 645/645/633 649/649/637
f 207/207/195 650/650/638 647/647/635
f 650/650/638 649/649/637 647/647/635
f 648/648/636 651/651/639 652/652/640
f 649/649/637 651/651/639 648/648/636
f 648/648/636 652/652/640 646/646/634
f 646/646/634 652/652/640 653/653/641
f 654/654/642 651/651/639 649/649/637
f 649/649/637 650/650/638 654/654/642
f 655/655/643 652/652/640 651/651/639
f 651/651/639 656/656/644 655/655/643
f 656/656/644 657/657/645 658/658/646
f 658/658/646 655/655/643 656/656/644
f 655/655/643 653/653/641 652/652/640
f 653/653/641 655/655/643 659/659/647
f 658/658/646 659/659/647 655/655/643
f 660/660/648 646/646/634 653/653/641
f 646/646/634 660/660/648 644/644/632
f 660/660/648 642/642/630 644/644/632
f 642/642/630 660/660/648 661/661/649
f 662/662/650 660/660/648 653/653/641
f 653/653/641 659/659/647 662/662/650
f 662/662/650 661/661/649 660/660/648
f 659/659/647 658/658/646 663/663/651
f 664/664/652 662/662/650 659/659/647
f 659/659/647 663/663/651 664/664/652
f 658/658/646 665/665/653 663/663/651
f 663/663/651 665/665/653 664/664/652
f 657/657/645 665/665/653 658/658/646
f 664/664/652 666/666/654 662/662/650
f 661/661/649 662/662/650 666/666/654
f 664/664/652 665/665/653 667/667/655
f 666/666/654 664/664/652 667/667/655
f 667/667/655 665/665/653 668/668/656
f 667/667/655 669/669/657 666/666/654
f 669/669/657 667/667/655 668/668/656
f 668/668/656 665/665/653 670/670/658
f 670/670/658 669/669/657 668/668/656
f 670/670/658 665/665/653 657/657/645
f 671/671/659 670/670/658 657/657/645
f 669/669/657 670/670/658 671/671/659
f 657/657/645 656/656/644 671/671/659
f 656/656/644 672/672/660 671/671/659
f 672/672/660 669/669/657 671/671/659
f 672/672/660 656/656/644 651/651/639
f 651/651/639 654/654/642 672/672/660
f 673/673/661 669/669/657 672/672/660
f 654/654/642 673/673/661 672/672/660
f 673/673/661 666/666/654 669/669/657
f 666/666/654 673/673/661 661/661/649
f 673/673/661 654/654/642 674/674/662
f 674/674/662 661/661/649 673/673/661
f 661/661/649 674/674/662 642/642/630
f 650/650/638 674/674/662 654/654/642
f 641/641/629 642/642/630 674/674/662
f 674/674/662 650/650/638 641/641/629
f 641/641/629 650/650/638 675/675/663
f 638/638/626 641/641/629 675/675/663
f 650/650/638 207/207/195 675/675/663
f 676/676/664 638/638/626 675/675/663
f 207/207/195 676/676/664 675/675/663
f 676/676/664 207/207/195 205/205/193
f 638/638/626 676/676/664 637/637/625
f 205/205/193 677/677/665 676/676/664
f 677/677/665 637/637/625 676/676/664
f 203/203/191 677/677/665 205/205/193
f 677/677/665 203/203/191 215/215/203
f 678/678/666 637/637/625 677/677/665
f 677/677/665 679/679/667 678/678/666
f 215/215/203 679/679/667 677/677/665
f 637/637/625 678/678/666 680/680/668
f 678/678/666 679/679/667 681/681/669
f 678/678/666 681/681/669 680/680/668
f 682/682/670 637/637/625 680/680/668
f 680/680/668 681/681/669 682/682/670
f 637/637/625 682/682/670 633/633/621
f 683/683/671 681/681/669 679/679/667
f 679/679/667 215/215/203 683/683/671
f 684/684/672 682/682/670 681/681/669
f 682/682/670 685/685/673 633/633/621
f 685/685/673 682/682/670 684/684/672
f 686/686/674 684/684/672 681/681/669
f 685/685/673 687/687/675 633/633/621
f 686/686/674 681/681/669 688/688/676
f 688/688/676 681/681/669 683/683/671
f 629/629/617 633/633/621 687/687/675
f 689/689/677 684/684/672 686/686/674
f 688/688/676 689/689/677 686/686/674
f 685/685/673 684/684/672 689/689/677
f 683/683/671 690/690/678 688/688/676
f 689/689/677 688/688/676 690/690/678
f 690/690/678 683/683/671 691/691/679
f 691/691/679 683/683/671 215/215/203
f 692/692/680 690/690/678 691/691/679
f 692/692/680 691/691/679 215/215/203
f 690/690/678 693/693/681 689/689/677
f 690/690/678 692/692/680 693/693/681
f 685/685/673 689/689/677 694/694/682
f 687/687/675 685/685/673 694/694/682
f 695/695/683 694/694/682 689/689/677
f 694/694/682 696/696/684 687/687/675
f 694/694/682 695/695/683 696/696/684
f 696/696/684 697/697/685 687/687/675
f 687/687/675 697/697/685 629/629/617
f 697/697/685 696/696/684 698/698/686
f 696/696/684 695/695/683 698/698/686
f 699/699/687 629/629/617 697/697/685
f 629/629/617 699/699/687 700/700/688
f 635/635/623 629/629/617 700/700/688
f 697/697/685 701/701/689 699/699/687
f 701/701/689 697/697/685 698/698/686
f 699/699/687 702/702/690 700/700/688
f 701/701/689 702/702/690 699/699/687
f 635/635/623 700/700/688 702/702/690
f 698/698/686 703/703/691 701/701/689
f 703/703/691 702/702/690 701/701/689
f 635/635/623 702/702/690 704/704/692
f 630/630/618 635/635/623 704/704/692
f 703/703/691 705/705/693 702/702/690
f 704/704/692 702/702/690 706/706/694
f 705/705/693 706/706/694 702/702/690
f 706/706/694 630/630/618 704/704/692
f 707/707/695 705/705/693 703/703/691
f 703/703/691 698/698/686 707/707/695
f 705/705/693 708/708/696 706/706/694
f 707/707/695 708/708/696 705/705/693
f 630/630/618 706/706/694 709/709/697
f 706/706/694 708/708/696 709/709/697
f 630/630/618 709/709/697 710/710/698
f 711/711/699 709/709/697 708/708/696
f 711/711/699 710/710/698 709/709/697
f 630/630/618 710/710/698 712/712/700
f 712/712/700 628/628/616 630/630/618
f 710/710/698 711/711/699 713/713/701
f 714/714/702 628/628/616 712/712/700
f 714/714/702 598/598/586 628/628/616
f 712/712/700 710/710/698 715/715/703
f 713/713/701 715/715/703 710/710/698
f 716/716/704 714/714/702 712/712/700
f 712/712/700 715/715/703 716/716/704
f 717/717/705 714/714/702 716/716/704
f 716/716/704 715/715/703 718/718/706
f 716/716/704 718/718/706 717/717/705
f 717/717/705 719/719/707 714/714/702
f 719/719/707 598/598/586 714/714/702
f 720/720/708 719/719/707 717/717/705
f 717/717/705 718/718/706 720/720/708
f 721/721/709 598/598/586 719/719/707
f 719/719/707 720/720/708 721/721/709
f 720/720/708 718/718/706 722/722/710
f 720/720/708 722/722/710 721/721/709
f 723/723/711 722/722/710 718/718/706
f 721/721/709 722/722/710 723/723/711
f 724/724/712 718/718/706 715/715/703
f 724/724/712 723/723/711 718/718/706
f 715/715/703 713/713/701 724/724/712
f 724/724/712 725/725/713 723/723/711
f 725/725/713 724/724/712 713/713/701
f 725/725/713 721/721/709 723/723/711
f 598/598/586 721/721/709 726/726/714
f 726/726/714 721/721/709 725/725/713
f 598/598/586 726/726/714 590/590/578
f 713/713/701 727/727/715 725/725/713
f 727/727/715 726/726/714 725/725/713
f 727/727/715 713/713/701 711/711/699
f 728/728/716 590/590/578 726/726/714
f 590/590/578 728/728/716 593/593/581
f 729/729/717 726/726/714 727/727/715
f 726/726/714 729/729/717 728/728/716
f 593/593/581 728/728/716 730/730/718
f 730/730/718 595/595/583 593/593/581
f 731/731/719 728/728/716 729/729/717
f 732/732/720 730/730/718 728/728/716
f 728/728/716 731/731/719 732/732/720
f 733/733/721 729/729/717 727/727/715
f 731/731/719 729/729/717 734/734/722
f 734/734/722 729/729/717 733/733/721
f 735/735/723 732/732/720 731/731/719
f 736/736/724 731/731/719 734/734/722
f 731/731/719 736/736/724 735/735/723
f 732/732/720 735/735/723 737/737/725
f 736/736/724 738/738/726 735/735/723
f 735/735/723 738/738/726 737/737/725
f 737/737/725 739/739/727 732/732/720
f 732/732/720 739/739/727 730/730/718
f 740/740/728 739/739/727 737/737/725
f 737/737/725 738/738/726 740/740/728
f 741/741/729 739/739/727 740/740/728
f 740/740/728 738/738/726 741/741/729
f 742/742/730 730/730/718 739/739/727
f 739/739/727 741/741/729 742/742/730
f 730/730/718 742/742/730 743/743/731
f 742/742/730 741/741/729 744/744/732
f 744/744/732 743/743/731 742/742/730
f 741/741/729 738/738/726 745/745/733
f 741/741/729 745/745/733 744/744/732
f 746/746/734 730/730/718 743/743/731
f 595/595/583 730/730/718 746/746/734
f 747/747/735 744/744/732 745/745/733
f 745/745/733 738/738/726 747/747/735
f 743/743/731 744/744/732 748/748/736
f 747/747/735 738/738/726 749/749/737
f 744/744/732 747/747/735 750/750/738
f 749/749/737 750/750/738 747/747/735
f 750/750/738 748/748/736 744/744/732
f 749/749/737 738/738/726 751/751/739
f 736/736/724 751/751/739 738/738/726
f 734/734/722 751/751/739 736/736/724
f 750/750/738 749/749/737 752/752/740
f 751/751/739 752/752/740 749/749/737
f 748/748/736 750/750/738 753/753/741
f 752/752/740 753/753/741 750/750/738
f 734/734/722 754/754/742 751/751/739
f 752/752/740 751/751/739 754/754/742
f 734/734/722 755/755/743 754/754/742
f 754/754/742 756/756/744 752/752/740
f 753/753/741 752/752/740 756/756/744
f 756/756/744 754/754/742 755/755/743
f 755/755/743 734/734/722 733/733/721
f 756/756/744 757/757/745 753/753/741
f 753/753/741 758/758/746 748/748/736
f 743/743/731 748/748/736 758/758/746
f 753/753/741 757/757/745 758/758/746
f 743/743/731 758/758/746 746/746/734
f 757/757/745 756/756/744 759/759/747
f 756/756/744 755/755/743 759/759/747
f 760/760/748 746/746/734 758/758/746
f 760/760/748 595/595/583 746/746/734
f 761/761/749 758/758/746 757/757/745
f 762/762/750 760/760/748 758/758/746
f 762/762/750 758/758/746 761/761/749
f 595/595/583 760/760/748 763/763/751
f 764/764/752 761/761/749 757/757/745
f 595/595/583 763/763/751 765/765/753
f 765/765/753 553/553/541 595/595/583
f 547/547/535 553/553/541 765/765/753
f 765/765/753 548/548/536 547/547/535
f 766/766/754 764/764/752 757/757/745
f 759/759/747 766/766/754 757/757/745
f 765/765/753 767/767/755 548/548/536
f 768/768/756 767/767/755 765/765/753
f 763/763/751 768/768/756 765/765/753
f 768/768/756 474/474/462 767/767/755
f 474/474/462 768/768/756 472/472/460
f 763/763/751 472/472/460 768/768/756
f 481/481/469 767/767/755 474/474/462
f 763/763/751 470/470/458 472/472/460
f 767/767/755 481/481/469 769/769/757
f 767/767/755 769/769/757 548/548/536
f 769/769/757 481/481/469 770/770/758
f 488/488/476 770/770/758 481/481/469
f 548/548/536 769/769/757 771/771/759
f 542/542/530 548/548/536 771/771/759
f 772/772/760 769/769/757 770/770/758
f 769/769/757 772/772/760 771/771/759
f 773/773/761 770/770/758 488/488/476
f 770/770/758 773/773/761 772/772/760
f 488/488/476 513/513/501 773/773/761
f 771/771/759 772/772/760 774/774/762
f 771/771/759 775/775/763 542/542/530
f 775/775/763 771/771/759 774/774/762
f 775/775/763 541/541/529 542/542/530
f 5/5/5 774/774/762 772/772/760
f 775/775/763 774/774/762 5/5/5
f 773/773/761 5/5/5 772/772/760
f 4/4/4 541/541/529 775/775/763
f 4/4/4 775/775/763 5/5/5
f 6/6/6 5/5/5 773/773/761
f 4/4/4 544/544/532 541/541/529
f 6/6/6 544/544/532 4/4/4
f 773/773/761 513/513/501 6/6/6
f 6/6/6 513/513/501 544/544/532
f 513/513/501 776/776/764 544/544/532
f 544/544/532 776/776/764 777/777/765
f 777/777/765 538/538/526 544/544/532
f 513/513/501 778/778/766 776/776/764
f 538/538/526 777/777/765 779/779/767
f 779/779/767 514/514/502 538/538/526
f 776/776/764 780/780/768 777/777/765
f 777/777/765 780/780/768 779/779/767
f 778/778/766 780/780/768 776/776/764
f 514/514/502 779/779/767 781/781/769
f 779/779/767 780/780/768 781/781/769
f 781/781/769 512/512/500 514/514/502
f 513/513/501 782/782/770 778/778/766
f 778/778/766 782/782/770 780/780/768
f 782/782/770 513/513/501 510/510/498
f 781/781/769 780/780/768 783/783/771
f 783/783/771 780/780/768 782/782/770
f 783/783/771 512/512/500 781/781/769
f 510/510/498 783/783/771 782/782/770
f 512/512/500 783/783/771 510/510/498
f 784/784/772 763/763/751 760/760/748
f 763/763/751 784/784/772 470/470/458
f 760/760/748 785/785/773 784/784/772
f 785/785/773 760/760/748 786/786/774
f 762/762/750 786/786/774 760/760/748
f 786/786/774 787/787/775 785/785/773
f 787/787/775 786/786/774 788/788/776
f 786/786/774 762/762/750 789/789/777
f 789/789/777 788/788/776 786/786/774
f 789/789/777 762/762/750 790/790/778
f 790/790/778 762/762/750 761/761/749
f 788/788/776 789/789/777 791/791/779
f 791/791/779 789/789/777 792/792/780
f 792/792/780 789/789/777 790/790/778
f 791/791/779 793/793/781 788/788/776
f 792/792/780 793/793/781 791/791/779
f 787/787/775 788/788/776 793/793/781
f 790/790/778 794/794/782 792/792/780
f 794/794/782 793/793/781 792/792/780
f 787/787/775 793/793/781 795/795/783
f 795/795/783 785/785/773 787/787/775
f 796/796/784 793/793/781 794/794/782
f 795/795/783 793/793/781 796/796/784
f 785/785/773 795/795/783 797/797/785
f 796/796/784 797/797/785 795/795/783
f 797/797/785 784/784/772 785/785/773
f 796/796/784 794/794/782 798/798/786
f 794/794/782 790/790/778 798/798/786
f 797/797/785 796/796/784 799/799/787
f 799/799/787 796/796/784 798/798/786
f 790/790/778 800/800/788 798/798/786
f 799/799/787 798/798/786 800/800/788
f 800/800/788 790/790/778 761/761/749
f 799/799/787 801/801/789 797/797/785
f 784/784/772 797/797/785 801/801/789
f 802/802/790 799/799/787 800/800/788
f 801/801/789 799/799/787 802/802/790
f 761/761/749 803/803/791 800/800/788
f 802/802/790 800/800/788 803/803/791
f 803/803/791 761/761/749 764/764/752
f 801/801/789 802/802/790 804/804/792
f 803/803/791 804/804/792 802/802/790
f 784/784/772 801/801/789 805/805/793
f 784/784/772 805/805/793 470/470/458
f 806/806/794 801/801/789 804/804/792
f 806/806/794 805/805/793 801/801/789
f 807/807/795 803/803/791 764/764/752
f 766/766/754 807/807/795 764/764/752
f 803/803/791 807/807/795 808/808/796
f 809/809/797 803/803/791 808/808/796
f 803/803/791 809/809/797 804/804/792
f 807/807/795 810/810/798 808/808/796
f 808/808/796 811/811/799 809/809/797
f 811/811/799 808/808/796 810/810/798
f 810/810/798 807/807/795 812/812/800
f 811/811/799 813/813/801 809/809/797
f 814/814/802 812/812/800 807/807/795
f 807/807/795 766/766/754 814/814/802
f 812/812/800 815/815/803 810/810/798
f 810/810/798 815/815/803 811/811/799
f 812/812/800 814/814/802 816/816/804
f 816/816/804 815/815/803 812/812/800
f 817/817/805 814/814/802 766/766/754
f 818/818/806 816/816/804 814/814/802
f 814/814/802 817/817/805 818/818/806
f 816/816/804 818/818/806 819/819/807
f 819/819/807 815/815/803 816/816/804
f 820/820/808 819/819/807 818/818/806
f 821/821/809 815/815/803 819/819/807
f 819/819/807 820/820/808 821/821/809
f 822/822/810 815/815/803 821/821/809
f 820/820/808 822/822/810 821/821/809
f 811/811/799 815/815/803 823/823/811
f 813/813/801 811/811/799 823/823/811
f 824/824/812 815/815/803 822/822/810
f 823/823/811 815/815/803 824/824/812
f 820/820/808 825/825/813 822/822/810
f 825/825/813 824/824/812 822/822/810
f 826/826/814 823/823/811 824/824/812
f 826/826/814 824/824/812 825/825/813
f 823/823/811 826/826/814 813/813/801
f 827/827/815 825/825/813 820/820/808
f 818/818/806 827/827/815 820/820/808
f 827/827/815 818/818/806 817/817/805
f 828/828/816 826/826/814 825/825/813
f 827/827/815 828/828/816 825/825/813
f 829/829/817 813/813/801 826/826/814
f 829/829/817 826/826/814 828/828/816
f 817/817/805 830/830/818 827/827/815
f 830/830/818 828/828/816 827/827/815
f 813/813/801 829/829/817 831/831/819
f 831/831/819 809/809/797 813/813/801
f 809/809/797 831/831/819 804/804/792
f 829/829/817 828/828/816 832/832/820
f 829/829/817 833/833/821 831/831/819
f 833/833/821 829/829/817 832/832/820
f 834/834/822 804/804/792 831/831/819
f 831/831/819 833/833/821 834/834/822
f 804/804/792 834/834/822 835/835/823
f 804/804/792 835/835/823 806/806/794
f 833/833/821 836/836/824 834/834/822
f 834/834/822 837/837/825 835/835/823
f 837/837/825 834/834/822 836/836/824
f 838/838/826 806/806/794 835/835/823
f 835/835/823 837/837/825 838/838/826
f 836/836/824 833/833/821 839/839/827
f 838/838/826 840/840/828 806/806/794
f 840/840/828 805/805/793 806/806/794
f 839/839/827 841/841/829 836/836/824
f 837/837/825 836/836/824 841/841/829
f 842/842/830 839/839/827 833/833/821
f 832/832/820 842/842/830 833/833/821
f 841/841/829 839/839/827 843/843/831
f 842/842/830 843/843/831 839/839/827
f 843/843/831 844/844/832 841/841/829
f 843/843/831 842/842/830 845/845/833
f 844/844/832 843/843/831 846/846/834
f 845/845/833 846/846/834 843/843/831
f 847/847/835 841/841/829 844/844/832
f 846/846/834 845/845/833 848/848/836
f 841/841/829 847/847/835 849/849/837
f 837/837/825 841/841/829 849/849/837
f 846/846/834 850/850/838 844/844/832
f 844/844/832 850/850/838 847/847/835
f 848/848/836 850/850/838 846/846/834
f 851/851/839 849/849/837 847/847/835
f 847/847/835 850/850/838 851/851/839
f 852/852/840 837/837/825 849/849/837
f 849/849/837 851/851/839 852/852/840
f 853/853/841 850/850/838 848/848/836
f 848/848/836 854/854/842 853/853/841
f 854/854/842 848/848/836 845/845/833
f 855/855/843 850/850/838 853/853/841
f 854/854/842 855/855/843 853/853/841
f 845/845/833 856/856/844 854/854/842
f 856/856/844 845/845/833 842/842/830
f 855/855/843 854/854/842 857/857/845
f 856/856/844 857/857/845 854/854/842
f 858/858/846 850/850/838 855/855/843
f 855/855/843 857/857/845 858/858/846
f 859/859/847 850/850/838 858/858/846
f 851/851/839 850/850/838 859/859/847
f 858/858/846 857/857/845 860/860/848
f 860/860/848 859/859/847 858/858/846
f 861/861/849 851/851/839 859/859/847
f 859/859/847 860/860/848 861/861/849
f 851/851/839 861/861/849 852/852/840
f 857/857/845 862/862/850 860/860/848
f 857/857/845 856/856/844 862/862/850
f 863/863/851 861/861/849 860/860/848
f 860/860/848 862/862/850 863/863/851
f 864/864/852 852/852/840 861/861/849
f 861/861/849 863/863/851 864/864/852
f 865/865/853 862/862/850 856/856/844
f 842/842/830 865/865/853 856/856/844
f 865/865/853 842/842/830 832/832/820
f 866/866/854 863/863/851 862/862/850
f 862/862/850 865/865/853 866/866/854
f 863/863/851 867/867/855 864/864/852
f 867/867/855 863/863/851 868/868/856
f 868/868/856 863/863/851 866/866/854
f 869/869/857 864/864/852 867/867/855
f 867/867/855 868/868/856 869/869/857
f 852/852/840 864/864/852 870/870/858
f 837/837/825 852/852/840 870/870/858
f 871/871/859 864/864/852 869/869/857
f 864/864/852 871/871/859 870/870/858
f 837/837/825 870/870/858 872/872/860
f 872/872/860 838/838/826 837/837/825
f 871/871/859 873/873/861 870/870/858
f 873/873/861 872/872/860 870/870/858
f 873/873/861 871/871/859 874/874/862
f 872/872/860 873/873/861 875/875/863
f 874/874/862 871/871/859 876/876/864
f 877/877/865 873/873/861 874/874/862
f 877/877/865 875/875/863 873/873/861
f 877/877/865 874/874/862 876/876/864
f 878/878/866 872/872/860 875/875/863
f 877/877/865 878/878/866 875/875/863
f 872/872/860 878/878/866 879/879/867
f 838/838/826 872/872/860 879/879/867
f 877/877/865 880/880/868 878/878/866
f 879/879/867 878/878/866 880/880/868
f 881/881/869 838/838/826 879/879/867
f 840/840/828 838/838/826 881/881/869
f 879/879/867 882/882/870 881/881/869
f 840/840/828 881/881/869 882/882/870
f 879/879/867 880/880/868 883/883/871
f 840/840/828 882/882/870 884/884/872
f 884/884/872 805/805/793 840/840/828
f 882/882/870 879/879/867 885/885/873
f 883/883/871 885/885/873 879/879/867
f 882/882/870 886/886/874 884/884/872
f 885/885/873 886/886/874 882/882/870
f 805/805/793 884/884/872 887/887/875
f 884/884/872 886/886/874 888/888/876
f 888/888/876 887/887/875 884/884/872
f 886/886/874 885/885/873 889/889/877
f 805/805/793 887/887/875 890/890/878
f 470/470/458 805/805/793 890/890/878
f 886/886/874 891/891/879 888/888/876
f 889/889/877 891/891/879 886/886/874
f 887/887/875 888/888/876 892/892/880
f 888/888/876 891/891/879 892/892/880
f 893/893/881 890/890/878 887/887/875
f 892/892/880 893/893/881 887/887/875
f 894/894/882 470/470/458 890/890/878
f 894/894/882 890/890/878 893/893/881
f 470/470/458 894/894/882 467/467/455
f 895/895/883 893/893/881 892/892/880
f 892/892/880 891/891/879 895/895/883
f 896/896/884 895/895/883 891/891/879
f 894/894/882 893/893/881 897/897/885
f 897/897/885 893/893/881 895/895/883
f 897/897/885 895/895/883 896/896/884
f 467/467/455 894/894/882 883/883/871
f 468/468/456 467/467/455 883/883/871
f 898/898/886 894/894/882 897/897/885
f 894/894/882 898/898/886 883/883/871
f 896/896/884 898/898/886 897/897/885
f 885/885/873 883/883/871 898/898/886
f 898/898/886 889/889/877 885/885/873
f 883/883/871 880/880/868 468/468/456
f 889/889/877 898/898/886 899/899/887
f 899/899/887 898/898/886 896/896/884
f 899/899/887 891/891/879 889/889/877
f 896/896/884 891/891/879 899/899/887
f 468/468/456 880/880/868 900/900/888
f 877/877/865 900/900/888 880/880/868
f 468/468/456 900/900/888 901/901/889
f 877/877/865 901/901/889 900/900/888
f 901/901/889 902/902/890 468/468/456
f 463/463/451 468/468/456 902/902/890
f 877/877/865 903/903/891 901/901/889
f 463/463/451 902/902/890 904/904/892
f 877/877/865 905/905/893 903/903/891
f 380/380/368 463/463/451 904/904/892
f 877/877/865 876/876/864 905/905/893
f 905/905/893 906/906/894 903/903/891
f 876/876/864 906/906/894 905/905/893
f 903/903/891 907/907/895 901/901/889
f 906/906/894 907/907/895 903/903/891
f 902/902/890 901/901/889 907/907/895
f 906/906/894 876/876/864 908/908/896
f 871/871/859 908/908/896 876/876/864
f 909/909/897 908/908/896 871/871/859
f 871/871/859 869/869/857 909/909/897
f 910/910/898 906/906/894 908/908/896
f 909/909/897 869/869/857 911/911/899
f 911/911/899 869/869/857 868/868/856
f 909/909/897 912/912/900 908/908/896
f 912/912/900 910/910/898 908/908/896
f 913/913/901 909/909/897 911/911/899
f 868/868/856 913/913/901 911/911/899
f 909/909/897 914/914/902 912/912/900
f 913/913/901 914/914/902 909/909/897
f 914/914/902 915/915/903 912/912/900
f 913/913/901 916/916/904 914/914/902
f 915/915/903 917/917/905 912/912/900
f 910/910/898 912/912/900 917/917/905
f 914/914/902 918/918/906 915/915/903
f 916/916/904 918/918/906 914/914/902
f 917/917/905 915/915/903 919/919/907
f 916/916/904 920/920/908 918/918/906
f 915/915/903 918/918/906 921/921/909
f 918/918/906 920/920/908 921/921/909
f 919/919/907 915/915/903 921/921/909
f 920/920/908 916/916/904 922/922/910
f 919/919/907 923/923/911 917/917/905
f 923/923/911 910/910/898 917/917/905
f 922/922/910 924/924/912 920/920/908
f 920/920/908 924/924/912 921/921/909
f 925/925/913 922/922/910 916/916/904
f 916/916/904 913/913/901 925/925/913
f 924/924/912 922/922/910 926/926/914
f 925/925/913 913/913/901 927/927/915
f 913/913/901 868/868/856 927/927/915
f 922/922/910 925/925/913 928/928/916
f 928/928/916 926/926/914 922/922/910
f 927/927/915 929/929/917 925/925/913
f 925/925/913 929/929/917 928/928/916
f 926/926/914 930/930/918 924/924/912
f 924/924/912 930/930/918 921/921/909
f 926/926/914 931/931/919 930/930/918
f 930/930/918 931/931/919 921/921/909
f 928/928/916 932/932/920 926/926/914
f 931/931/919 926/926/914 932/932/920
f 931/931/919 933/933/921 921/921/909
f 932/932/920 933/933/921 931/931/919
f 933/933/921 934/934/922 921/921/909
f 934/934/922 919/919/907 921/921/909
f 923/923/911 919/919/907 934/934/922
f 935/935/923 934/934/922 933/933/921
f 933/933/921 932/932/920 935/935/923
f 934/934/922 935/935/923 923/923/911
f 932/932/920 928/928/916 936/936/924
f 936/936/924 935/935/923 932/932/920
f 929/929/917 936/936/924 928/928/916
f 937/937/925 923/923/911 935/935/923
f 935/935/923 936/936/924 937/937/925
f 923/923/911 937/937/925 938/938/926
f 910/910/898 923/923/911 938/938/926
f 936/936/924 939/939/927 937/937/925
f 939/939/927 938/938/926 937/937/925
f 940/940/928 910/910/898 938/938/926
f 938/938/926 939/939/927 940/940/928
f 910/910/898 940/940/928 941/941/929
f 942/942/930 939/939/927 936/936/924
f 936/936/924 929/929/917 942/942/930
f 943/943/931 940/940/928 939/939/927
f 941/941/929 944/944/932 910/910/898
f 944/944/932 906/906/894 910/910/898
f 906/906/894 944/944/932 907/907/895
f 945/945/933 941/941/929 940/940/928
f 945/945/933 940/940/928 943/943/931
f 944/944/932 941/941/929 946/946/934
f 945/945/933 946/946/934 941/941/929
f 947/947/935 907/907/895 944/944/932
f 948/948/936 944/944/932 946/946/934
f 944/944/932 948/948/936 947/947/935
f 949/949/937 907/907/895 947/947/935
f 948/948/936 949/949/937 947/947/935
f 907/907/895 949/949/937 950/950/938
f 950/950/938 902/902/890 907/907/895
f 949/949/937 948/948/936 951/951/939
f 902/902/890 950/950/938 952/952/940
f 952/952/940 904/904/892 902/902/890
f 953/953/941 950/950/938 949/949/937
f 951/951/939 953/953/941 949/949/937
f 954/954/942 952/952/940 950/950/938
f 950/950/938 953/953/941 954/954/942
f 952/952/940 954/954/942 955/955/943
f 954/954/942 953/953/941 956/956/944
f 955/955/943 954/954/942 956/956/944
f 957/957/945 952/952/940 955/955/943
f 957/957/945 955/955/943 956/956/944
f 957/957/945 958/958/946 952/952/940
f 904/904/892 952/952/940 958/958/946
f 957/957/945 956/956/944 959/959/947
f 959/959/947 958/958/946 957/957/945
f 953/953/941 960/960/948 956/956/944
f 951/951/939 960/960/948 953/953/941
f 961/961/949 959/959/947 956/956/944
f 960/960/948 961/961/949 956/956/944
f 958/958/946 959/959/947 962/962/950
f 962/962/950 959/959/947 961/961/949
f 962/962/950 904/904/892 958/958/946
f 963/963/951 961/961/949 960/960/948
f 961/961/949 963/963/951 962/962/950
f 960/960/948 951/951/939 963/963/951
f 904/904/892 962/962/950 964/964/952
f 962/962/950 963/963/951 964/964/952
f 380/380/368 904/904/892 964/964/952
f 965/965/953 963/963/951 951/951/939
f 963/963/951 965/965/953 964/964/952
f 380/380/368 964/964/952 965/965/953
f 951/951/939 948/948/936 965/965/953
f 948/948/936 946/946/934 965/965/953
f 381/381/369 380/380/368 965/965/953
f 946/946/934 966/966/954 965/965/953
f 381/381/369 965/965/953 966/966/954
f 946/946/934 945/945/933 966/966/954
f 967/967/955 381/381/369 966/966/954
f 966/966/954 945/945/933 968/968/956
f 381/381/369 967/967/955 969/969/957
f 969/969/957 379/379/367 381/381/369
f 966/966/954 970/970/958 967/967/955
f 970/970/958 966/966/954 968/968/956
f 971/971/959 969/969/957 967/967/955
f 972/972/960 967/967/955 970/970/958
f 967/967/955 972/972/960 971/971/959
f 969/969/957 971/971/959 973/973/961
f 973/973/961 971/971/959 974/974/962
f 971/971/959 972/972/960 974/974/962
f 973/973/961 974/974/962 975/975/963
f 976/976/964 972/972/960 970/970/958
f 972/972/960 977/977/965 974/974/962
f 972/972/960 976/976/964 977/977/965
f 970/970/958 978/978/966 976/976/964
f 968/968/956 978/978/966 970/970/958
f 979/979/967 977/977/965 976/976/964
f 978/978/966 979/979/967 976/976/964
f 977/977/965 980/980/968 974/974/962
f 979/979/967 980/980/968 977/977/965
f 980/980/968 981/981/969 974/974/962
f 981/981/969 975/975/963 974/974/962
f 982/982/970 981/981/969 980/980/968
f 982/982/970 975/975/963 981/981/969
f 980/980/968 979/979/967 982/982/970
f 975/975/963 982/982/970 983/983/971
f 983/983/971 973/973/961 975/975/963
f 973/973/961 983/983/971 969/969/957
f 379/379/367 969/969/957 983/983/971
f 984/984/972 983/983/971 982/982/970
f 983/983/971 984/984/972 379/379/367
f 982/982/970 979/979/967 984/984/972
f 984/984/972 985/985/973 379/379/367
f 379/379/367 985/985/973 324/324/312
f 979/979/967 986/986/974 984/984/972
f 984/984/972 986/986/974 985/985/973
f 979/979/967 978/978/966 986/986/974
f 324/324/312 985/985/973 987/987/975
f 321/321/309 324/324/312 987/987/975
f 988/988/976 986/986/974 978/978/966
f 968/968/956 988/988/976 978/978/966
f 988/988/976 968/968/956 945/945/933
f 989/989/977 321/321/309 987/987/975
f 990/990/978 988/988/976 945/945/933
f 943/943/931 990/990/978 945/945/933
f 321/321/309 989/989/977 991/991/979
f 320/320/308 321/321/309 991/991/979
f 990/990/978 943/943/931 992/992/980
f 993/993/981 320/320/308 991/991/979
f 992/992/980 943/943/931 994/994/982
f 939/939/927 994/994/982 943/943/931
f 994/994/982 939/939/927 942/942/930
f 320/320/308 993/993/981 995/995/983
f 995/995/983 318/318/306 320/320/308
f 993/993/981 991/991/979 996/996/984
f 318/318/306 995/995/983 997/997/985
f 995/995/983 993/993/981 998/998/986
f 993/993/981 996/996/984 998/998/986
f 997/997/985 995/995/983 998/998/986
f 991/991/979 999/999/987 996/996/984
f 996/996/984 999/999/987 998/998/986
f 999/999/987 991/991/979 989/989/977
f 997/997/985 1000/1000/988 318/318/306
f 318/318/306 1000/1000/988 316/316/304
f 1001/1001/989 999/999/987 989/989/977
f 987/987/975 1001/1001/989 989/989/977
f 999/999/987 1001/1001/989 1002/1002/990
f 999/999/987 1002/1002/990 998/998/986
f 1001/1001/989 987/987/975 1003/1003/991
f 987/987/975 985/985/973 1003/1003/991
f 1001/1001/989 1004/1004/992 1002/1002/990
f 1002/1002/990 1004/1004/992 998/998/986
f 1003/1003/991 1005/1005/993 1001/1001/989
f 1004/1004/992 1001/1001/989 1005/1005/993
f 985/985/973 1006/1006/994 1003/1003/991
f 1005/1005/993 1003/1003/991 1006/1006/994
f 1004/1004/992 1007/1007/995 998/998/986
f 1005/1005/993 1007/1007/995 1004/1004/992
f 1007/1007/995 1008/1008/996 998/998/986
f 997/997/985 998/998/986 1008/1008/996
f 1008/1008/996 1000/1000/988 997/997/985
f 1007/1007/995 1005/1005/993 1009/1009/997
f 1009/1009/997 1008/1008/996 1007/1007/995
f 1006/1006/994 1009/1009/997 1005/1005/993
f 1008/1008/996 1009/1009/997 1010/1010/998
f 1000/1000/988 1008/1008/996 1010/1010/998
f 1009/1009/997 1006/1006/994 1011/1011/999
f 1011/1011/999 1010/1010/998 1009/1009/997
f 1006/1006/994 985/985/973 1012/1012/1000
f 1012/1012/1000 1011/1011/999 1006/1006/994
f 986/986/974 1012/1012/1000 985/985/973
f 1010/1010/998 1011/1011/999 1013/1013/1001
f 1013/1013/1001 1000/1000/988 1010/1010/998
f 1014/1014/1002 1012/1012/1000 986/986/974
f 986/986/974 988/988/976 1014/1014/1002
f 1011/1011/999 1012/1012/1000 1015/1015/1003
f 1011/1011/999 1015/1015/1003 1013/1013/1001
f 1016/1016/1004 1012/1012/1000 1014/1014/1002
f 1015/1015/1003 1012/1012/1000 1016/1016/1004
f 1017/1017/1005 1014/1014/1002 988/988/976
f 1017/1017/1005 1016/1016/1004 1014/1014/1002
f 1018/1018/1006 1017/1017/1005 988/988/976
f 988/988/976 990/990/978 1018/1018/1006
f 1019/1019/1007 1018/1018/1006 990/990/978
f 992/992/980 1019/1019/1007 990/990/978
f 1020/1020/1008 1017/1017/1005 1018/1018/1006
f 1018/1018/1006 1019/1019/1007 1020/1020/1008
f 1017/1017/1005 1020/1020/1008 1021/1021/1009
f 1019/1019/1007 992/992/980 1022/1022/1010
f 1020/1020/1008 1019/1019/1007 1023/1023/1011
f 1019/1019/1007 1022/1022/1010 1023/1023/1011
f 1021/1021/1009 1020/1020/1008 1023/1023/1011
f 1022/1022/1010 992/992/980 1024/1024/1012
f 994/994/982 1024/1024/1012 992/992/980
f 1021/1021/1009 1025/1025/1013 1017/1017/1005
f 1016/1016/1004 1017/1017/1005 1025/1025/1013
f 1025/1025/1013 1021/1021/1009 1026/1026/1014
f 1026/1026/1014 1021/1021/1009 1023/1023/1011
f 1025/1025/1013 1027/1027/1015 1016/1016/1004
f 1026/1026/1014 1028/1028/1016 1025/1025/1013
f 1027/1027/1015 1025/1025/1013 1028/1028/1016
f 1028/1028/1016 1026/1026/1014 1029/1029/1017
f 1029/1029/1017 1026/1026/1014 1023/1023/1011
f 1028/1028/1016 1030/1030/1018 1027/1027/1015
f 1029/1029/1017 1031/1031/1019 1028/1028/1016
f 1030/1030/1018 1028/1028/1016 1031/1031/1019
f 1032/1032/1020 1029/1029/1017 1023/1023/1011
f 1031/1031/1019 1029/1029/1017 1032/1032/1020
f 1033/1033/1021 1032/1032/1020 1023/1023/1011
f 1033/1033/1021 1031/1031/1019 1032/1032/1020
f 1034/1034/1022 1033/1033/1021 1023/1023/1011
f 1022/1022/1010 1034/1034/1022 1023/1023/1011
f 1024/1024/1012 1034/1034/1022 1022/1022/1010
f 1031/1031/1019 1033/1033/1021 1035/1035/1023
f 1035/1035/1023 1033/1033/1021 1034/1034/1022
f 1035/1035/1023 1034/1034/1022 1024/1024/1012
f 1035/1035/1023 1030/1030/1018 1031/1031/1019
f 1024/1024/1012 1036/1036/1024 1035/1035/1023
f 1030/1030/1018 1035/1035/1023 1036/1036/1024
f 1036/1036/1024 1024/1024/1012 994/994/982
f 994/994/982 942/942/930 1036/1036/1024
f 1036/1036/1024 1037/1037/1025 1030/1030/1018
f 1037/1037/1025 1027/1027/1015 1030/1030/1018
f 942/942/930 1038/1038/1026 1036/1036/1024
f 1036/1036/1024 1038/1038/1026 1037/1037/1025
f 1027/1027/1015 1037/1037/1025 1039/1039/1027
f 1039/1039/1027 1016/1016/1004 1027/1027/1015
f 1016/1016/1004 1039/1039/1027 1015/1015/1003
f 1037/1037/1025 1038/1038/1026 1040/1040/1028
f 1041/1041/1029 1039/1039/1027 1037/1037/1025
f 1037/1037/1025 1040/1040/1028 1041/1041/1029
f 1042/1042/1030 1015/1015/1003 1039/1039/1027
f 1043/1043/1031 1039/1039/1027 1041/1041/1029
f 1044/1044/1032 1015/1015/1003 1042/1042/1030
f 1015/1015/1003 1044/1044/1032 1013/1013/1001
f 1039/1039/1027 1045/1045/1033 1042/1042/1030
f 1045/1045/1033 1039/1039/1027 1043/1043/1031
f 1046/1046/1034 1043/1043/1031 1041/1041/1029
f 1040/1040/1028 1046/1046/1034 1041/1041/1029
f 1043/1043/1031 1047/1047/1035 1045/1045/1033
f 1048/1048/1036 1043/1043/1031 1046/1046/1034
f 1047/1047/1035 1043/1043/1031 1048/1048/1036
f 1046/1046/1034 1040/1040/1028 1049/1049/1037
f 1050/1050/1038 1045/1045/1033 1047/1047/1035
f 1051/1051/1039 1048/1048/1036 1046/1046/1034
f 1049/1049/1037 1051/1051/1039 1046/1046/1034
f 1048/1048/1036 1052/1052/1040 1047/1047/1035
f 1047/1047/1035 1052/1052/1040 1050/1050/1038
f 1053/1053/1041 1048/1048/1036 1051/1051/1039
f 1052/1052/1040 1048/1048/1036 1053/1053/1041
f 1051/1051/1039 1054/1054/1042 1053/1053/1041
f 1053/1053/1041 1054/1054/1042 1052/1052/1040
f 1051/1051/1039 1049/1049/1037 1055/1055/1043
f 1055/1055/1043 1054/1054/1042 1051/1051/1039
f 1056/1056/1044 1055/1055/1043 1049/1049/1037
f 1057/1057/1045 1054/1054/1042 1055/1055/1043
f 1055/1055/1043 1056/1056/1044 1057/1057/1045
f 1052/1052/1040 1054/1054/1042 1058/1058/1046
f 1052/1052/1040 1058/1058/1046 1050/1050/1038
f 1059/1059/1047 1054/1054/1042 1057/1057/1045
f 1056/1056/1044 1059/1059/1047 1057/1057/1045
f 1058/1058/1046 1054/1054/1042 1060/1060/1048
f 1061/1061/1049 1054/1054/1042 1059/1059/1047
f 1060/1060/1048 1054/1054/1042 1061/1061/1049
f 1062/1062/1050 1058/1058/1046 1060/1060/1048
f 1061/1061/1049 1062/1062/1050 1060/1060/1048
f 1062/1062/1050 1050/1050/1038 1058/1058/1046
f 1059/1059/1047 1063/1063/1051 1061/1061/1049
f 1062/1062/1050 1061/1061/1049 1063/1063/1051
f 1064/1064/1052 1059/1059/1047 1056/1056/1044
f 1063/1063/1051 1059/1059/1047 1064/1064/1052
f 1065/1065/1053 1050/1050/1038 1062/1062/1050
f 1063/1063/1051 1065/1065/1053 1062/1062/1050
f 1066/1066/1054 1064/1064/1052 1056/1056/1044
f 1049/1049/1037 1066/1066/1054 1056/1056/1044
f 1066/1066/1054 1049/1049/1037 1040/1040/1028
f 1067/1067/1055 1063/1063/1051 1064/1064/1052
f 1066/1066/1054 1067/1067/1055 1064/1064/1052
f 1068/1068/1056 1063/1063/1051 1067/1067/1055
f 1065/1065/1053 1063/1063/1051 1068/1068/1056
f 1040/1040/1028 1069/1069/1057 1066/1066/1054
f 1069/1069/1057 1040/1040/1028 1038/1038/1026
f 1066/1066/1054 1070/1070/1058 1067/1067/1055
f 1071/1071/1059 1069/1069/1057 1038/1038/1026
f 942/942/930 1071/1071/1059 1038/1038/1026
f 1066/1066/1054 1069/1069/1057 1072/1072/1060
f 1070/1070/1058 1066/1066/1054 1072/1072/1060
f 942/942/930 1073/1073/1061 1071/1071/1059
f 1073/1073/1061 942/942/930 929/929/917
f 1069/1069/1057 1071/1071/1059 1074/1074/1062
f 1075/1075/1063 1073/1073/1061 929/929/917
f 1076/1076/1064 1069/1069/1057 1074/1074/1062
f 1069/1069/1057 1076/1076/1064 1072/1072/1060
f 1071/1071/1059 1077/1077/1065 1074/1074/1062
f 1073/1073/1061 1078/1078/1066 1071/1071/1059
f 1077/1077/1065 1071/1071/1059 1078/1078/1066
f 1073/1073/1061 1079/1079/1067 1078/1078/1066
f 1079/1079/1067 1073/1073/1061 1075/1075/1063
f 1080/1080/1068 1074/1074/1062 1077/1077/1065
f 1074/1074/1062 1080/1080/1068 1076/1076/1064
f 1077/1077/1065 1078/1078/1066 1081/1081/1069
f 1078/1078/1066 1079/1079/1067 1081/1081/1069
f 1080/1080/1068 1077/1077/1065 1081/1081/1069
f 1075/1075/1063 1082/1082/1070 1079/1079/1067
f 1079/1079/1067 1082/1082/1070 1081/1081/1069
f 929/929/917 1083/1083/1071 1075/1075/1063
f 1082/1082/1070 1075/1075/1063 1083/1083/1071
f 1083/1083/1071 929/929/917 927/927/915
f 1082/1082/1070 1083/1083/1071 1084/1084/1072
f 1082/1082/1070 1084/1084/1072 1081/1081/1069
f 1085/1085/1073 1083/1083/1071 927/927/915
f 868/868/856 1085/1085/1073 927/927/915
f 1086/1086/1074 1084/1084/1072 1083/1083/1071
f 1083/1083/1071 1085/1085/1073 1086/1086/1074
f 1084/1084/1072 1087/1087/1075 1081/1081/1069
f 1084/1084/1072 1086/1086/1074 1087/1087/1075
f 1087/1087/1075 1088/1088/1076 1081/1081/1069
f 1086/1086/1074 1088/1088/1076 1087/1087/1075
f 1088/1088/1076 1089/1089/1077 1081/1081/1069
f 1088/1088/1076 1086/1086/1074 1090/1090/1078
f 1090/1090/1078 1089/1089/1077 1088/1088/1076
f 1091/1091/1079 1086/1086/1074 1085/1085/1073
f 1086/1086/1074 1091/1091/1079 1090/1090/1078
f 1085/1085/1073 868/868/856 1091/1091/1079
f 1089/1089/1077 1090/1090/1078 1092/1092/1080
f 1091/1091/1079 1092/1092/1080 1090/1090/1078
f 1089/1089/1077 1093/1093/1081 1081/1081/1069
f 1092/1092/1080 1093/1093/1081 1089/1089/1077
f 1093/1093/1081 1080/1080/1068 1081/1081/1069
f 1094/1094/1082 1080/1080/1068 1093/1093/1081
f 1093/1093/1081 1092/1092/1080 1094/1094/1082
f 1080/1080/1068 1094/1094/1082 1076/1076/1064
f 1095/1095/1083 1094/1094/1082 1092/1092/1080
f 1092/1092/1080 1091/1091/1079 1095/1095/1083
f 1096/1096/1084 1076/1076/1064 1094/1094/1082
f 1094/1094/1082 1095/1095/1083 1096/1096/1084
f 1076/1076/1064 1096/1096/1084 1072/1072/1060
f 1097/1097/1085 1072/1072/1060 1096/1096/1084
f 1072/1072/1060 1097/1097/1085 1070/1070/1058
f 1098/1098/1086 1096/1096/1084 1095/1095/1083
f 1099/1099/1087 1097/1097/1085 1096/1096/1084
f 1096/1096/1084 1098/1098/1086 1099/1099/1087
f 1097/1097/1085 1100/1100/1088 1070/1070/1058
f 1101/1101/1089 1099/1099/1087 1098/1098/1086
f 1097/1097/1085 1099/1099/1087 1102/1102/1090
f 1100/1100/1088 1097/1097/1085 1103/1103/1091
f 1102/1102/1090 1103/1103/1091 1097/1097/1085
f 1099/1099/1087 1101/1101/1089 1104/1104/1092
f 1104/1104/1092 1102/1102/1090 1099/1099/1087
f 1098/1098/1086 1105/1105/1093 1101/1101/1089
f 1103/1103/1091 1102/1102/1090 1106/1106/1094
f 1105/1105/1093 1098/1098/1086 1107/1107/1095
f 1095/1095/1083 1107/1107/1095 1098/1098/1086
f 1106/1106/1094 1108/1108/1096 1103/1103/1091
f 1107/1107/1095 1095/1095/1083 1109/1109/1097
f 1110/1110/1098 1103/1103/1091 1108/1108/1096
f 1110/1110/1098 1100/1100/1088 1103/1103/1091
f 1095/1095/1083 1111/1111/1099 1109/1109/1097
f 1111/1111/1099 1095/1095/1083 1091/1091/1079
f 1112/1112/1100 1100/1100/1088 1110/1110/1098
f 1113/1113/1101 1109/1109/1097 1111/1111/1099
f 1100/1100/1088 1112/1112/1100 1114/1114/1102
f 1114/1114/1102 1070/1070/1058 1100/1100/1088
f 1109/1109/1097 1113/1113/1101 1115/1115/1103
f 1115/1115/1103 1107/1107/1095 1109/1109/1097
f 1070/1070/1058 1114/1114/1102 1116/1116/1104
f 1067/1067/1055 1070/1070/1058 1116/1116/1104
f 1068/1068/1056 1067/1067/1055 1116/1116/1104
f 1107/1107/1095 1115/1115/1103 1117/1117/1105
f 1118/1118/1106 1068/1068/1056 1116/1116/1104
f 1119/1119/1107 1107/1107/1095 1117/1117/1105
f 1107/1107/1095 1119/1119/1107 1105/1105/1093
f 1120/1120/1108 1117/1117/1105 1115/1115/1103
f 1120/1120/1108 1119/1119/1107 1117/1117/1105
f 1120/1120/1108 1115/1115/1103 1113/1113/1101
f 1121/1121/1109 1105/1105/1093 1119/1119/1107
f 1120/1120/1108 1121/1121/1109 1119/1119/1107
f 1105/1105/1093 1121/1121/1109 1122/1122/1110
f 1120/1120/1108 1113/1113/1101 1123/1123/1111
f 1111/1111/1099 1123/1123/1111 1113/1113/1101
f 1105/1105/1093 1122/1122/1110 1124/1124/1112
f 1124/1124/1112 1101/1101/1089 1105/1105/1093
f 1123/1123/1111 1111/1111/1099 1125/1125/1113
f 1091/1091/1079 1125/1125/1113 1111/1111/1099
f 1125/1125/1113 1091/1091/1079 1126/1126/1114
f 868/868/856 1126/1126/1114 1091/1091/1079
f 1127/1127/1115 1123/1123/1111 1125/1125/1113
f 1125/1125/1113 1126/1126/1114 1128/1128/1116
f 868/868/856 1128/1128/1116 1126/1126/1114
f 1125/1125/1113 1128/1128/1116 1127/1127/1115
f 1123/1123/1111 1127/1127/1115 1129/1129/1117
f 1120/1120/1108 1123/1123/1111 1129/1129/1117
f 1129/1129/1117 1127/1127/1115 1130/1130/1118
f 1120/1120/1108 1129/1129/1117 1131/1131/1119
f 1130/1130/1118 1131/1131/1119 1129/1129/1117
f 1120/1120/1108 1131/1131/1119 1132/1132/1120
f 1133/1133/1121 1130/1130/1118 1127/1127/1115
f 1128/1128/1116 1133/1133/1121 1127/1127/1115
f 1131/1131/1119 1130/1130/1118 1134/1134/1122
f 1134/1134/1122 1132/1132/1120 1131/1131/1119
f 1133/1133/1121 1134/1134/1122 1130/1130/1118
f 1120/1120/1108 1132/1132/1120 1135/1135/1123
f 1134/1134/1122 1135/1135/1123 1132/1132/1120
f 1120/1120/1108 1135/1135/1123 1121/1121/1109
f 1136/1136/1124 1121/1121/1109 1135/1135/1123
f 1135/1135/1123 1134/1134/1122 1136/1136/1124
f 1121/1121/1109 1136/1136/1124 1122/1122/1110
f 1136/1136/1124 1124/1124/1112 1122/1122/1110
f 1137/1137/1125 1136/1136/1124 1134/1134/1122
f 1134/1134/1122 1133/1133/1121 1137/1137/1125
f 1124/1124/1112 1136/1136/1124 1138/1138/1126
f 1136/1136/1124 1137/1137/1125 1138/1138/1126
f 1139/1139/1127 1124/1124/1112 1138/1138/1126
f 1140/1140/1128 1138/1138/1126 1137/1137/1125
f 1124/1124/1112 1139/1139/1127 1141/1141/1129
f 1137/1137/1125 1142/1142/1130 1140/1140/1128
f 1142/1142/1130 1137/1137/1125 1133/1133/1121
f 1143/1143/1131 1124/1124/1112 1141/1141/1129
f 1124/1124/1112 1143/1143/1131 1101/1101/1089
f 1143/1143/1131 1104/1104/1092 1101/1101/1089
f 1144/1144/1132 1143/1143/1131 1141/1141/1129
f 1144/1144/1132 1141/1141/1129 1139/1139/1127
f 1145/1145/1133 1104/1104/1092 1143/1143/1131
f 1144/1144/1132 1145/1145/1133 1143/1143/1131
f 1146/1146/1134 1104/1104/1092 1145/1145/1133
f 1144/1144/1132 1146/1146/1134 1145/1145/1133
f 1147/1147/1135 1139/1139/1127 1138/1138/1126
f 1138/1138/1126 1140/1140/1128 1147/1147/1135
f 1144/1144/1132 1139/1139/1127 1148/1148/1136
f 1139/1139/1127 1147/1147/1135 1148/1148/1136
f 1144/1144/1132 1148/1148/1136 1149/1149/1137
f 1147/1147/1135 1149/1149/1137 1148/1148/1136
f 1144/1144/1132 1150/1150/1138 1146/1146/1134
f 1144/1144/1132 1149/1149/1137 1151/1151/1139
f 1150/1150/1138 1152/1152/1140 1146/1146/1134
f 1104/1104/1092 1146/1146/1134 1152/1152/1140
f 1144/1144/1132 1153/1153/1141 1150/1150/1138
f 1144/1144/1132 1151/1151/1139 1153/1153/1141
f 1153/1153/1141 1154/1154/1142 1150/1150/1138
f 1152/1152/1140 1150/1150/1138 1154/1154/1142
f 1155/1155/1143 1151/1151/1139 1149/1149/1137
f 1149/1149/1137 1147/1147/1135 1155/1155/1143
f 1156/1156/1144 1153/1153/1141 1151/1151/1139
f 1151/1151/1139 1155/1155/1143 1156/1156/1144
f 1154/1154/1142 1153/1153/1141 1157/1157/1145
f 1153/1153/1141 1156/1156/1144 1157/1157/1145
f 1158/1158/1146 1152/1152/1140 1154/1154/1142
f 1159/1159/1147 1156/1156/1144 1155/1155/1143
f 1158/1158/1146 1160/1160/1148 1152/1152/1140
f 1161/1161/1149 1156/1156/1144 1159/1159/1147
f 1160/1160/1148 1162/1162/1150 1152/1152/1140
f 1162/1162/1150 1104/1104/1092 1152/1152/1140
f 1156/1156/1144 1161/1161/1149 1163/1163/1151
f 1156/1156/1144 1163/1163/1151 1157/1157/1145
f 1164/1164/1152 1104/1104/1092 1162/1162/1150
f 1104/1104/1092 1164/1164/1152 1165/1165/1153
f 1102/1102/1090 1104/1104/1092 1165/1165/1153
f 1162/1162/1150 1166/1166/1154 1164/1164/1152
f 1166/1166/1154 1162/1162/1150 1160/1160/1148
f 1167/1167/1155 1102/1102/1090 1165/1165/1153
f 1102/1102/1090 1167/1167/1155 1106/1106/1094
f 1165/1165/1153 1164/1164/1152 1168/1168/1156
f 1165/1165/1153 1168/1168/1156 1167/1167/1155
f 1166/1166/1154 1168/1168/1156 1164/1164/1152
f 1167/1167/1155 1169/1169/1157 1106/1106/1094
f 1168/1168/1156 1169/1169/1157 1167/1167/1155
f 1170/1170/1158 1106/1106/1094 1169/1169/1157
f 1108/1108/1096 1106/1106/1094 1170/1170/1158
f 1169/1169/1157 1168/1168/1156 1171/1171/1159
f 1170/1170/1158 1172/1172/1160 1108/1108/1096
f 1169/1169/1157 1172/1172/1160 1170/1170/1158
f 1171/1171/1159 1172/1172/1160 1169/1169/1157
f 1108/1108/1096 1172/1172/1160 1110/1110/1098
f 1110/1110/1098 1172/1172/1160 1112/1112/1100
f 1173/1173/1161 1171/1171/1159 1168/1168/1156
f 1168/1168/1156 1166/1166/1154 1173/1173/1161
f 1174/1174/1162 1172/1172/1160 1171/1171/1159
f 1171/1171/1159 1173/1173/1161 1174/1174/1162
f 1175/1175/1163 1172/1172/1160 1174/1174/1162
f 1173/1173/1161 1175/1175/1163 1174/1174/1162
f 1112/1112/1100 1172/1172/1160 1176/1176/1164
f 1176/1176/1164 1172/1172/1160 1175/1175/1163
f 1175/1175/1163 1173/1173/1161 1177/1177/1165
f 1177/1177/1165 1176/1176/1164 1175/1175/1163
f 1166/1166/1154 1177/1177/1165 1173/1173/1161
f 1178/1178/1166 1112/1112/1100 1176/1176/1164
f 1176/1176/1164 1177/1177/1165 1178/1178/1166
f 1112/1112/1100 1178/1178/1166 1114/1114/1102
f 1178/1178/1166 1179/1179/1167 1114/1114/1102
f 1177/1177/1165 1179/1179/1167 1178/1178/1166
f 1114/1114/1102 1179/1179/1167 1116/1116/1104
f 1116/1116/1104 1179/1179/1167 1118/1118/1106
f 1179/1179/1167 1177/1177/1165 1180/1180/1168
f 1179/1179/1167 1180/1180/1168 1118/1118/1106
f 1166/1166/1154 1180/1180/1168 1177/1177/1165
f 1180/1180/1168 1181/1181/1169 1118/1118/1106
f 1182/1182/1170 1180/1180/1168 1166/1166/1154
f 1183/1183/1171 1118/1118/1106 1181/1181/1169
f 1184/1184/1172 1182/1182/1170 1166/1166/1154
f 1185/1185/1173 1118/1118/1106 1183/1183/1171
f 1185/1185/1173 1068/1068/1056 1118/1118/1106
f 1068/1068/1056 1185/1185/1173 1065/1065/1053
f 1166/1166/1154 1186/1186/1174 1184/1184/1172
f 1186/1186/1174 1166/1166/1154 1160/1160/1148
f 1160/1160/1148 1158/1158/1146 1186/1186/1174
f 1184/1184/1172 1186/1186/1174 1187/1187/1175
f 1186/1186/1174 1158/1158/1146 1187/1187/1175
f 1182/1182/1170 1184/1184/1172 1188/1188/1176
f 1188/1188/1176 1184/1184/1172 1187/1187/1175
f 1188/1188/1176 1189/1189/1177 1182/1182/1170
f 1158/1158/1146 1190/1190/1178 1187/1187/1175
f 1158/1158/1146 1154/1154/1142 1190/1190/1178
f 1191/1191/1179 1188/1188/1176 1187/1187/1175
f 1189/1189/1177 1188/1188/1176 1191/1191/1179
f 1154/1154/1142 1192/1192/1180 1190/1190/1178
f 1154/1154/1142 1157/1157/1145 1192/1192/1180
f 1190/1190/1178 1193/1193/1181 1187/1187/1175
f 1190/1190/1178 1192/1192/1180 1193/1193/1181
f 1194/1194/1182 1191/1191/1179 1187/1187/1175
f 1193/1193/1181 1195/1195/1183 1187/1187/1175
f 1196/1196/1184 1191/1191/1179 1194/1194/1182
f 1191/1191/1179 1196/1196/1184 1189/1189/1177
f 1197/1197/1185 1194/1194/1182 1187/1187/1175
f 1195/1195/1183 1197/1197/1185 1187/1187/1175
f 1198/1198/1186 1194/1194/1182 1197/1197/1185
f 1198/1198/1186 1197/1197/1185 1195/1195/1183
f 1194/1194/1182 1198/1198/1186 1196/1196/1184
f 1199/1199/1187 1195/1195/1183 1193/1193/1181
f 1195/1195/1183 1199/1199/1187 1198/1198/1186
f 1193/1193/1181 1192/1192/1180 1199/1199/1187
f 280/280/268 1198/1198/1186 1199/1199/1187
f 1192/1192/1180 280/280/268 1199/1199/1187
f 1198/1198/1186 280/280/268 276/276/264
f 282/282/270 1198/1198/1186 276/276/264
f 282/282/270 1196/1196/1184 1198/1198/1186
f 280/280/268 1192/1192/1180 1200/1200/1188
f 1196/1196/1184 282/282/270 1201/1201/1189
f 1201/1201/1189 1189/1189/1177 1196/1196/1184
f 280/280/268 1200/1200/1188 279/279/267
f 1189/1189/1177 1201/1201/1189 1202/1202/1190
f 1202/1202/1190 1182/1182/1170 1189/1189/1177
f 1182/1182/1170 1202/1202/1190 1180/1180/1168
f 1203/1203/1191 1201/1201/1189 282/282/270
f 285/285/273 1203/1203/1191 282/282/270
f 1202/1202/1190 1201/1201/1189 1204/1204/1192
f 1201/1201/1189 1203/1203/1191 1204/1204/1192
f 1205/1205/1193 1180/1180/1168 1202/1202/1190
f 1181/1181/1169 1180/1180/1168 1205/1205/1193
f 1206/1206/1194 1202/1202/1190 1204/1204/1192
f 1203/1203/1191 1206/1206/1194 1204/1204/1192
f 1207/1207/1195 1205/1205/1193 1202/1202/1190
f 1207/1207/1195 1181/1181/1169 1205/1205/1193
f 1202/1202/1190 1206/1206/1194 1208/1208/1196
f 1207/1207/1195 1202/1202/1190 1208/1208/1196
f 1181/1181/1169 1207/1207/1195 1209/1209/1197
f 1207/1207/1195 1208/1208/1196 1210/1210/1198
f 1209/1209/1197 1207/1207/1195 1210/1210/1198
f 1208/1208/1196 1206/1206/1194 1210/1210/1198
f 1211/1211/1199 1181/1181/1169 1209/1209/1197
f 1211/1211/1199 1209/1209/1197 1210/1210/1198
f 1181/1181/1169 1211/1211/1199 1183/1183/1171
f 1206/1206/1194 1212/1212/1200 1210/1210/1198
f 1206/1206/1194 1203/1203/1191 1212/1212/1200
f 1213/1213/1201 1183/1183/1171 1211/1211/1199
f 1213/1213/1201 1211/1211/1199 1210/1210/1198
f 1203/1203/1191 1214/1214/1202 1212/1212/1200
f 1212/1212/1200 1214/1214/1202 1210/1210/1198
f 1214/1214/1202 1203/1203/1191 1215/1215/1203
f 1203/1203/1191 285/285/273 1215/1215/1203
f 285/285/273 294/294/282 1215/1215/1203
f 1215/1215/1203 1216/1216/1204 1214/1214/1202
f 1214/1214/1202 1216/1216/1204 1210/1210/1198
f 1216/1216/1204 1215/1215/1203 294/294/282
f 1216/1216/1204 1217/1217/1205 1210/1210/1198
f 294/294/282 1217/1217/1205 1216/1216/1204
f 1217/1217/1205 1213/1213/1201 1210/1210/1198
f 1217/1217/1205 294/294/282 1218/1218/1206
f 294/294/282 295/295/283 1218/1218/1206
f 1217/1217/1205 1219/1219/1207 1213/1213/1201
f 1219/1219/1207 1183/1183/1171 1213/1213/1201
f 1217/1217/1205 1218/1218/1206 1219/1219/1207
f 1219/1219/1207 1185/1185/1173 1183/1183/1171
f 1220/1220/1208 1218/1218/1206 295/295/283
f 1220/1220/1208 295/295/283 298/298/286
f 1218/1218/1206 1221/1221/1209 1219/1219/1207
f 1219/1219/1207 1221/1221/1209 1185/1185/1173
f 1218/1218/1206 1220/1220/1208 1222/1222/1210
f 1222/1222/1210 1221/1221/1209 1218/1218/1206
f 1223/1223/1211 1220/1220/1208 298/298/286
f 1223/1223/1211 1222/1222/1210 1220/1220/1208
f 1221/1221/1209 1224/1224/1212 1185/1185/1173
f 1224/1224/1212 1065/1065/1053 1185/1185/1173
f 1221/1221/1209 1222/1222/1210 1225/1225/1213
f 1225/1225/1213 1224/1224/1212 1221/1221/1209
f 1222/1222/1210 1223/1223/1211 1226/1226/1214
f 1226/1226/1214 1225/1225/1213 1222/1222/1210
f 1065/1065/1053 1224/1224/1212 1227/1227/1215
f 1065/1065/1053 1227/1227/1215 1050/1050/1038
f 1045/1045/1033 1050/1050/1038 1227/1227/1215
f 1227/1227/1215 1042/1042/1030 1045/1045/1033
f 1227/1227/1215 1224/1224/1212 1228/1228/1216
f 1042/1042/1030 1227/1227/1215 1228/1228/1216
f 1228/1228/1216 1224/1224/1212 1225/1225/1213
f 1225/1225/1213 1042/1042/1030 1228/1228/1216
f 1042/1042/1030 1225/1225/1213 1044/1044/1032
f 1229/1229/1217 1044/1044/1032 1225/1225/1213
f 1225/1225/1213 1226/1226/1214 1229/1229/1217
f 1044/1044/1032 1229/1229/1217 1230/1230/1218
f 1230/1230/1218 1013/1013/1001 1044/1044/1032
f 1229/1229/1217 1226/1226/1214 1231/1231/1219
f 1230/1230/1218 1229/1229/1217 1231/1231/1219
f 1226/1226/1214 1223/1223/1211 1231/1231/1219
f 1013/1013/1001 1230/1230/1218 1232/1232/1220
f 1232/1232/1220 1230/1230/1218 1231/1231/1219
f 1232/1232/1220 1233/1233/1221 1013/1013/1001
f 1000/1000/988 1013/1013/1001 1233/1233/1221
f 1000/1000/988 1233/1233/1221 316/316/304
f 1233/1233/1221 314/314/302 316/316/304
f 1233/1233/1221 1232/1232/1220 1234/1234/1222
f 1234/1234/1222 1232/1232/1220 1231/1231/1219
f 1235/1235/1223 1233/1233/1221 1234/1234/1222
f 1235/1235/1223 1234/1234/1222 1231/1231/1219
f 1235/1235/1223 314/314/302 1233/1233/1221
f 1236/1236/1224 1235/1235/1223 1231/1231/1219
f 1236/1236/1224 314/314/302 1235/1235/1223
f 1223/1223/1211 1236/1236/1224 1231/1231/1219
f 298/298/286 314/314/302 1236/1236/1224
f 1223/1223/1211 298/298/286 1236/1236/1224
f 506/506/494 508/508/496 515/515/503
f 519/519/507 515/515/503 517/517/505
f 522/522/510 519/519/507 520/520/508
f 574/574/562 557/557/545 576/576/564
f 576/576/564 579/579/567 580/580/568
f 560/560/548 568/568/556 564/564/552
f 566/566/554 568/568/556 565/565/553
f 766/766/754 1612/1612/1225 817/817/805
f 1612/1612/1225 766/766/754 759/759/747
f 830/830/818 817/817/805 1612/1612/1225
f 1613/1613/1226 1612/1612/1225 759/759/747
f 1614/1614/1227 830/830/818 1612/1612/1225
f 759/759/747 1615/1615/1228 1613/1613/1226
f 1615/1615/1228 759/759/747 755/755/743
f 1616/1616/1229 1614/1614/1227 1612/1612/1225
f 755/755/743 1617/1617/1230 1615/1615/1228
f 1612/1612/1225 1618/1618/1231 1616/1616/1229
f 1618/1618/1231 1612/1612/1225 1613/1613/1226
f 1617/1617/1230 755/755/743 1619/1619/1232
f 733/733/721 1619/1619/1232 755/755/743
f 1620/1620/1233 1615/1615/1228 1617/1617/1230
f 1619/1619/1232 733/733/721 1621/1621/1234
f 1619/1619/1232 1622/1622/1235 1617/1617/1230
f 1621/1621/1234 1622/1622/1235 1619/1619/1232
f 1617/1617/1230 1622/1622/1235 1620/1620/1233
f 1621/1621/1234 733/733/721 1623/1623/1236
f 1623/1623/1236 1622/1622/1235 1621/1621/1234
f 727/727/715 1623/1623/1236 733/733/721
f 1624/1624/1237 1623/1623/1236 727/727/715
f 1624/1624/1237 1622/1622/1235 1623/1623/1236
f 711/711/699 1624/1624/1237 727/727/715
f 1625/1625/1238 1622/1622/1235 1624/1624/1237
f 1624/1624/1237 711/711/699 1625/1625/1238
f 1620/1620/1233 1622/1622/1235 1626/1626/1239
f 1626/1626/1239 1622/1622/1235 1625/1625/1238
f 1625/1625/1238 711/711/699 1627/1627/1240
f 1627/1627/1240 711/711/699 708/708/696
f 1625/1625/1238 1628/1628/1241 1626/1626/1239
f 1628/1628/1241 1625/1625/1238 1627/1627/1240
f 1626/1626/1239 1629/1629/1242 1620/1620/1233
f 1629/1629/1242 1626/1626/1239 1628/1628/1241
f 1615/1615/1228 1620/1620/1233 1629/1629/1242
f 1629/1629/1242 1613/1613/1226 1615/1615/1228
f 1630/1630/1243 1627/1627/1240 708/708/696
f 1627/1627/1240 1630/1630/1243 1628/1628/1241
f 707/707/695 1630/1630/1243 708/708/696
f 1628/1628/1241 1631/1631/1244 1629/1629/1242
f 1631/1631/1244 1628/1628/1241 1630/1630/1243
f 1613/1613/1226 1629/1629/1242 1632/1632/1245
f 1629/1629/1242 1631/1631/1244 1633/1633/1246
f 1632/1632/1245 1629/1629/1242 1633/1633/1246
f 1634/1634/1247 1613/1613/1226 1632/1632/1245
f 1634/1634/1247 1632/1632/1245 1633/1633/1246
f 1613/1613/1226 1634/1634/1247 1618/1618/1231
f 1631/1631/1244 1635/1635/1248 1633/1633/1246
f 1633/1633/1246 1636/1636/1249 1634/1634/1247
f 1636/1636/1249 1633/1633/1246 1635/1635/1248
f 1637/1637/1250 1618/1618/1231 1634/1634/1247
f 1636/1636/1249 1637/1637/1250 1634/1634/1247
f 1618/1618/1231 1637/1637/1250 1638/1638/1251
f 1638/1638/1251 1616/1616/1229 1618/1618/1231
f 1637/1637/1250 1636/1636/1249 1639/1639/1252
f 1616/1616/1229 1638/1638/1251 1640/1640/1253
f 1637/1637/1250 1641/1641/1254 1638/1638/1251
f 1641/1641/1254 1640/1640/1253 1638/1638/1251
f 1641/1641/1254 1637/1637/1250 1642/1642/1255
f 1639/1639/1252 1642/1642/1255 1637/1637/1250
f 1640/1640/1253 1641/1641/1254 1643/1643/1256
f 1639/1639/1252 1644/1644/1257 1642/1642/1255
f 1641/1641/1254 1642/1642/1255 1645/1645/1258
f 1642/1642/1255 1644/1644/1257 1645/1645/1258
f 1643/1643/1256 1641/1641/1254 1645/1645/1258
f 1639/1639/1252 1646/1646/1259 1644/1644/1257
f 1644/1644/1257 1646/1646/1259 1645/1645/1258
f 1640/1640/1253 1643/1643/1256 1647/1647/1260
f 1647/1647/1260 1643/1643/1256 1645/1645/1258
f 1640/1640/1253 1648/1648/1261 1616/1616/1229
f 1647/1647/1260 1648/1648/1261 1640/1640/1253
f 1648/1648/1261 1614/1614/1227 1616/1616/1229
f 1649/1649/1262 1647/1647/1260 1645/1645/1258
f 1648/1648/1261 1650/1650/1263 1614/1614/1227
f 1650/1650/1263 830/830/818 1614/1614/1227
f 1647/1647/1260 1651/1651/1264 1648/1648/1261
f 1650/1650/1263 1648/1648/1261 1651/1651/1264
f 1651/1651/1264 1647/1647/1260 1649/1649/1262
f 830/830/818 1650/1650/1263 1652/1652/1265
f 828/828/816 830/830/818 1652/1652/1265
f 832/832/820 828/828/816 1652/1652/1265
f 1651/1651/1264 1653/1653/1266 1650/1650/1263
f 1650/1650/1263 1654/1654/1267 1652/1652/1265
f 1654/1654/1267 1650/1650/1263 1653/1653/1266
f 1655/1655/1268 832/832/820 1652/1652/1265
f 1654/1654/1267 1655/1655/1268 1652/1652/1265
f 1649/1649/1262 1656/1656/1269 1651/1651/1264
f 1653/1653/1266 1651/1651/1264 1656/1656/1269
f 1656/1656/1269 1649/1649/1262 1657/1657/1270
f 1657/1657/1270 1649/1649/1262 1645/1645/1258
f 1658/1658/1271 1657/1657/1270 1645/1645/1258
f 1658/1658/1271 1656/1656/1269 1657/1657/1270
f 1646/1646/1259 1658/1658/1271 1645/1645/1258
f 1656/1656/1269 1658/1658/1271 1659/1659/1272
f 1659/1659/1272 1653/1653/1266 1656/1656/1269
f 1660/1660/1273 1658/1658/1271 1646/1646/1259
f 1658/1658/1271 1660/1660/1273 1659/1659/1272
f 1646/1646/1259 1639/1639/1252 1660/1660/1273
f 1636/1636/1249 1660/1660/1273 1639/1639/1252
f 1660/1660/1273 1661/1661/1274 1659/1659/1272
f 1653/1653/1266 1659/1659/1272 1661/1661/1274
f 1660/1660/1273 1636/1636/1249 1662/1662/1275
f 1661/1661/1274 1660/1660/1273 1662/1662/1275
f 1635/1635/1248 1662/1662/1275 1636/1636/1249
f 1663/1663/1276 1653/1653/1266 1661/1661/1274
f 1662/1662/1275 1664/1664/1277 1661/1661/1274
f 1661/1661/1274 1664/1664/1277 1663/1663/1276
f 1662/1662/1275 1635/1635/1248 1665/1665/1278
f 1664/1664/1277 1662/1662/1275 1665/1665/1278
f 1653/1653/1266 1663/1663/1276 1666/1666/1279
f 1653/1653/1266 1666/1666/1279 1654/1654/1267
f 1667/1667/1280 1663/1663/1276 1664/1664/1277
f 1666/1666/1279 1668/1668/1281 1654/1654/1267
f 1667/1667/1280 1664/1664/1277 1669/1669/1282
f 1664/1664/1277 1665/1665/1278 1669/1669/1282
f 1654/1654/1267 1668/1668/1281 1670/1670/1283
f 1655/1655/1268 1654/1654/1267 1670/1670/1283
f 1142/1142/1130 1668/1668/1281 1666/1666/1279
f 1670/1670/1283 1671/1671/1284 1655/1655/1268
f 1668/1668/1281 1672/1672/1285 1670/1670/1283
f 1672/1672/1285 1671/1671/1284 1670/1670/1283
f 1668/1668/1281 1142/1142/1130 1673/1673/1286
f 1673/1673/1286 1672/1672/1285 1668/1668/1281
f 1666/1666/1279 1674/1674/1287 1142/1142/1130
f 1674/1674/1287 1666/1666/1279 1663/1663/1276
f 1133/1133/1121 1673/1673/1286 1142/1142/1130
f 1674/1674/1287 1140/1140/1128 1142/1142/1130
f 1673/1673/1286 1133/1133/1121 1675/1675/1288
f 1128/1128/1116 1675/1675/1288 1133/1133/1121
f 1672/1672/1285 1673/1673/1286 1676/1676/1289
f 1675/1675/1288 1676/1676/1289 1673/1673/1286
f 1676/1676/1289 1677/1677/1290 1672/1672/1285
f 1672/1672/1285 1677/1677/1290 1671/1671/1284
f 1676/1676/1289 1675/1675/1288 1678/1678/1291
f 1678/1678/1291 1677/1677/1290 1676/1676/1289
f 1679/1679/1292 1678/1678/1291 1675/1675/1288
f 1675/1675/1288 1128/1128/1116 1679/1679/1292
f 1678/1678/1291 1679/1679/1292 1680/1680/1293
f 1680/1680/1293 1677/1677/1290 1678/1678/1291
f 1128/1128/1116 1681/1681/1294 1679/1679/1292
f 1681/1681/1294 1680/1680/1293 1679/1679/1292
f 1128/1128/1116 1682/1682/1295 1681/1681/1294
f 1682/1682/1295 1128/1128/1116 868/868/856
f 868/868/856 866/866/854 1682/1682/1295
f 1680/1680/1293 1681/1681/1294 1683/1683/1296
f 1683/1683/1296 1677/1677/1290 1680/1680/1293
f 866/866/854 1684/1684/1297 1682/1682/1295
f 1684/1684/1297 1681/1681/1294 1682/1682/1295
f 865/865/853 1684/1684/1297 866/866/854
f 1681/1681/1294 1685/1685/1298 1683/1683/1296
f 1684/1684/1297 1685/1685/1298 1681/1681/1294
f 1685/1685/1298 1677/1677/1290 1683/1683/1296
f 1685/1685/1298 1684/1684/1297 1686/1686/1299
f 1686/1686/1299 1677/1677/1290 1685/1685/1298
f 1684/1684/1297 865/865/853 1687/1687/1300
f 1687/1687/1300 1686/1686/1299 1684/1684/1297
f 1688/1688/1301 1677/1677/1290 1686/1686/1299
f 1687/1687/1300 1688/1688/1301 1686/1686/1299
f 865/865/853 1689/1689/1302 1687/1687/1300
f 1688/1688/1301 1687/1687/1300 1689/1689/1302
f 1689/1689/1302 865/865/853 832/832/820
f 832/832/820 1655/1655/1268 1689/1689/1302
f 1690/1690/1303 1677/1677/1290 1688/1688/1301
f 1689/1689/1302 1690/1690/1303 1688/1688/1301
f 1655/1655/1268 1690/1690/1303 1689/1689/1302
f 1671/1671/1284 1677/1677/1290 1690/1690/1303
f 1655/1655/1268 1671/1671/1284 1690/1690/1303
f 1691/1691/1304 1674/1674/1287 1663/1663/1276
f 1663/1663/1276 1667/1667/1280 1691/1691/1304
f 1674/1674/1287 1691/1691/1304 1692/1692/1305
f 1691/1691/1304 1667/1667/1280 1693/1693/1306
f 1692/1692/1305 1694/1694/1307 1674/1674/1287
f 1140/1140/1128 1674/1674/1287 1694/1694/1307
f 1694/1694/1307 1147/1147/1135 1140/1140/1128
f 1695/1695/1308 1692/1692/1305 1691/1691/1304
f 1695/1695/1308 1691/1691/1304 1693/1693/1306
f 1692/1692/1305 1695/1695/1308 1696/1696/1309
f 1697/1697/1310 1693/1693/1306 1667/1667/1280
f 1667/1667/1280 1669/1669/1282 1697/1697/1310
f 1695/1695/1308 1693/1693/1306 1698/1698/1311
f 1696/1696/1309 1695/1695/1308 1698/1698/1311
f 1693/1693/1306 1697/1697/1310 1699/1699/1312
f 1693/1693/1306 1699/1699/1312 1698/1698/1311
f 1669/1669/1282 1700/1700/1313 1697/1697/1310
f 1700/1700/1313 1699/1699/1312 1697/1697/1310
f 1696/1696/1309 1701/1701/1314 1692/1692/1305
f 1694/1694/1307 1692/1692/1305 1701/1701/1314
f 1701/1701/1314 1696/1696/1309 1702/1702/1315
f 1702/1702/1315 1696/1696/1309 1698/1698/1311
f 1694/1694/1307 1701/1701/1314 1703/1703/1316
f 1704/1704/1317 1701/1701/1314 1702/1702/1315
f 1701/1701/1314 1704/1704/1317 1703/1703/1316
f 1704/1704/1317 1702/1702/1315 1698/1698/1311
f 1703/1703/1316 1705/1705/1318 1694/1694/1307
f 1147/1147/1135 1694/1694/1307 1705/1705/1318
f 1704/1704/1317 1706/1706/1319 1703/1703/1316
f 1706/1706/1319 1705/1705/1318 1703/1703/1316
f 1707/1707/1320 1147/1147/1135 1705/1705/1318
f 1705/1705/1318 1706/1706/1319 1707/1707/1320
f 1147/1147/1135 1707/1707/1320 1708/1708/1321
f 1708/1708/1321 1155/1155/1143 1147/1147/1135
f 1706/1706/1319 1704/1704/1317 1709/1709/1322
f 1709/1709/1322 1704/1704/1317 1698/1698/1311
f 1710/1710/1323 1155/1155/1143 1708/1708/1321
f 1710/1710/1323 1159/1159/1147 1155/1155/1143
f 1708/1708/1321 1707/1707/1320 1711/1711/1324
f 1711/1711/1324 1710/1710/1323 1708/1708/1321
f 1706/1706/1319 1711/1711/1324 1707/1707/1320
f 1159/1159/1147 1710/1710/1323 1712/1712/1325
f 1711/1711/1324 1712/1712/1325 1710/1710/1323
f 1709/1709/1322 1713/1713/1326 1706/1706/1319
f 1711/1711/1324 1706/1706/1319 1713/1713/1326
f 1714/1714/1327 1709/1709/1322 1698/1698/1311
f 1713/1713/1326 1709/1709/1322 1714/1714/1327
f 1715/1715/1328 1714/1714/1327 1698/1698/1311
f 1715/1715/1328 1713/1713/1326 1714/1714/1327
f 1699/1699/1312 1715/1715/1328 1698/1698/1311
f 1699/1699/1312 1700/1700/1313 1715/1715/1328
f 1713/1713/1326 1715/1715/1328 1700/1700/1313
f 1700/1700/1313 1711/1711/1324 1713/1713/1326
f 1716/1716/1329 1711/1711/1324 1700/1700/1313
f 1700/1700/1313 1669/1669/1282 1716/1716/1329
f 1669/1669/1282 1665/1665/1278 1716/1716/1329
f 1712/1712/1325 1711/1711/1324 1717/1717/1330
f 1718/1718/1331 1711/1711/1324 1716/1716/1329
f 1718/1718/1331 1717/1717/1330 1711/1711/1324
f 1717/1717/1330 1719/1719/1332 1712/1712/1325
f 1712/1712/1325 1719/1719/1332 1159/1159/1147
f 1159/1159/1147 1719/1719/1332 1161/1161/1149
f 1717/1717/1330 1718/1718/1331 1720/1720/1333
f 1720/1720/1333 1719/1719/1332 1717/1717/1330
f 1721/1721/1334 1720/1720/1333 1718/1718/1331
f 1161/1161/1149 1719/1719/1332 1722/1722/1335
f 1161/1161/1149 1722/1722/1335 1163/1163/1151
f 1723/1723/1336 1719/1719/1332 1720/1720/1333
f 1720/1720/1333 1721/1721/1334 1723/1723/1336
f 1722/1722/1335 1719/1719/1332 1724/1724/1337
f 1725/1725/1338 1719/1719/1332 1723/1723/1336
f 1726/1726/1339 1722/1722/1335 1724/1724/1337
f 1722/1722/1335 1726/1726/1339 1163/1163/1151
f 1724/1724/1337 1719/1719/1332 1727/1727/1340
f 1727/1727/1340 1719/1719/1332 1725/1725/1338
f 1728/1728/1341 1724/1724/1337 1727/1727/1340
f 1725/1725/1338 1728/1728/1341 1727/1727/1340
f 1724/1724/1337 1728/1728/1341 1726/1726/1339
f 1723/1723/1336 1729/1729/1342 1725/1725/1338
f 1728/1728/1341 1725/1725/1338 1729/1729/1342
f 1729/1729/1342 1723/1723/1336 1721/1721/1334
f 1728/1728/1341 693/693/681 1726/1726/1339
f 1163/1163/1151 1726/1726/1339 693/693/681
f 693/693/681 1728/1728/1341 689/689/677
f 1728/1728/1341 695/695/683 689/689/677
f 695/695/683 1728/1728/1341 1729/1729/1342
f 693/693/681 1730/1730/1343 1163/1163/1151
f 693/693/681 692/692/680 1730/1730/1343
f 1729/1729/1342 1731/1731/1344 695/695/683
f 1721/1721/1334 1731/1731/1344 1729/1729/1342
f 1731/1731/1344 1732/1732/1345 695/695/683
f 698/698/686 695/695/683 1732/1732/1345
f 1731/1731/1344 1721/1721/1334 1733/1733/1346
f 1718/1718/1331 1733/1733/1346 1721/1721/1334
f 1733/1733/1346 1718/1718/1331 1716/1716/1329
f 1732/1732/1345 1731/1731/1344 1734/1734/1347
f 1733/1733/1346 1734/1734/1347 1731/1731/1344
f 698/698/686 1732/1732/1345 1735/1735/1348
f 698/698/686 1735/1735/1348 707/707/695
f 1734/1734/1347 1736/1736/1349 1732/1732/1345
f 1733/1733/1346 1736/1736/1349 1734/1734/1347
f 1732/1732/1345 1737/1737/1350 1735/1735/1348
f 1736/1736/1349 1738/1738/1351 1732/1732/1345
f 1737/1737/1350 1732/1732/1345 1738/1738/1351
f 1739/1739/1352 707/707/695 1735/1735/1348
f 1735/1735/1348 1737/1737/1350 1739/1739/1352
f 1740/1740/1353 707/707/695 1739/1739/1352
f 707/707/695 1740/1740/1353 1630/1630/1243
f 1737/1737/1350 1741/1741/1354 1739/1739/1352
f 1738/1738/1351 1741/1741/1354 1737/1737/1350
f 1739/1739/1352 1741/1741/1354 1740/1740/1353
f 1736/1736/1349 1741/1741/1354 1738/1738/1351
f 1740/1740/1353 1742/1742/1355 1630/1630/1243
f 1630/1630/1243 1742/1742/1355 1631/1631/1244
f 1742/1742/1355 1635/1635/1248 1631/1631/1244
f 1743/1743/1356 1742/1742/1355 1740/1740/1353
f 1740/1740/1353 1741/1741/1354 1743/1743/1356
f 1742/1742/1355 1744/1744/1357 1635/1635/1248
f 1742/1742/1355 1743/1743/1356 1744/1744/1357
f 1665/1665/1278 1635/1635/1248 1744/1744/1357
f 1743/1743/1356 1745/1745/1358 1744/1744/1357
f 1743/1743/1356 1741/1741/1354 1745/1745/1358
f 1665/1665/1278 1744/1744/1357 1746/1746/1359
f 1744/1744/1357 1745/1745/1358 1746/1746/1359
f 1746/1746/1359 1716/1716/1329 1665/1665/1278
f 1745/1745/1358 1741/1741/1354 1747/1747/1360
f 1746/1746/1359 1745/1745/1358 1747/1747/1360
f 1716/1716/1329 1746/1746/1359 1748/1748/1361
f 1748/1748/1361 1733/1733/1346 1716/1716/1329
f 1749/1749/1362 1746/1746/1359 1747/1747/1360
f 1746/1746/1359 1749/1749/1362 1748/1748/1361
f 1747/1747/1360 1741/1741/1354 1749/1749/1362
f 1748/1748/1361 1749/1749/1362 1733/1733/1346
f 1749/1749/1362 1741/1741/1354 1750/1750/1363
f 1750/1750/1363 1733/1733/1346 1749/1749/1362
f 1750/1750/1363 1741/1741/1354 1736/1736/1349
f 1736/1736/1349 1733/1733/1346 1750/1750/1363
f 1751/1751/1364 360/360/348 362/362/350
f 410/410/398 1751/1751/1364 362/362/350
f 360/360/348 1751/1751/1364 1752/1752/1365
f 360/360/348 1752/1752/1365 359/359/347
f 1751/1751/1364 410/410/398 1753/1753/1366
f 1752/1752/1365 1751/1751/1364 1753/1753/1366
f 359/359/347 1752/1752/1365 1754/1754/1367
f 1754/1754/1367 1752/1752/1365 1753/1753/1366
f 1754/1754/1367 363/363/351 359/359/347
f 363/363/351 1754/1754/1367 1755/1755/1368
f 1755/1755/1368 1754/1754/1367 1753/1753/1366
f 363/363/351 1755/1755/1368 371/371/359
f 1756/1756/1369 1755/1755/1368 1753/1753/1366
f 371/371/359 1755/1755/1368 1756/1756/1369
f 1756/1756/1369 1753/1753/1366 1757/1757/1370
f 1757/1757/1370 371/371/359 1756/1756/1369
f 410/410/398 1757/1757/1370 1753/1753/1366
f 371/371/359 1757/1757/1370 403/403/391
f 403/403/391 1757/1757/1370 410/410/398
f 1192/1192/1180 1157/1157/1145 1758/1758/1371
f 1157/1157/1145 1163/1163/1151 1758/1758/1371
f 1758/1758/1371 1759/1759/1372 1192/1192/1180
f 1200/1200/1188 1192/1192/1180 1759/1759/1372
f 1758/1758/1371 1163/1163/1151 1760/1760/1373
f 1730/1730/1343 1760/1760/1373 1163/1163/1151
f 1758/1758/1371 1761/1761/1374 1759/1759/1372
f 1758/1758/1371 1760/1760/1373 1761/1761/1374
f 1759/1759/1372 1762/1762/1375 1200/1200/1188
f 1763/1763/1376 1759/1759/1372 1761/1761/1374
f 1759/1759/1372 1763/1763/1376 1762/1762/1375
f 1760/1760/1373 1764/1764/1377 1761/1761/1374
f 1765/1765/1378 1762/1762/1375 1763/1763/1376
f 1766/1766/1379 1763/1763/1376 1761/1761/1374
f 1766/1766/1379 1765/1765/1378 1763/1763/1376
f 1766/1766/1379 1761/1761/1374 1764/1764/1377
f 1767/1767/1380 1762/1762/1375 1765/1765/1378
f 1766/1766/1379 1767/1767/1380 1765/1765/1378
f 1768/1768/1381 1200/1200/1188 1762/1762/1375
f 1762/1762/1375 1767/1767/1380 1768/1768/1381
f 1200/1200/1188 1768/1768/1381 279/279/267
f 1766/1766/1379 1769/1769/1382 1767/1767/1380
f 1770/1770/1383 1768/1768/1381 1767/1767/1380
f 1769/1769/1382 1770/1770/1383 1767/1767/1380
f 1766/1766/1379 1771/1771/1384 1769/1769/1382
f 1771/1771/1384 1770/1770/1383 1769/1769/1382
f 1766/1766/1379 1764/1764/1377 1772/1772/1385
f 1766/1766/1379 1772/1772/1385 1771/1771/1384
f 1764/1764/1377 1773/1773/1386 1772/1772/1385
f 1773/1773/1386 1771/1771/1384 1772/1772/1385
f 1773/1773/1386 1764/1764/1377 1760/1760/1373
f 1760/1760/1373 1730/1730/1343 1773/1773/1386
f 1771/1771/1384 1773/1773/1386 1774/1774/1387
f 1730/1730/1343 1774/1774/1387 1773/1773/1386
f 1770/1770/1383 1771/1771/1384 1774/1774/1387
f 1774/1774/1387 1730/1730/1343 692/692/680
f 1774/1774/1387 1775/1775/1388 1770/1770/1383
f 1775/1775/1388 1774/1774/1387 692/692/680
f 1768/1768/1381 1770/1770/1383 1775/1775/1388
f 1775/1775/1388 279/279/267 1768/1768/1381
f 1776/1776/1389 1775/1775/1388 692/692/680
f 215/215/203 1776/1776/1389 692/692/680
f 1777/1777/1390 279/279/267 1775/1775/1388
f 264/264/252 279/279/267 1777/1777/1390
f 1776/1776/1389 215/215/203 1778/1778/1391
f 1778/1778/1391 1775/1775/1388 1776/1776/1389
f 215/215/203 211/211/199 1778/1778/1391
f 1775/1775/1388 1779/1779/1392 1777/1777/1390
f 1777/1777/1390 1779/1779/1392 264/264/252
f 1775/1775/1388 1778/1778/1391 1780/1780/1393
f 1779/1779/1392 1775/1775/1388 1780/1780/1393
f 1780/1780/1393 1778/1778/1391 1781/1781/1394
f 1780/1780/1393 1781/1781/1394 1779/1779/1392
f 1778/1778/1391 211/211/199 1782/1782/1395
f 1778/1778/1391 1782/1782/1395 1781/1781/1394
f 211/211/199 1783/1783/1396 1782/1782/1395
f 211/211/199 213/213/201 1783/1783/1396
f 1781/1781/1394 1782/1782/1395 1784/1784/1397
f 1785/1785/1398 1782/1782/1395 1783/1783/1396
f 1782/1782/1395 1785/1785/1398 1784/1784/1397
f 1783/1783/1396 1786/1786/1399 1785/1785/1398
f 1781/1781/1394 1784/1784/1397 1787/1787/1400
f 1779/1779/1392 1781/1781/1394 1787/1787/1400
f 1783/1783/1396 1788/1788/1401 1786/1786/1399
f 1788/1788/1401 1783/1783/1396 213/213/201
f 1789/1789/1402 1785/1785/1398 1786/1786/1399
f 1789/1789/1402 1786/1786/1399 1788/1788/1401
f 1789/1789/1402 1784/1784/1397 1785/1785/1398
f 213/213/201 1790/1790/1403 1788/1788/1401
f 1789/1789/1402 1788/1788/1401 1790/1790/1403
f 1790/1790/1403 213/213/201 1791/1791/1404
f 213/213/201 210/210/198 1791/1791/1404
f 1789/1789/1402 1792/1792/1405 1784/1784/1397
f 1787/1787/1400 1784/1784/1397 1792/1792/1405
f 1793/1793/1406 1791/1791/1404 210/210/198
f 1793/1793/1406 1790/1790/1403 1791/1791/1404
f 210/210/198 229/229/217 1793/1793/1406
f 1789/1789/1402 1790/1790/1403 1794/1794/1407
f 1790/1790/1403 1793/1793/1406 1794/1794/1407
f 1789/1789/1402 1794/1794/1407 1795/1795/1408
f 1789/1789/1402 1795/1795/1408 1792/1792/1405
f 1794/1794/1407 1796/1796/1409 1795/1795/1408
f 1796/1796/1409 1792/1792/1405 1795/1795/1408
f 1796/1796/1409 1794/1794/1407 1793/1793/1406
f 1787/1787/1400 1792/1792/1405 1796/1796/1409
f 1797/1797/1410 1796/1796/1409 1793/1793/1406
f 1797/1797/1410 1787/1787/1400 1796/1796/1409
f 1793/1793/1406 229/229/217 1797/1797/1410
f 1779/1779/1392 1787/1787/1400 1797/1797/1410
f 229/229/217 231/231/219 1797/1797/1410
f 264/264/252 1779/1779/1392 1797/1797/1410
f 264/264/252 1797/1797/1410 231/231/219
usemtl MI_CHR_Hachigane_Konoha_01
f 1854/1854/1411 1855/1855/1412 1856/1856/1413
f 1857/1857/1414 1854/1854/1411 1856/1856/1413
f 1855/1855/1412 1854/1854/1411 1858/1858/1415
f 1858/1858/1415 1859/1859/1416 1855/1855/1412
f 1854/1854/1411 1857/1857/1414 1860/1860/1417
f 1861/1861/1418 1860/1860/1417 1857/1857/1414
f 1862/1862/1419 1859/1859/1416 1858/1858/1415
f 1862/1862/1419 1863/1863/1420 1859/1859/1416
f 1860/1860/1417 1861/1861/1418 1864/1864/1421
f 1863/1863/1420 1862/1862/1419 1865/1865/1422
f 1861/1861/1418 1866/1866/1423 1864/1864/1421
f 1866/1866/1423 1861/1861/1418 1867/1867/1424
f 1864/1864/1421 1868/1868/1425 1860/1860/1417
f 1867/1867/1424 1869/1869/1426 1866/1866/1423
f 1867/1867/1424 1870/1870/1427 1869/1869/1426
f 1871/1871/1428 1864/1864/1421 1866/1866/1423
f 1864/1864/1421 1871/1871/1428 1868/1868/1425
f 1866/1866/1423 1869/1869/1426 1872/1872/1429
f 1866/1866/1423 1872/1872/1429 1871/1871/1428
f 1873/1873/1430 1869/1869/1426 1870/1870/1427
f 1873/1873/1430 1872/1872/1429 1869/1869/1426
f 1870/1870/1427 1874/1874/1431 1873/1873/1430
f 1875/1875/1432 1873/1873/1430 1874/1874/1431
f 1863/1863/1420 1876/1876/1433 1875/1875/1432
f 1873/1873/1430 1875/1875/1432 1876/1876/1433
f 1876/1876/1433 1863/1863/1420 1865/1865/1422
f 1877/1877/1434 1873/1873/1430 1876/1876/1433
f 1865/1865/1422 1877/1877/1434 1876/1876/1433
f 1872/1872/1429 1873/1873/1430 1878/1878/1435
f 1878/1878/1435 1873/1873/1430 1877/1877/1434
f 1879/1879/1436 1872/1872/1429 1878/1878/1435
f 1877/1877/1434 1879/1879/1436 1878/1878/1435
f 1879/1879/1436 1871/1871/1428 1872/1872/1429
f 1877/1877/1434 1865/1865/1422 1880/1880/1437
f 1880/1880/1437 1879/1879/1436 1877/1877/1434
f 1862/1862/1419 1880/1880/1437 1865/1865/1422
f 1881/1881/1438 1871/1871/1428 1879/1879/1436
f 1871/1871/1428 1881/1881/1438 1868/1868/1425
f 1868/1868/1425 1881/1881/1438 1860/1860/1417
f 1854/1854/1411 1860/1860/1417 1881/1881/1438
f 1854/1854/1411 1881/1881/1438 1882/1882/1439
f 1881/1881/1438 1879/1879/1436 1882/1882/1439
f 1882/1882/1439 1858/1858/1415 1854/1854/1411
f 1882/1882/1439 1879/1879/1436 1883/1883/1440
f 1858/1858/1415 1882/1882/1439 1883/1883/1440
f 1880/1880/1437 1883/1883/1440 1879/1879/1436
f 1884/1884/1441 1858/1858/1415 1883/1883/1440
f 1883/1883/1440 1880/1880/1437 1884/1884/1441
f 1858/1858/1415 1884/1884/1441 1862/1862/1419
f 1880/1880/1437 1862/1862/1419 1884/1884/1441
f 1885/1885/1442 1886/1886/1443 1887/1887/1444
f 1888/1888/1445 1885/1885/1442 1887/1887/1444
f 1886/1886/1443 1885/1885/1442 1889/1889/1446
f 1889/1889/1446 1890/1890/1447 1886/1886/1443
f 1885/1885/1442 1888/1888/1445 1891/1891/1448
f 1892/1892/1449 1891/1891/1448 1888/1888/1445
f 1893/1893/1450 1890/1890/1447 1889/1889/1446
f 1893/1893/1450 1894/1894/1451 1890/1890/1447
f 1891/1891/1448 1892/1892/1449 1895/1895/1452
f 1894/1894/1451 1893/1893/1450 1896/1896/1453
f 1892/1892/1449 1897/1897/1454 1895/1895/1452
f 1897/1897/1454 1892/1892/1449 1898/1898/1455
f 1895/1895/1452 1899/1899/1456 1891/1891/1448
f 1898/1898/1455 1900/1900/1457 1897/1897/1454
f 1898/1898/1455 1901/1901/1458 1900/1900/1457
f 1902/1902/1459 1895/1895/1452 1897/1897/1454
f 1895/1895/1452 1902/1902/1459 1899/1899/1456
f 1897/1897/1454 1900/1900/1457 1903/1903/1460
f 1897/1897/1454 1903/1903/1460 1902/1902/1459
f 1904/1904/1461 1900/1900/1457 1901/1901/1458
f 1904/1904/1461 1903/1903/1460 1900/1900/1457
f 1901/1901/1458 1905/1905/1462 1904/1904/1461
f 1906/1906/1463 1904/1904/1461 1905/1905/1462
f 1894/1894/1451 1907/1907/1464 1906/1906/1463
f 1904/1904/1461 1906/1906/1463 1907/1907/1464
f 1907/1907/1464 1894/1894/1451 1896/1896/1453
f 1908/1908/1465 1904/1904/1461 1907/1907/1464
f 1896/1896/1453 1908/1908/1465 1907/1907/1464
f 1903/1903/1460 1904/1904/1461 1909/1909/1466
f 1909/1909/1466 1904/1904/1461 1908/1908/1465
f 1908/1908/1465 1896/1896/1453 1910/1910/1467
f 1910/1910/1467 1909/1909/1466 1908/1908/1465
f 1893/1893/1450 1910/1910/1467 1896/1896/1453
f 1911/1911/1468 1903/1903/1460 1909/1909/1466
f 1909/1909/1466 1910/1910/1467 1911/1911/1468
f 1911/1911/1468 1902/1902/1459 1903/1903/1460
f 1910/1910/1467 1893/1893/1450 1912/1912/1469
f 1911/1911/1468 1910/1910/1467 1912/1912/1469
f 1889/1889/1446 1912/1912/1469 1893/1893/1450
f 1911/1911/1468 1912/1912/1469 1913/1913/1470
f 1912/1912/1469 1889/1889/1446 1913/1913/1470
f 1914/1914/1471 1902/1902/1459 1911/1911/1468
f 1902/1902/1459 1914/1914/1471 1899/1899/1456
f 1899/1899/1456 1914/1914/1471 1891/1891/1448
f 1885/1885/1442 1891/1891/1448 1914/1914/1471
f 1915/1915/1472 1911/1911/1468 1913/1913/1470
f 1914/1914/1471 1911/1911/1468 1915/1915/1472
f 1889/1889/1446 1915/1915/1472 1913/1913/1470
f 1885/1885/1442 1914/1914/1471 1915/1915/1472
f 1915/1915/1472 1889/1889/1446 1885/1885/1442
f 1916/1916/1473 1917/1917/1474 1918/1918/1475
f 1917/1917/1474 1919/1919/1476 1918/1918/1475
f 1917/1917/1474 1916/1916/1473 1920/1920/1477
f 1921/1921/1478 1920/1920/1477 1916/1916/1473
f 1919/1919/1476 1917/1917/1474 1922/1922/1479
f 1922/1922/1479 1923/1923/1480 1919/1919/1476
f 1920/1920/1477 1921/1921/1478 1924/1924/1481
f 1923/1923/1480 1922/1922/1479 1925/1925/1482
f 1925/1925/1482 1926/1926/1483 1923/1923/1480
f 1921/1921/1478 1927/1927/1484 1924/1924/1481
f 1927/1927/1484 1921/1921/1478 1928/1928/1485
f 1926/1926/1483 1925/1925/1482 1929/1929/1486
f 1929/1929/1486 1930/1930/1487 1926/1926/1483
f 1931/1931/1488 1925/1925/1482 1922/1922/1479
f 1931/1931/1488 1929/1929/1486 1925/1925/1482
f 1931/1931/1488 1922/1922/1479 1917/1917/1474
f 1930/1930/1487 1929/1929/1486 1932/1932/1489
f 1932/1932/1489 1933/1933/1490 1930/1930/1487
f 1931/1931/1488 1934/1934/1491 1929/1929/1486
f 1932/1932/1489 1929/1929/1486 1934/1934/1491
f 1917/1917/1474 1935/1935/1492 1931/1931/1488
f 1935/1935/1492 1917/1917/1474 1920/1920/1477
f 1934/1934/1491 1931/1931/1488 1936/1936/1493
f 1935/1935/1492 1936/1936/1493 1931/1931/1488
f 1934/1934/1491 1937/1937/1494 1932/1932/1489
f 1938/1938/1495 1935/1935/1492 1920/1920/1477
f 1920/1920/1477 1924/1924/1481 1938/1938/1495
f 1927/1927/1484 1938/1938/1495 1924/1924/1481
f 1935/1935/1492 1939/1939/1496 1936/1936/1493
f 1939/1939/1496 1935/1935/1492 1938/1938/1495
f 1936/1936/1493 1940/1940/1497 1934/1934/1491
f 1937/1937/1494 1934/1934/1491 1940/1940/1497
f 1941/1941/1498 1936/1936/1493 1939/1939/1496
f 1936/1936/1493 1941/1941/1498 1940/1940/1497
f 1939/1939/1496 1938/1938/1495 1942/1942/1499
f 1942/1942/1499 1941/1941/1498 1939/1939/1496
f 1938/1938/1495 1927/1927/1484 1943/1943/1500
f 1938/1938/1495 1943/1943/1500 1942/1942/1499
f 1944/1944/1501 1943/1943/1500 1927/1927/1484
f 1928/1928/1485 1944/1944/1501 1927/1927/1484
f 1944/1944/1501 1928/1928/1485 1945/1945/1502
f 1944/1944/1501 1945/1945/1502 1946/1946/1503
f 1943/1943/1500 1944/1944/1501 1947/1947/1504
f 1947/1947/1504 1942/1942/1499 1943/1943/1500
f 1946/1946/1503 1948/1948/1505 1944/1944/1501
f 1947/1947/1504 1944/1944/1501 1948/1948/1505
f 1949/1949/1506 1948/1948/1505 1946/1946/1503
f 1948/1948/1505 1949/1949/1506 1950/1950/1507
f 1950/1950/1507 1947/1947/1504 1948/1948/1505
f 1951/1951/1508 1950/1950/1507 1949/1949/1506
f 1950/1950/1507 1951/1951/1508 1952/1952/1509
f 1950/1950/1507 1952/1952/1509 1947/1947/1504
f 1951/1951/1508 1953/1953/1510 1952/1952/1509
f 1954/1954/1511 1947/1947/1504 1952/1952/1509
f 1942/1942/1499 1947/1947/1504 1954/1954/1511
f 1952/1952/1509 1953/1953/1510 1955/1955/1512
f 1952/1952/1509 1955/1955/1512 1954/1954/1511
f 1956/1956/1513 1955/1955/1512 1953/1953/1510
f 1954/1954/1511 1957/1957/1514 1942/1942/1499
f 1941/1941/1498 1942/1942/1499 1957/1957/1514
f 1958/1958/1515 1954/1954/1511 1955/1955/1512
f 1957/1957/1514 1954/1954/1511 1958/1958/1515
f 1955/1955/1512 1956/1956/1513 1959/1959/1516
f 1958/1958/1515 1955/1955/1512 1959/1959/1516
f 1956/1956/1513 1960/1960/1517 1959/1959/1516
f 1960/1960/1517 1956/1956/1513 1961/1961/1518
f 1961/1961/1518 1962/1962/1519 1960/1960/1517
f 1959/1959/1516 1963/1963/1520 1958/1958/1515
f 1963/1963/1520 1959/1959/1516 1960/1960/1517
f 1964/1964/1521 1957/1957/1514 1958/1958/1515
f 1964/1964/1521 1958/1958/1515 1963/1963/1520
f 1965/1965/1522 1960/1960/1517 1962/1962/1519
f 1965/1965/1522 1963/1963/1520 1960/1960/1517
f 1962/1962/1519 1966/1966/1523 1965/1965/1522
f 1966/1966/1523 1962/1962/1519 1967/1967/1524
f 1963/1963/1520 1965/1965/1522 1968/1968/1525
f 1966/1966/1523 1968/1968/1525 1965/1965/1522
f 1968/1968/1525 1964/1964/1521 1963/1963/1520
f 1967/1967/1524 1969/1969/1526 1966/1966/1523
f 1969/1969/1526 1967/1967/1524 1970/1970/1527
f 1968/1968/1525 1966/1966/1523 1971/1971/1528
f 1966/1966/1523 1969/1969/1526 1971/1971/1528
f 1964/1964/1521 1968/1968/1525 1972/1972/1529
f 1971/1971/1528 1972/1972/1529 1968/1968/1525
f 1970/1970/1527 1973/1973/1530 1969/1969/1526
f 1973/1973/1530 1970/1970/1527 1974/1974/1531
f 1975/1975/1532 1971/1971/1528 1969/1969/1526
f 1973/1973/1530 1975/1975/1532 1969/1969/1526
f 1974/1974/1531 1976/1976/1533 1973/1973/1530
f 1973/1973/1530 1976/1976/1533 1975/1975/1532
f 1976/1976/1533 1974/1974/1531 1977/1977/1534
f 1977/1977/1534 1978/1978/1535 1976/1976/1533
f 1978/1978/1535 1975/1975/1532 1976/1976/1533
f 1978/1978/1535 1977/1977/1534 1979/1979/1536
f 1980/1980/1537 1978/1978/1535 1979/1979/1536
f 1975/1975/1532 1981/1981/1538 1971/1971/1528
f 1972/1972/1529 1971/1971/1528 1981/1981/1538
f 1978/1978/1535 1982/1982/1539 1975/1975/1532
f 1981/1981/1538 1975/1975/1532 1982/1982/1539
f 1978/1978/1535 1980/1980/1537 1983/1983/1540
f 1982/1982/1539 1978/1978/1535 1983/1983/1540
f 1984/1984/1541 1983/1983/1540 1980/1980/1537
f 1983/1983/1540 1985/1985/1542 1982/1982/1539
f 1985/1985/1542 1981/1981/1538 1982/1982/1539
f 1983/1983/1540 1984/1984/1541 1986/1986/1543
f 1985/1985/1542 1983/1983/1540 1986/1986/1543
f 1984/1984/1541 1987/1987/1544 1986/1986/1543
f 1987/1987/1544 1985/1985/1542 1986/1986/1543
f 1987/1987/1544 1984/1984/1541 1988/1988/1545
f 1989/1989/1546 1981/1981/1538 1985/1985/1542
f 1988/1988/1545 1990/1990/1547 1987/1987/1544
f 1990/1990/1547 1988/1988/1545 1991/1991/1548
f 1990/1990/1547 1991/1991/1548 1992/1992/1549
f 1993/1993/1550 1985/1985/1542 1987/1987/1544
f 1990/1990/1547 1993/1993/1550 1987/1987/1544
f 1993/1993/1550 1989/1989/1546 1985/1985/1542
f 1992/1992/1549 1994/1994/1551 1990/1990/1547
f 1995/1995/1552 1994/1994/1551 1992/1992/1549
f 1993/1993/1550 1990/1990/1547 1996/1996/1553
f 1996/1996/1553 1990/1990/1547 1994/1994/1551
f 1995/1995/1552 1997/1997/1554 1994/1994/1551
f 1996/1996/1553 1994/1994/1551 1997/1997/1554
f 1998/1998/1555 1997/1997/1554 1995/1995/1552
f 1998/1998/1555 1999/1999/1556 1997/1997/1554
f 1996/1996/1553 1997/1997/1554 1999/1999/1556
f 2000/2000/1557 1999/1999/1556 1998/1998/1555
f 1996/1996/1553 2001/2001/1558 1993/1993/1550
f 2001/2001/1558 1989/1989/1546 1993/1993/1550
f 1999/1999/1556 2002/2002/1559 1996/1996/1553
f 1996/1996/1553 2002/2002/1559 2001/2001/1558
f 2003/2003/1560 1999/1999/1556 2000/2000/1557
f 1999/1999/1556 2003/2003/1560 2002/2002/1559
f 2004/2004/1561 2003/2003/1560 2000/2000/1557
f 2001/2001/1558 2005/2005/1562 1989/1989/1546
f 2005/2005/1562 1981/1981/1538 1989/1989/1546
f 1981/1981/1538 2005/2005/1562 1972/1972/1529
f 2006/2006/1563 2005/2005/1562 2001/2001/1558
f 2002/2002/1559 2006/2006/1563 2001/2001/1558
f 2007/2007/1564 1972/1972/1529 2005/2005/1562
f 2006/2006/1563 2007/2007/1564 2005/2005/1562
f 1972/1972/1529 2007/2007/1564 1964/1964/1521
f 2007/2007/1564 1957/1957/1514 1964/1964/1521
f 1957/1957/1514 2007/2007/1564 1941/1941/1498
f 2007/2007/1564 1940/1940/1497 1941/1941/1498
f 1940/1940/1497 2007/2007/1564 2008/2008/1565
f 2008/2008/1565 2007/2007/1564 2006/2006/1563
f 1940/1940/1497 2008/2008/1565 1937/1937/1494
f 2002/2002/1559 2009/2009/1566 2006/2006/1563
f 2009/2009/1566 2008/2008/1565 2006/2006/1563
f 2003/2003/1560 2009/2009/1566 2002/2002/1559
f 2010/2010/1567 1937/1937/1494 2008/2008/1565
f 2009/2009/1566 2010/2010/1567 2008/2008/1565
f 2003/2003/1560 2011/2011/1568 2009/2009/1566
f 2011/2011/1568 2010/2010/1567 2009/2009/1566
f 2011/2011/1568 2003/2003/1560 2004/2004/1561
f 2010/2010/1567 2012/2012/1569 1937/1937/1494
f 2012/2012/1569 1932/1932/1489 1937/1937/1494
f 1933/1933/1490 1932/1932/1489 2012/2012/1569
f 2010/2010/1567 2011/2011/1568 2013/2013/1570
f 2012/2012/1569 2010/2010/1567 2013/2013/1570
f 2004/2004/1561 2013/2013/1570 2011/2011/1568
f 2013/2013/1570 1933/1933/1490 2012/2012/1569
f 2013/2013/1570 2004/2004/1561 2014/2014/1571
f 1933/1933/1490 2013/2013/1570 2014/2014/1571
f 2015/2015/1572 2016/2016/1573 2017/2017/1574
f 2016/2016/1573 2018/2018/1575 2017/2017/1574
f 2015/2015/1572 2019/2019/1576 2016/2016/1573
f 2019/2019/1576 2015/2015/1572 2020/2020/1577
f 2018/2018/1575 2016/2016/1573 2021/2021/1578
f 2021/2021/1578 2022/2022/1579 2018/2018/1575
f 2023/2023/1580 2019/2019/1576 2020/2020/1577
f 2023/2023/1580 2020/2020/1577 2024/2024/1581
f 2022/2022/1579 2021/2021/1578 2025/2025/1582
f 2024/2024/1581 2026/2026/1583 2023/2023/1580
f 2022/2022/1579 2025/2025/1582 2027/2027/1584
f 2022/2022/1579 2027/2027/1584 2028/2028/1585
f 2024/2024/1581 2029/2029/1586 2026/2026/1583
f 2029/2029/1586 2024/2024/1581 2030/2030/1587
f 2031/2031/1588 2028/2028/1585 2027/2027/1584
f 2028/2028/1585 2031/2031/1588 2032/2032/1589
f 2030/2030/1587 2033/2033/1590 2029/2029/1586
f 2033/2033/1590 2032/2032/1589 2031/2031/1588
f 2033/2033/1590 2030/2030/1587 2034/2034/1591
f 2034/2034/1591 2032/2032/1589 2033/2033/1590
f 2027/2027/1584 2035/2035/1592 2031/2031/1588
f 2035/2035/1592 2033/2033/1590 2031/2031/1588
f 2027/2027/1584 2036/2036/1593 2035/2035/1592
f 2036/2036/1593 2027/2027/1584 2025/2025/1582
f 2033/2033/1590 2035/2035/1592 2037/2037/1594
f 2025/2025/1582 2038/2038/1595 2036/2036/1593
f 2025/2025/1582 2021/2021/1578 2038/2038/1595
f 2039/2039/1596 2033/2033/1590 2037/2037/1594
f 2039/2039/1596 2029/2029/1586 2033/2033/1590
f 2039/2039/1596 2026/2026/1583 2029/2029/1586
f 2038/2038/1595 2021/2021/1578 2040/2040/1597
f 2040/2040/1597 2036/2036/1593 2038/2038/1595
f 2016/2016/1573 2040/2040/1597 2021/2021/1578
f 2041/2041/1598 2035/2035/1592 2036/2036/1593
f 2036/2036/1593 2040/2040/1597 2041/2041/1598
f 2041/2041/1598 2037/2037/1594 2035/2035/1592
f 2039/2039/1596 2037/2037/1594 2041/2041/1598
f 2040/2040/1597 2016/2016/1573 2042/2042/1599
f 2041/2041/1598 2040/2040/1597 2042/2042/1599
f 2019/2019/1576 2042/2042/1599 2016/2016/1573
f 2039/2039/1596 2041/2041/1598 2043/2043/1600
f 2026/2026/1583 2039/2039/1596 2043/2043/1600
f 2043/2043/1600 2023/2023/1580 2026/2026/1583
f 2042/2042/1599 2044/2044/1601 2041/2041/1598
f 2044/2044/1601 2043/2043/1600 2041/2041/1598
f 2019/2019/1576 2044/2044/1601 2042/2042/1599
f 2023/2023/1580 2043/2043/1600 2045/2045/1602
f 2045/2045/1602 2019/2019/1576 2023/2023/1580
f 2043/2043/1600 2044/2044/1601 2045/2045/1602
f 2019/2019/1576 2045/2045/1602 2044/2044/1601
f 2046/2046/1603 2047/2047/1604 2048/2048/1605
f 2047/2047/1604 2049/2049/1606 2048/2048/1605
f 2046/2046/1603 2050/2050/1607 2047/2047/1604
f 2050/2050/1607 2046/2046/1603 2051/2051/1608
f 2049/2049/1606 2047/2047/1604 2052/2052/1609
f 2052/2052/1609 2053/2053/1610 2049/2049/1606
f 2054/2054/1611 2050/2050/1607 2051/2051/1608
f 2055/2055/1612 2054/2054/1611 2051/2051/1608
f 2053/2053/1610 2052/2052/1609 2056/2056/1613
f 2055/2055/1612 2057/2057/1614 2054/2054/1611
f 2053/2053/1610 2056/2056/1613 2058/2058/1615
f 2053/2053/1610 2058/2058/1615 2059/2059/1616
f 2055/2055/1612 2060/2060/1617 2057/2057/1614
f 2060/2060/1617 2055/2055/1612 2061/2061/1618
f 2062/2062/1619 2059/2059/1616 2058/2058/1615
f 2059/2059/1616 2062/2062/1619 2063/2063/1620
f 2061/2061/1618 2064/2064/1621 2060/2060/1617
f 2064/2064/1621 2063/2063/1620 2062/2062/1619
f 2064/2064/1621 2061/2061/1618 2065/2065/1622
f 2065/2065/1622 2063/2063/1620 2064/2064/1621
f 2058/2058/1615 2066/2066/1623 2062/2062/1619
f 2066/2066/1623 2064/2064/1621 2062/2062/1619
f 2067/2067/1624 2060/2060/1617 2064/2064/1621
f 2067/2067/1624 2057/2057/1614 2060/2060/1617
f 2064/2064/1621 2066/2066/1623 2068/2068/1625
f 2067/2067/1624 2064/2064/1621 2068/2068/1625
f 2057/2057/1614 2067/2067/1624 2069/2069/1626
f 2068/2068/1625 2069/2069/1626 2067/2067/1624
f 2069/2069/1626 2054/2054/1611 2057/2057/1614
f 2070/2070/1627 2068/2068/1625 2066/2066/1623
f 2069/2069/1626 2068/2068/1625 2070/2070/1627
f 2054/2054/1611 2069/2069/1626 2071/2071/1628
f 2070/2070/1627 2071/2071/1628 2069/2069/1626
f 2071/2071/1628 2050/2050/1607 2054/2054/1611
f 2050/2050/1607 2071/2071/1628 2072/2072/1629
f 2071/2071/1628 2070/2070/1627 2072/2072/1629
f 2050/2050/1607 2072/2072/1629 2073/2073/1630
f 2073/2073/1630 2072/2072/1629 2070/2070/1627
f 2050/2050/1607 2073/2073/1630 2047/2047/1604
f 2074/2074/1631 2047/2047/1604 2073/2073/1630
f 2070/2070/1627 2074/2074/1631 2073/2073/1630
f 2047/2047/1604 2074/2074/1631 2052/2052/1609
f 2070/2070/1627 2066/2066/1623 2075/2075/1632
f 2075/2075/1632 2074/2074/1631 2070/2070/1627
f 2058/2058/1615 2075/2075/1632 2066/2066/1623
f 2075/2075/1632 2058/2058/1615 2056/2056/1613
f 2076/2076/1633 2052/2052/1609 2074/2074/1631
f 2074/2074/1631 2075/2075/1632 2076/2076/1633
f 2056/2056/1613 2052/2052/1609 2076/2076/1633
f 2056/2056/1613 2076/2076/1633 2075/2075/1632
f 2077/2077/1634 2078/2078/1635 2079/2079/1636
f 2080/2080/1637 2079/2079/1636 2078/2078/1635
f 2078/2078/1635 2077/2077/1634 2081/2081/1638
f 2082/2082/1639 2081/2081/1638 2077/2077/1634
f 2078/2078/1635 2083/2083/1640 2080/2080/1637
f 2084/2084/1641 2080/2080/1637 2083/2083/1640
f 2081/2081/1638 2082/2082/1639 2085/2085/1642
f 2084/2084/1641 2083/2083/1640 2086/2086/1643
f 2086/2086/1643 2087/2087/1644 2084/2084/1641
f 2085/2085/1642 2088/2088/1645 2081/2081/1638
f 2088/2088/1645 2078/2078/1635 2081/2081/1638
f 2082/2082/1639 2089/2089/1646 2085/2085/1642
f 2089/2089/1646 2082/2082/1639 2090/2090/1647
f 2088/2088/1645 2085/2085/1642 2091/2091/1648
f 2089/2089/1646 2091/2091/1648 2085/2085/1642
f 2092/2092/1649 2078/2078/1635 2088/2088/1645
f 2089/2089/1646 2090/2090/1647 2093/2093/1650
f 2093/2093/1650 2090/2090/1647 2094/2094/1651
f 2095/2095/1652 2078/2078/1635 2092/2092/1649
f 2078/2078/1635 2095/2095/1652 2083/2083/1640
f 2086/2086/1643 2083/2083/1640 2095/2095/1652
f 2088/2088/1645 2096/2096/1653 2092/2092/1649
f 2096/2096/1653 2095/2095/1652 2092/2092/1649
f 2091/2091/1648 2096/2096/1653 2088/2088/1645
f 2086/2086/1643 2095/2095/1652 2097/2097/1654
f 2096/2096/1653 2097/2097/1654 2095/2095/1652
f 2091/2091/1648 2089/2089/1646 2098/2098/1655
f 2093/2093/1650 2098/2098/1655 2089/2089/1646
f 2099/2099/1656 2091/2091/1648 2098/2098/1655
f 2098/2098/1655 2093/2093/1650 2099/2099/1656
f 2091/2091/1648 2099/2099/1656 2096/2096/1653
f 2100/2100/1657 2099/2099/1656 2093/2093/1650
f 2094/2094/1651 2100/2100/1657 2093/2093/1650
f 2100/2100/1657 2094/2094/1651 2101/2101/1658
f 2102/2102/1659 2100/2100/1657 2101/2101/1658
f 2103/2103/1660 2096/2096/1653 2099/2099/1656
f 2099/2099/1656 2100/2100/1657 2103/2103/1660
f 2104/2104/1661 2096/2096/1653 2103/2103/1660
f 2100/2100/1657 2104/2104/1661 2103/2103/1660
f 2104/2104/1661 2097/2097/1654 2096/2096/1653
f 2100/2100/1657 2102/2102/1659 2105/2105/1662
f 2100/2100/1657 2105/2105/1662 2104/2104/1661
f 2087/2087/1644 2105/2105/1662 2102/2102/1659
f 2097/2097/1654 2104/2104/1661 2106/2106/1663
f 2106/2106/1663 2104/2104/1661 2105/2105/1662
f 2107/2107/1664 2097/2097/1654 2106/2106/1663
f 2107/2107/1664 2106/2106/1663 2105/2105/1662
f 2105/2105/1662 2087/2087/1644 2107/2107/1664
f 2097/2097/1654 2107/2107/1664 2086/2086/1643
f 2087/2087/1644 2086/2086/1643 2107/2107/1664
f 2108/2108/1665 2109/2109/1666 2110/2110/1667
f 2110/2110/1667 2111/2111/1668 2108/2108/1665
f 2109/2109/1666 2108/2108/1665 2112/2112/1669
f 2112/2112/1669 2113/2113/1670 2109/2109/1666
f 2108/2108/1665 2111/2111/1668 2114/2114/1671
f 2115/2115/1672 2114/2114/1671 2111/2111/1668
f 2113/2113/1670 2112/2112/1669 2116/2116/1673
f 2114/2114/1671 2115/2115/1672 2117/2117/1674
f 2118/2118/1675 2117/2117/1674 2115/2115/1672
f 2113/2113/1670 2116/2116/1673 2119/2119/1676
f 2113/2113/1670 2119/2119/1676 2120/2120/1677
f 2121/2121/1678 2116/2116/1673 2112/2112/1669
f 2121/2121/1678 2112/2112/1669 2108/2108/1665
f 2122/2122/1679 2119/2119/1676 2116/2116/1673
f 2116/2116/1673 2121/2121/1678 2122/2122/1679
f 2119/2119/1676 2123/2123/1680 2120/2120/1677
f 2123/2123/1680 2124/2124/1681 2120/2120/1677
f 2119/2119/1676 2122/2122/1679 2125/2125/1682
f 2125/2125/1682 2123/2123/1680 2119/2119/1676
f 2122/2122/1679 2126/2126/1683 2125/2125/1682
f 2123/2123/1680 2125/2125/1682 2126/2126/1683
f 2124/2124/1681 2123/2123/1680 2127/2127/1684
f 2126/2126/1683 2127/2127/1684 2123/2123/1680
f 2127/2127/1684 2128/2128/1685 2124/2124/1681
f 2127/2127/1684 2129/2129/1686 2128/2128/1685
f 2126/2126/1683 2122/2122/1679 2130/2130/1687
f 2121/2121/1678 2130/2130/1687 2122/2122/1679
f 2127/2127/1684 2126/2126/1683 2131/2131/1688
f 2131/2131/1688 2126/2126/1683 2130/2130/1687
f 2129/2129/1686 2127/2127/1684 2132/2132/1689
f 2132/2132/1689 2118/2118/1675 2129/2129/1686
f 2133/2133/1690 2127/2127/1684 2131/2131/1688
f 2127/2127/1684 2133/2133/1690 2132/2132/1689
f 2130/2130/1687 2133/2133/1690 2131/2131/1688
f 2118/2118/1675 2132/2132/1689 2134/2134/1691
f 2118/2118/1675 2134/2134/1691 2117/2117/1674
f 2135/2135/1692 2132/2132/1689 2133/2133/1690
f 2134/2134/1691 2132/2132/1689 2135/2135/1692
f 2133/2133/1690 2136/2136/1693 2135/2135/1692
f 2134/2134/1691 2135/2135/1692 2136/2136/1693
f 2136/2136/1693 2133/2133/1690 2130/2130/1687
f 2136/2136/1693 2117/2117/1674 2134/2134/1691
f 2117/2117/1674 2136/2136/1693 2137/2137/1694
f 2130/2130/1687 2137/2137/1694 2136/2136/1693
f 2117/2117/1674 2137/2137/1694 2114/2114/1671
f 2137/2137/1694 2108/2108/1665 2114/2114/1671
f 2130/2130/1687 2138/2138/1695 2137/2137/1694
f 2108/2108/1665 2137/2137/1694 2138/2138/1695
f 2121/2121/1678 2138/2138/1695 2130/2130/1687
f 2121/2121/1678 2108/2108/1665 2138/2138/1695
usemtl Naruto_Part_Color
f 7/7/1696 8/8/1697 9/9/1698
f 10/10/1699 11/11/1700 12/12/1701
f 13/13/1702 14/14/1703 15/15/1704
f 16/16/1705 17/17/1706 18/18/1707
f 1237/1237/1708 1238/1238/1709 1239/1239/1710
f 1239/1239/1710 1240/1240/1711 1241/1241/1712
f 1242/1242/1713 1239/1239/1710 1241/1241/1712
f 1241/1241/1712 1243/1243/1714 1242/1242/1713
f 1243/1243/1714 1244/1244/1715 1242/1242/1713
f 1245/1245/1716 1243/1243/1714 1246/1246/1717
f 1244/1244/1715 1243/1243/1714 1247/1247/1718
f 1243/1243/1714 1245/1245/1716 1247/1247/1718
f 1245/1245/1716 1248/1248/1719 1247/1247/1718
f 1248/1248/1719 1244/1244/1715 1247/1247/1718
f 1249/1249/1720 1248/1248/1719 1245/1245/1716
f 1244/1244/1715 1248/1248/1719 1250/1250/1721
f 1251/1251/1722 1244/1244/1715 1250/1250/1721
f 1252/1252/1723 1248/1248/1719 1249/1249/1720
f 1253/1253/1724 1251/1251/1722 1250/1250/1721
f 1253/1253/1724 1254/1254/1725 1251/1251/1722
f 1252/1252/1723 1255/1255/1726 1237/1237/1708
f 1252/1252/1723 1237/1237/1708 1248/1248/1719
f 1256/1256/1727 1254/1254/1725 1257/1257/1728
f 1254/1254/1725 1258/1258/1729 1257/1257/1728
f 1258/1258/1729 1254/1254/1725 1253/1253/1724
f 1259/1259/1730 1258/1258/1729 1253/1253/1724
f 1253/1253/1724 1250/1250/1721 1259/1259/1730
f 1248/1248/1719 1259/1259/1730 1250/1250/1721
f 1248/1248/1719 1258/1258/1729 1259/1259/1730
f 1258/1258/1729 1248/1248/1719 1237/1237/1708
f 1257/1257/1728 1258/1258/1729 1237/1237/1708
f 1260/1260/1731 1261/1261/1732 1262/1262/1733
f 1263/1263/1734 1262/1262/1733 1261/1261/1732
f 1262/1262/1733 1263/1263/1734 1264/1264/1735
f 1263/1263/1734 1265/1265/1736 1264/1264/1735
f 1265/1265/1736 1263/1263/1734 1266/1266/1737
f 1264/1264/1735 1265/1265/1736 1267/1267/1738
f 1268/1268/1739 1265/1265/1736 1266/1266/1737
f 1265/1265/1736 1269/1269/1740 1267/1267/1738
f 1265/1265/1736 1270/1270/1741 1269/1269/1740
f 1265/1265/1736 1268/1268/1739 1270/1270/1741
f 1270/1270/1741 1271/1271/1742 1269/1269/1740
f 1270/1270/1741 1268/1268/1739 1272/1272/1743
f 1270/1270/1741 1272/1272/1743 1271/1271/1742
f 1272/1272/1743 1273/1273/1744 1271/1271/1742
f 1274/1274/1745 1275/1275/1746 1273/1273/1744
f 1276/1276/1747 1273/1273/1744 1272/1272/1743
f 1272/1272/1743 1277/1277/1748 1276/1276/1747
f 1272/1272/1743 1278/1278/1749 1277/1277/1748
f 1279/1279/1750 1273/1273/1744 1276/1276/1747
f 1277/1277/1748 1279/1279/1750 1276/1276/1747
f 1273/1273/1744 1279/1279/1750 1274/1274/1745
f 1278/1278/1749 1280/1280/1751 1277/1277/1748
f 1281/1281/1752 1274/1274/1745 1279/1279/1750
f 1274/1274/1745 1281/1281/1752 1282/1282/1753
f 1280/1280/1751 1278/1278/1749 1283/1283/1754
f 1284/1284/1755 1283/1283/1754 1278/1278/1749
f 1283/1283/1754 1284/1284/1755 1285/1285/1756
f 1284/1284/1755 1286/1286/1757 1285/1285/1756
f 1287/1287/1758 1285/1285/1756 1286/1286/1757
f 1287/1287/1758 1286/1286/1757 1288/1288/1759
f 1284/1284/1755 1278/1278/1749 1272/1272/1743
f 1284/1284/1755 1272/1272/1743 1289/1289/1760
f 1286/1286/1757 1284/1284/1755 1289/1289/1760
f 1286/1286/1757 1289/1289/1760 1290/1290/1761
f 1290/1290/1761 1288/1288/1759 1286/1286/1757
f 1288/1288/1759 1290/1290/1761 1291/1291/1762
f 1291/1291/1762 1292/1292/1763 1288/1288/1759
f 1292/1292/1763 1291/1291/1762 1293/1293/1764
f 1293/1293/1764 1294/1294/1765 1292/1292/1763
f 1294/1294/1765 1293/1293/1764 1260/1260/1731
f 1260/1260/1731 1295/1295/1766 1294/1294/1765
f 1260/1260/1731 1296/1296/1767 1295/1295/1766
f 1296/1296/1767 1297/1297/1768 1295/1295/1766
f 1298/1298/1769 1296/1296/1767 1260/1260/1731
f 1297/1297/1768 1296/1296/1767 1299/1299/1770
f 1260/1260/1731 1262/1262/1733 1298/1298/1769
f 1299/1299/1770 1300/1300/1771 1297/1297/1768
f 1298/1298/1769 1262/1262/1733 1301/1301/1772
f 1300/1300/1771 1299/1299/1770 1302/1302/1773
f 1264/1264/1735 1301/1301/1772 1262/1262/1733
f 1300/1300/1771 1302/1302/1773 1303/1303/1774
f 1303/1303/1774 1302/1302/1773 1304/1304/1775
f 1301/1301/1772 1264/1264/1735 1305/1305/1776
f 1267/1267/1738 1305/1305/1776 1264/1264/1735
f 1305/1305/1776 1267/1267/1738 1306/1306/1777
f 1267/1267/1738 1307/1307/1778 1306/1306/1777
f 1307/1307/1778 1267/1267/1738 1269/1269/1740
f 1308/1308/1779 1306/1306/1777 1307/1307/1778
f 1269/1269/1740 1309/1309/1780 1307/1307/1778
f 1307/1307/1778 1309/1309/1780 1308/1308/1779
f 1310/1310/1781 1308/1308/1779 1309/1309/1780
f 1309/1309/1780 1269/1269/1740 1271/1271/1742
f 1309/1309/1780 1311/1311/1782 1310/1310/1781
f 1271/1271/1742 1275/1275/1746 1309/1309/1780
f 1311/1311/1782 1309/1309/1780 1275/1275/1746
f 1275/1275/1746 1271/1271/1742 1273/1273/1744
f 1275/1275/1746 1312/1312/1783 1311/1311/1782
f 1312/1312/1783 1275/1275/1746 1274/1274/1745
f 1274/1274/1745 1313/1313/1784 1312/1312/1783
f 1274/1274/1745 1282/1282/1753 1313/1313/1784
f 1282/1282/1753 1314/1314/1785 1313/1313/1784
f 1314/1314/1785 1282/1282/1753 1315/1315/1786
f 1316/1316/1787 1314/1314/1785 1315/1315/1786
f 1314/1314/1785 1316/1316/1787 1317/1317/1788
f 1318/1318/1789 1317/1317/1788 1316/1316/1787
f 1319/1319/1790 1317/1317/1788 1318/1318/1789
f 1318/1318/1789 1320/1320/1791 1319/1319/1790
f 1321/1321/1792 1319/1319/1790 1320/1320/1791
f 1322/1322/1793 1321/1321/1792 1320/1320/1791
f 1321/1321/1792 1322/1322/1793 1323/1323/1794
f 1322/1322/1793 1324/1324/1795 1323/1323/1794
f 1324/1324/1795 1322/1322/1793 1325/1325/1796
f 1324/1324/1795 1325/1325/1796 1326/1326/1797
f 1325/1325/1796 1327/1327/1798 1326/1326/1797
f 1328/1328/1799 1326/1326/1797 1327/1327/1798
f 1327/1327/1798 1329/1329/1800 1328/1328/1799
f 1330/1330/1801 1328/1328/1799 1329/1329/1800
f 1327/1327/1798 1325/1325/1796 1331/1331/1802
f 1329/1329/1800 1332/1332/1803 1330/1330/1801
f 1322/1322/1793 1331/1331/1802 1325/1325/1796
f 1333/1333/1804 1330/1330/1801 1332/1332/1803
f 1331/1331/1802 1322/1322/1793 1334/1334/1805
f 1335/1335/1806 1333/1333/1804 1332/1332/1803
f 1336/1336/1807 1331/1331/1802 1337/1337/1808
f 1331/1331/1802 1336/1336/1807 1327/1327/1798
f 1333/1333/1804 1335/1335/1806 1338/1338/1809
f 1335/1335/1806 1339/1339/1810 1340/1340/1811
f 1335/1335/1806 1340/1340/1811 1338/1338/1809
f 1341/1341/1812 1338/1338/1809 1340/1340/1811
f 1338/1338/1809 1341/1341/1812 1342/1342/1813
f 1343/1343/1814 1342/1342/1813 1341/1341/1812
f 1342/1342/1813 1343/1343/1814 1344/1344/1815
f 1343/1343/1814 1303/1303/1774 1344/1344/1815
f 1303/1303/1774 1304/1304/1775 1344/1344/1815
f 1329/1329/1800 1327/1327/1798 1336/1336/1807
f 1329/1329/1800 1336/1336/1807 1345/1345/1816
f 1345/1345/1816 1332/1332/1803 1329/1329/1800
f 1332/1332/1803 1345/1345/1816 1346/1346/1817
f 1335/1335/1806 1332/1332/1803 1346/1346/1817
f 1345/1345/1816 1336/1336/1807 1347/1347/1818
f 1336/1336/1807 1348/1348/1819 1347/1347/1818
f 1348/1348/1819 1336/1336/1807 1337/1337/1808
f 1349/1349/1820 1339/1339/1810 1335/1335/1806
f 1339/1339/1810 1349/1349/1820 1350/1350/1821
f 1337/1337/1808 1351/1351/1822 1348/1348/1819
f 1352/1352/1823 1350/1350/1821 1349/1349/1820
f 1350/1350/1821 1352/1352/1823 1353/1353/1824
f 1354/1354/1825 1353/1353/1824 1352/1352/1823
f 1353/1353/1824 1354/1354/1825 1355/1355/1826
f 1356/1356/1827 1355/1355/1826 1354/1354/1825
f 1355/1355/1826 1356/1356/1827 1357/1357/1828
f 1356/1356/1827 1351/1351/1822 1357/1357/1828
f 1358/1358/1829 1357/1357/1828 1351/1351/1822
f 1331/1331/1802 1334/1334/1805 1337/1337/1808
f 1351/1351/1822 1337/1337/1808 1334/1334/1805
f 1320/1320/1791 1334/1334/1805 1322/1322/1793
f 1334/1334/1805 1320/1320/1791 1359/1359/1830
f 1359/1359/1830 1351/1351/1822 1334/1334/1805
f 1318/1318/1789 1359/1359/1830 1320/1320/1791
f 1351/1351/1822 1359/1359/1830 1360/1360/1831
f 1361/1361/1832 1359/1359/1830 1318/1318/1789
f 1359/1359/1830 1361/1361/1832 1360/1360/1831
f 1351/1351/1822 1360/1360/1831 1362/1362/1833
f 1362/1362/1833 1360/1360/1831 1361/1361/1832
f 1351/1351/1822 1362/1362/1833 1358/1358/1829
f 1318/1318/1789 1363/1363/1834 1361/1361/1832
f 1363/1363/1834 1318/1318/1789 1316/1316/1787
f 1364/1364/1835 1358/1358/1829 1362/1362/1833
f 1358/1358/1829 1364/1364/1835 1365/1365/1836
f 1365/1365/1836 1357/1357/1828 1358/1358/1829
f 1357/1357/1828 1365/1365/1836 1366/1366/1837
f 1366/1366/1837 1355/1355/1826 1357/1357/1828
f 1355/1355/1826 1366/1366/1837 1367/1367/1838
f 1353/1353/1824 1355/1355/1826 1367/1367/1838
f 1362/1362/1833 1368/1368/1839 1364/1364/1835
f 1368/1368/1839 1362/1362/1833 1361/1361/1832
f 1369/1369/1840 1364/1364/1835 1368/1368/1839
f 1368/1368/1839 1370/1370/1841 1369/1369/1840
f 1370/1370/1841 1368/1368/1839 1371/1371/1842
f 1371/1371/1842 1372/1372/1843 1370/1370/1841
f 1372/1372/1843 1371/1371/1842 1373/1373/1844
f 1374/1374/1845 1372/1372/1843 1373/1373/1844
f 1374/1374/1845 1373/1373/1844 1375/1375/1846
f 1376/1376/1847 1374/1374/1845 1375/1375/1846
f 1374/1374/1845 1376/1376/1847 1377/1377/1848
f 1378/1378/1849 1377/1377/1848 1376/1376/1847
f 1377/1377/1848 1378/1378/1849 1379/1379/1850
f 1378/1378/1849 1380/1380/1851 1379/1379/1850
f 1380/1380/1851 1381/1381/1852 1379/1379/1850
f 1381/1381/1852 1380/1380/1851 1280/1280/1751
f 1277/1277/1748 1280/1280/1751 1380/1380/1851
f 1380/1380/1851 1279/1279/1750 1277/1277/1748
f 1380/1380/1851 1382/1382/1853 1279/1279/1750
f 1383/1383/1854 1382/1382/1853 1380/1380/1851
f 1281/1281/1752 1279/1279/1750 1382/1382/1853
f 1383/1383/1854 1384/1384/1855 1382/1382/1853
f 1384/1384/1855 1281/1281/1752 1382/1382/1853
f 1383/1383/1854 1385/1385/1856 1384/1384/1855
f 1384/1384/1855 1386/1386/1857 1281/1281/1752
f 1386/1386/1857 1282/1282/1753 1281/1281/1752
f 1282/1282/1753 1386/1386/1857 1315/1315/1786
f 1386/1386/1857 1316/1316/1787 1315/1315/1786
f 1316/1316/1787 1386/1386/1857 1363/1363/1834
f 1385/1385/1856 1387/1387/1858 1384/1384/1855
f 1387/1387/1858 1386/1386/1857 1384/1384/1855
f 1387/1387/1858 1385/1385/1856 1388/1388/1859
f 1389/1389/1860 1387/1387/1858 1388/1388/1859
f 1387/1387/1858 1390/1390/1861 1386/1386/1857
f 1387/1387/1858 1389/1389/1860 1390/1390/1861
f 1390/1390/1861 1363/1363/1834 1386/1386/1857
f 1391/1391/1862 1390/1390/1861 1389/1389/1860
f 1390/1390/1861 1392/1392/1863 1363/1363/1834
f 1390/1390/1861 1391/1391/1862 1392/1392/1863
f 1361/1361/1832 1363/1363/1834 1392/1392/1863
f 1391/1391/1862 1368/1368/1839 1392/1392/1863
f 1368/1368/1839 1361/1361/1832 1392/1392/1863
f 1378/1378/1849 1383/1383/1854 1380/1380/1851
f 1378/1378/1849 1385/1385/1856 1383/1383/1854
f 1378/1378/1849 1376/1376/1847 1385/1385/1856
f 1375/1375/1846 1385/1385/1856 1376/1376/1847
f 1385/1385/1856 1375/1375/1846 1388/1388/1859
f 1375/1375/1846 1389/1389/1860 1388/1388/1859
f 1375/1375/1846 1373/1373/1844 1389/1389/1860
f 1371/1371/1842 1389/1389/1860 1373/1373/1844
f 1389/1389/1860 1371/1371/1842 1391/1391/1862
f 1371/1371/1842 1368/1368/1839 1391/1391/1862
f 1244/1244/1715 1251/1251/1722 1242/1242/1713
f 1242/1242/1713 1251/1251/1722 1393/1393/1864
f 1254/1254/1725 1393/1393/1864 1251/1251/1722
f 1393/1393/1864 1239/1239/1710 1242/1242/1713
f 1393/1393/1864 1254/1254/1725 1256/1256/1727
f 1393/1393/1864 1394/1394/1865 1239/1239/1710
f 1256/1256/1727 1394/1394/1865 1393/1393/1864
f 1394/1394/1865 1237/1237/1708 1239/1239/1710
f 1256/1256/1727 1237/1237/1708 1394/1394/1865
f 1237/1237/1708 1256/1256/1727 1257/1257/1728
f 1238/1238/1709 1240/1240/1711 1239/1239/1710
f 1255/1255/1726 1238/1238/1709 1237/1237/1708
f 1238/1238/1709 1395/1395/1866 1240/1240/1711
f 1240/1240/1711 1395/1395/1866 1241/1241/1712
f 1238/1238/1709 1255/1255/1726 1396/1396/1867
f 1395/1395/1866 1238/1238/1709 1396/1396/1867
f 1255/1255/1726 1397/1397/1868 1396/1396/1867
f 1396/1396/1867 1397/1397/1868 1395/1395/1866
f 1255/1255/1726 1252/1252/1723 1397/1397/1868
f 1395/1395/1866 1398/1398/1869 1241/1241/1712
f 1398/1398/1869 1395/1395/1866 1397/1397/1868
f 1241/1241/1712 1246/1246/1717 1243/1243/1714
f 1246/1246/1717 1241/1241/1712 1398/1398/1869
f 1252/1252/1723 1399/1399/1870 1397/1397/1868
f 1398/1398/1869 1397/1397/1868 1399/1399/1870
f 1398/1398/1869 1399/1399/1870 1246/1246/1717
f 1252/1252/1723 1249/1249/1720 1399/1399/1870
f 1245/1245/1716 1246/1246/1717 1399/1399/1870
f 1249/1249/1720 1245/1245/1716 1399/1399/1870
f 8/8/1697 7/7/1696 1400/1400/1871
f 8/8/1697 1401/1401/1872 9/9/1698
f 8/8/1697 1400/1400/1871 1401/1401/1872
f 1400/1400/1871 1402/1402/1873 1401/1401/1872
f 1402/1402/1873 1400/1400/1871 1403/1403/1874
f 1401/1401/1872 1404/1404/1875 9/9/1698
f 1404/1404/1875 1401/1401/1872 1402/1402/1873
f 1403/1403/1874 1405/1405/1876 1402/1402/1873
f 1405/1405/1876 1404/1404/1875 1402/1402/1873
f 1405/1405/1876 1403/1403/1874 1406/1406/1877
f 1404/1404/1875 1405/1405/1876 1407/1407/1878
f 1406/1406/1877 1408/1408/1879 1405/1405/1876
f 1408/1408/1879 1407/1407/1878 1405/1405/1876
f 1408/1408/1879 1406/1406/1877 1409/1409/1880
f 1407/1407/1878 1408/1408/1879 1410/1410/1881
f 1409/1409/1880 1411/1411/1882 1408/1408/1879
f 1411/1411/1882 1410/1410/1881 1408/1408/1879
f 1411/1411/1882 1409/1409/1880 1412/1412/1883
f 1413/1413/1884 1410/1410/1881 1411/1411/1882
f 1412/1412/1883 1414/1414/1885 1411/1411/1882
f 1414/1414/1885 1413/1413/1884 1411/1411/1882
f 1414/1414/1885 1412/1412/1883 1415/1415/1886
f 1413/1413/1884 1414/1414/1885 1416/1416/1887
f 1415/1415/1886 1417/1417/1888 1414/1414/1885
f 1417/1417/1888 1416/1416/1887 1414/1414/1885
f 1417/1417/1888 1415/1415/1886 1418/1418/1889
f 1419/1419/1890 1416/1416/1887 1417/1417/1888
f 1418/1418/1889 1420/1420/1891 1417/1417/1888
f 1420/1420/1891 1419/1419/1890 1417/1417/1888
f 1419/1419/1890 1420/1420/1891 1421/1421/1892
f 1420/1420/1891 1418/1418/1889 1422/1422/1893
f 1420/1420/1891 1423/1423/1894 1421/1421/1892
f 1422/1422/1893 1424/1424/1895 1420/1420/1891
f 1423/1423/1894 1420/1420/1891 1424/1424/1895
f 1424/1424/1895 1422/1422/1893 1425/1425/1896
f 1424/1424/1895 1426/1426/1897 1423/1423/1894
f 1425/1425/1896 1427/1427/1898 1424/1424/1895
f 1426/1426/1897 1424/1424/1895 1427/1427/1898
f 1427/1427/1898 1425/1425/1896 1428/1428/1899
f 1427/1427/1898 1429/1429/1900 1426/1426/1897
f 1430/1430/1901 1427/1427/1898 1428/1428/1899
f 1429/1429/1900 1427/1427/1898 1431/1431/1902
f 1427/1427/1898 1430/1430/1901 1431/1431/1902
f 1432/1432/1903 1429/1429/1900 1431/1431/1902
f 1433/1433/1904 1431/1431/1902 1430/1430/1901
f 1431/1431/1902 1434/1434/1902 1432/1432/1903
f 1434/1434/1902 1431/1431/1902 1433/1433/1904
f 1434/1434/1902 1435/1435/1903 1432/1432/1903
f 1436/1436/1904 1434/1434/1902 1433/1433/1904
f 1435/1435/1903 1434/1434/1902 1437/1437/1905
f 1434/1434/1902 1436/1436/1904 1437/1437/1905
f 1438/1438/1903 1435/1435/1903 1437/1437/1905
f 1439/1439/1904 1437/1437/1905 1436/1436/1904
f 1437/1437/1905 1440/1440/1905 1438/1438/1903
f 1440/1440/1905 1437/1437/1905 1439/1439/1904
f 1440/1440/1905 1441/1441/1906 1438/1438/1903
f 1442/1442/1901 1440/1440/1905 1439/1439/1904
f 1441/1441/1906 1440/1440/1905 1443/1443/1902
f 1440/1440/1905 1442/1442/1901 1443/1443/1902
f 1444/1444/1906 1441/1441/1906 1443/1443/1902
f 1445/1445/1904 1443/1443/1902 1442/1442/1901
f 1443/1443/1902 1446/1446/1902 1444/1444/1906
f 1446/1446/1902 1443/1443/1902 1445/1445/1904
f 1446/1446/1902 1447/1447/1906 1444/1444/1906
f 1448/1448/1907 1446/1446/1902 1445/1445/1904
f 1447/1447/1906 1446/1446/1902 1449/1449/1908
f 1446/1446/1902 1448/1448/1907 1449/1449/1908
f 1450/1450/1909 1447/1447/1906 1449/1449/1908
f 1451/1451/1910 1449/1449/1908 1448/1448/1907
f 1449/1449/1908 1452/1452/1911 1450/1450/1909
f 1452/1452/1911 1449/1449/1908 1451/1451/1910
f 11/11/1700 10/10/1699 1453/1453/1912
f 1454/1454/1913 10/10/1699 12/12/1701
f 1453/1453/1912 10/10/1699 1454/1454/1913
f 1455/1455/1914 1453/1453/1912 1454/1454/1913
f 1453/1453/1912 1455/1455/1914 1456/1456/1915
f 1457/1457/1916 1454/1454/1913 12/12/1701
f 1454/1454/1913 1457/1457/1916 1455/1455/1914
f 1458/1458/1917 1456/1456/1915 1455/1455/1914
f 1458/1458/1917 1455/1455/1914 1457/1457/1916
f 1456/1456/1915 1458/1458/1917 1459/1459/1918
f 1458/1458/1917 1457/1457/1916 1460/1460/1919
f 1461/1461/1920 1459/1459/1918 1458/1458/1917
f 1460/1460/1919 1461/1461/1920 1458/1458/1917
f 1462/1462/1921 1459/1459/1918 1461/1461/1920
f 1461/1461/1920 1460/1460/1919 1463/1463/1922
f 1464/1464/1923 1462/1462/1921 1461/1461/1920
f 1464/1464/1923 1461/1461/1920 1463/1463/1922
f 1462/1462/1921 1464/1464/1923 1465/1465/1924
f 1463/1463/1922 1466/1466/1925 1464/1464/1923
f 1467/1467/1926 1465/1465/1924 1464/1464/1923
f 1467/1467/1926 1464/1464/1923 1466/1466/1925
f 1465/1465/1924 1467/1467/1926 1468/1468/1927
f 1466/1466/1925 1469/1469/1928 1467/1467/1926
f 1470/1470/1929 1468/1468/1927 1467/1467/1926
f 1469/1469/1928 1470/1470/1929 1467/1467/1926
f 1471/1471/1930 1468/1468/1927 1470/1470/1929
f 1470/1470/1929 1469/1469/1928 1472/1472/1931
f 1473/1473/1932 1471/1471/1930 1470/1470/1929
f 1472/1472/1931 1473/1473/1932 1470/1470/1929
f 1473/1473/1932 1472/1472/1931 1474/1474/1933
f 1471/1471/1930 1473/1473/1932 1475/1475/1934
f 1476/1476/1935 1473/1473/1932 1474/1474/1933
f 1477/1477/1936 1475/1475/1934 1473/1473/1932
f 1477/1477/1936 1473/1473/1932 1476/1476/1935
f 1478/1478/1937 1475/1475/1934 1477/1477/1936
f 1479/1479/1938 1477/1477/1936 1476/1476/1935
f 1480/1480/1939 1478/1478/1937 1477/1477/1936
f 1477/1477/1936 1479/1479/1938 1480/1480/1939
f 1478/1478/1937 1480/1480/1939 1481/1481/1940
f 1482/1482/1941 1480/1480/1939 1479/1479/1938
f 1480/1480/1939 1483/1483/1942 1481/1481/1940
f 1480/1480/1939 1482/1482/1941 1484/1484/1943
f 1483/1483/1942 1480/1480/1939 1484/1484/1943
f 1485/1485/1944 1484/1484/1943 1482/1482/1941
f 1486/1486/1942 1483/1483/1942 1484/1484/1943
f 1487/1487/1943 1484/1484/1943 1485/1485/1944
f 1484/1484/1943 1487/1487/1943 1486/1486/1942
f 1488/1488/1944 1487/1487/1943 1485/1485/1944
f 1487/1487/1943 1489/1489/1945 1486/1486/1942
f 1487/1487/1943 1488/1488/1944 1490/1490/1946
f 1489/1489/1945 1487/1487/1943 1490/1490/1946
f 1491/1491/1944 1490/1490/1946 1488/1488/1944
f 1492/1492/1945 1489/1489/1945 1490/1490/1946
f 1493/1493/1946 1490/1490/1946 1491/1491/1944
f 1490/1490/1946 1493/1493/1946 1492/1492/1945
f 1494/1494/1944 1493/1493/1946 1491/1491/1944
f 1493/1493/1946 1495/1495/1945 1492/1492/1945
f 1493/1493/1946 1494/1494/1944 1496/1496/1943
f 1495/1495/1945 1493/1493/1946 1496/1496/1943
f 1497/1497/1944 1496/1496/1943 1494/1494/1944
f 1498/1498/1945 1495/1495/1945 1496/1496/1943
f 1499/1499/1943 1496/1496/1943 1497/1497/1944
f 1496/1496/1943 1499/1499/1943 1498/1498/1945
f 1500/1500/1944 1499/1499/1943 1497/1497/1944
f 1499/1499/1943 1501/1501/1945 1498/1498/1945
f 1499/1499/1943 1500/1500/1944 1502/1502/1947
f 1501/1501/1945 1499/1499/1943 1502/1502/1947
f 1503/1503/1948 1502/1502/1947 1500/1500/1944
f 1504/1504/1949 1501/1501/1945 1502/1502/1947
f 1505/1505/1950 1502/1502/1947 1503/1503/1948
f 1502/1502/1947 1505/1505/1950 1504/1504/1949
f 15/15/1704 1506/1506/1951 13/13/1702
f 15/15/1704 14/14/1703 1507/1507/1952
f 15/15/1704 1507/1507/1952 1506/1506/1951
f 1508/1508/1953 1506/1506/1951 1507/1507/1952
f 1506/1506/1951 1508/1508/1953 1509/1509/1954
f 1510/1510/1955 1507/1507/1952 14/14/1703
f 1507/1507/1952 1510/1510/1955 1508/1508/1953
f 1511/1511/1956 1509/1509/1954 1508/1508/1953
f 1511/1511/1956 1508/1508/1953 1510/1510/1955
f 1509/1509/1954 1511/1511/1956 1512/1512/1957
f 1511/1511/1956 1510/1510/1955 1513/1513/1958
f 1511/1511/1956 1514/1514/1959 1512/1512/1957
f 1513/1513/1958 1514/1514/1959 1511/1511/1956
f 1512/1512/1957 1514/1514/1959 1515/1515/1960
f 1514/1514/1959 1513/1513/1958 1516/1516/1961
f 1517/1517/1962 1515/1515/1960 1514/1514/1959
f 1516/1516/1961 1517/1517/1962 1514/1514/1959
f 1515/1515/1960 1517/1517/1962 1518/1518/1963
f 1517/1517/1962 1516/1516/1961 1519/1519/1964
f 1520/1520/1965 1518/1518/1963 1517/1517/1962
f 1519/1519/1964 1520/1520/1965 1517/1517/1962
f 1518/1518/1963 1520/1520/1965 1521/1521/1966
f 1520/1520/1965 1519/1519/1964 1522/1522/1967
f 1520/1520/1965 1523/1523/1968 1521/1521/1966
f 1523/1523/1968 1520/1520/1965 1522/1522/1967
f 1521/1521/1966 1523/1523/1968 1524/1524/1969
f 1522/1522/1967 1525/1525/1970 1523/1523/1968
f 1526/1526/1971 1524/1524/1969 1523/1523/1968
f 1525/1525/1970 1526/1526/1971 1523/1523/1968
f 1526/1526/1971 1525/1525/1970 1527/1527/1972
f 1524/1524/1969 1526/1526/1971 1528/1528/1973
f 1527/1527/1972 1529/1529/1974 1526/1526/1971
f 1526/1526/1971 1530/1530/1975 1528/1528/1973
f 1526/1526/1971 1529/1529/1974 1530/1530/1975
f 1528/1528/1973 1530/1530/1975 1531/1531/1976
f 1532/1532/1977 1530/1530/1975 1529/1529/1974
f 1533/1533/1978 1531/1531/1976 1530/1530/1975
f 1530/1530/1975 1532/1532/1977 1533/1533/1978
f 1531/1531/1976 1533/1533/1978 1534/1534/1979
f 1535/1535/1980 1533/1533/1978 1532/1532/1977
f 1533/1533/1978 1536/1536/1981 1534/1534/1979
f 1533/1533/1978 1535/1535/1980 1537/1537/1982
f 1536/1536/1981 1533/1533/1978 1537/1537/1982
f 1535/1535/1980 1538/1538/1983 1537/1537/1982
f 1537/1537/1982 1539/1539/1984 1536/1536/1981
f 1537/1537/1982 1538/1538/1983 1540/1540/1982
f 1539/1539/1984 1537/1537/1982 1540/1540/1982
f 1541/1541/1983 1540/1540/1982 1538/1538/1983
f 1540/1540/1982 1542/1542/1984 1539/1539/1984
f 1540/1540/1982 1541/1541/1983 1543/1543/1985
f 1542/1542/1984 1540/1540/1982 1543/1543/1985
f 1541/1541/1983 1544/1544/1983 1543/1543/1985
f 1543/1543/1985 1545/1545/1984 1542/1542/1984
f 1543/1543/1985 1544/1544/1983 1546/1546/1985
f 1545/1545/1984 1543/1543/1985 1546/1546/1985
f 1547/1547/1986 1546/1546/1985 1544/1544/1983
f 1546/1546/1985 1548/1548/1981 1545/1545/1984
f 1546/1546/1985 1547/1547/1986 1549/1549/1982
f 1548/1548/1981 1546/1546/1985 1549/1549/1982
f 1547/1547/1986 1550/1550/1986 1549/1549/1982
f 1549/1549/1982 1551/1551/1984 1548/1548/1981
f 1549/1549/1982 1550/1550/1986 1552/1552/1982
f 1551/1551/1984 1549/1549/1982 1552/1552/1982
f 1553/1553/1983 1552/1552/1982 1550/1550/1986
f 1552/1552/1982 1554/1554/1987 1551/1551/1984
f 1552/1552/1982 1553/1553/1983 1555/1555/1988
f 1554/1554/1987 1552/1552/1982 1555/1555/1988
f 1553/1553/1983 1556/1556/1989 1555/1555/1988
f 1555/1555/1988 1557/1557/1990 1554/1554/1987
f 1555/1555/1988 1556/1556/1989 1558/1558/1991
f 1557/1557/1990 1555/1555/1988 1558/1558/1991
f 18/18/1707 1559/1559/1992 16/16/1705
f 1560/1560/1993 17/17/1706 16/16/1705
f 1559/1559/1992 1560/1560/1993 16/16/1705
f 1559/1559/1992 1561/1561/1994 1560/1560/1993
f 1561/1561/1994 1559/1559/1992 1562/1562/1995
f 1560/1560/1993 1563/1563/1996 17/17/1706
f 1563/1563/1996 1560/1560/1993 1561/1561/1994
f 1562/1562/1995 1564/1564/1997 1561/1561/1994
f 1564/1564/1997 1563/1563/1996 1561/1561/1994
f 1564/1564/1997 1562/1562/1995 1565/1565/1998
f 1563/1563/1996 1564/1564/1997 1566/1566/1999
f 1567/1567/2000 1564/1564/1997 1565/1565/1998
f 1567/1567/2000 1566/1566/1999 1564/1564/1997
f 1565/1565/1998 1568/1568/2001 1567/1567/2000
f 1566/1566/1999 1567/1567/2000 1569/1569/2002
f 1568/1568/2001 1570/1570/2003 1567/1567/2000
f 1567/1567/2000 1570/1570/2003 1569/1569/2002
f 1570/1570/2003 1568/1568/2001 1571/1571/2004
f 1569/1569/2002 1570/1570/2003 1572/1572/2005
f 1571/1571/2004 1573/1573/2006 1570/1570/2003
f 1570/1570/2003 1573/1573/2006 1572/1572/2005
f 1573/1573/2006 1571/1571/2004 1574/1574/2007
f 1572/1572/2005 1573/1573/2006 1575/1575/2008
f 1576/1576/2009 1573/1573/2006 1574/1574/2007
f 1573/1573/2006 1576/1576/2009 1575/1575/2008
f 1574/1574/2007 1577/1577/2010 1576/1576/2009
f 1575/1575/2008 1576/1576/2009 1578/1578/2011
f 1577/1577/2010 1579/1579/2012 1576/1576/2009
f 1579/1579/2012 1578/1578/2011 1576/1576/2009
f 1578/1578/2011 1579/1579/2012 1580/1580/2013
f 1579/1579/2012 1577/1577/2010 1581/1581/2014
f 1582/1582/2015 1580/1580/2013 1579/1579/2012
f 1583/1583/2016 1579/1579/2012 1581/1581/2014
f 1579/1579/2012 1583/1583/2016 1582/1582/2015
f 1581/1581/2014 1584/1584/2017 1583/1583/2016
f 1583/1583/2016 1585/1585/2018 1582/1582/2015
f 1584/1584/2017 1586/1586/2019 1583/1583/2016
f 1585/1585/2018 1583/1583/2016 1586/1586/2019
f 1586/1586/2019 1584/1584/2017 1587/1587/2020
f 1586/1586/2019 1588/1588/2021 1585/1585/2018
f 1589/1589/2022 1586/1586/2019 1587/1587/2020
f 1588/1588/2021 1586/1586/2019 1590/1590/2023
f 1586/1586/2019 1589/1589/2022 1590/1590/2023
f 1590/1590/2023 1591/1591/2024 1588/1588/2021
f 1589/1589/2022 1592/1592/2022 1590/1590/2023
f 1591/1591/2024 1590/1590/2023 1593/1593/2023
f 1590/1590/2023 1592/1592/2022 1593/1593/2023
f 1593/1593/2023 1594/1594/2024 1591/1591/2024
f 1595/1595/2025 1593/1593/2023 1592/1592/2022
f 1594/1594/2024 1593/1593/2023 1596/1596/2026
f 1593/1593/2023 1595/1595/2025 1596/1596/2026
f 1596/1596/2026 1597/1597/2024 1594/1594/2024
f 1595/1595/2025 1598/1598/2025 1596/1596/2026
f 1597/1597/2024 1596/1596/2026 1599/1599/2026
f 1596/1596/2026 1598/1598/2025 1599/1599/2026
f 1599/1599/2026 1600/1600/2024 1597/1597/2024
f 1601/1601/2025 1599/1599/2026 1598/1598/2025
f 1600/1600/2024 1599/1599/2026 1602/1602/2023
f 1599/1599/2026 1601/1601/2025 1602/1602/2023
f 1602/1602/2023 1603/1603/2024 1600/1600/2024
f 1601/1601/2025 1604/1604/2025 1602/1602/2023
f 1603/1603/2024 1602/1602/2023 1605/1605/2023
f 1602/1602/2023 1604/1604/2025 1605/1605/2023
f 1605/1605/2023 1606/1606/2024 1603/1603/2024
f 1607/1607/2025 1605/1605/2023 1604/1604/2025
f 1606/1606/2024 1605/1605/2023 1608/1608/2027
f 1605/1605/2023 1607/1607/2025 1608/1608/2027
f 1608/1608/2027 1609/1609/2028 1606/1606/2024
f 1607/1607/2025 1610/1610/2029 1608/1608/2027
f 1609/1609/2028 1608/1608/2027 1611/1611/2030
f 1608/1608/2027 1610/1610/2029 1611/1611/2030
f 1798/1798/2031 1799/1799/2032 1800/1800/2033
f 1801/1801/2034 1799/1799/2032 1798/1798/2031
f 1798/1798/2031 1800/1800/2033 1802/1802/2035
f 1798/1798/2031 1803/1803/2036 1801/1801/2034
f 1802/1802/2035 1804/1804/2037 1798/1798/2031
f 1798/1798/2031 1805/1805/2038 1803/1803/2036
f 1804/1804/2037 1806/1806/2039 1798/1798/2031
f 1805/1805/2038 1798/1798/2031 1807/1807/2040
f 1806/1806/2039 1808/1808/2041 1798/1798/2031
f 1798/1798/2031 1809/1809/2042 1807/1807/2040
f 1808/1808/2041 1810/1810/2043 1798/1798/2031
f 1798/1798/2031 1811/1811/2044 1809/1809/2042
f 1810/1810/2043 1812/1812/2045 1798/1798/2031
f 1811/1811/2044 1798/1798/2031 1813/1813/2046
f 1812/1812/2045 1814/1814/2047 1798/1798/2031
f 1813/1813/2046 1798/1798/2031 1815/1815/2048
f 1816/1816/2049 1798/1798/2031 1814/1814/2047
f 1815/1815/2048 1798/1798/2031 1817/1817/2050
f 1816/1816/2049 1818/1818/2051 1798/1798/2031
f 1817/1817/2050 1798/1798/2031 1819/1819/2052
f 1820/1820/2053 1798/1798/2031 1818/1818/2051
f 1819/1819/2052 1798/1798/2031 1821/1821/2054
f 1820/1820/2053 1822/1822/2055 1798/1798/2031
f 1821/1821/2054 1798/1798/2031 1823/1823/2056
f 1824/1824/2057 1798/1798/2031 1822/1822/2055
f 1824/1824/2057 1823/1823/2056 1798/1798/2031
f 1825/1825/2058 1826/1826/2059 1827/1827/2060
f 1828/1828/2061 1825/1825/2058 1827/1827/2060
f 1827/1827/2060 1826/1826/2059 1829/1829/2062
f 1827/1827/2060 1830/1830/2063 1828/1828/2061
f 1829/1829/2062 1831/1831/2064 1827/1827/2060
f 1832/1832/2065 1830/1830/2063 1827/1827/2060
f 1833/1833/2066 1827/1827/2060 1831/1831/2064
f 1827/1827/2060 1834/1834/2067 1832/1832/2065
f 1827/1827/2060 1833/1833/2066 1835/1835/2068
f 1834/1834/2067 1827/1827/2060 1836/1836/2069
f 1837/1837/2070 1827/1827/2060 1835/1835/2068
f 1836/1836/2069 1827/1827/2060 1838/1838/2071
f 1839/1839/2072 1827/1827/2060 1837/1837/2070
f 1838/1838/2071 1827/1827/2060 1840/1840/2073
f 1827/1827/2060 1839/1839/2072 1841/1841/2074
f 1840/1840/2073 1827/1827/2060 1842/1842/2075
f 1827/1827/2060 1841/1841/2074 1843/1843/2076
f 1844/1844/2077 1842/1842/2075 1827/1827/2060
f 1843/1843/2076 1845/1845/2078 1827/1827/2060
f 1844/1844/2077 1827/1827/2060 1846/1846/2079
f 1845/1845/2078 1847/1847/2080 1827/1827/2060
f 1848/1848/2081 1846/1846/2079 1827/1827/2060
f 1847/1847/2080 1849/1849/2082 1827/1827/2060
f 1848/1848/2081 1827/1827/2060 1850/1850/2083
f 1849/1849/2082 1851/1851/2084 1827/1827/2060
f 1852/1852/2085 1850/1850/2083 1827/1827/2060
f 1851/1851/2084 1853/1853/2086 1827/1827/2060
f 1852/1852/2085 1827/1827/2060 1853/1853/2086
